Regiao - Sigla;Estado - Sigla;Municipio;Revenda;CNPJ da Revenda;Nome da Rua;Numero Rua;Complemento;Bairro;Cep;Produto;Data da Coleta;Valor de Venda;Valor de Compra;Unidade de Medida;Bandeira
SE;SP;SAO PAULO;AUTO POSTO 001 LTDA; 10.000.001/0001-07;AVENIDA BRASIL;2608;;CENTRO;65518-949;GASOLINA;03/07/2023;6,379;;R$/litro;IPIRANGA
SE;SP;SAO PAULO;AUTO POSTO 001 LTDA; 10.000.001/0001-07;AVENIDA BRASIL;2608;;CENTRO;65518-949;ETANOL;03/07/2023;3,218;;R$/litro;IPIRANGA
SE;SP;SAO PAULO;AUTO POSTO 002 LTDA; 10.000.002/0001-14;RUA DAS FLORES;2619;;CENTRO;44335-265;DIESEL S10;03/07/2023;6,567;6,030;R$/litro;RAIZEN
SE;SP;SAO PAULO;AUTO POSTO 002 LTDA; 10.000.002/0001-14;RUA DAS FLORES;2619;;CENTRO;44335-265;GASOLINA;03/07/2023;5,816;;R$/litro;RAIZEN
SE;SP;SAO PAULO  ;AUTO POSTO 002 LTDA;10.000.002/0001-14;RUA DAS FLORES;2619;;CENTRO;44335-265;GNV;03/07/2023;4,352;;R$ / m³;RAIZEN
SE;SP;sao paulo;AUTO POSTO 003 LTDA;10.000.003/0001-21;AVENIDA BRASIL;3880;;CENTRO;29536-658;GNV;03/07/2023;4,976;4,587;R$ / m³;BRANCA
SE;SP;SAO PAULO;AUTO POSTO 003 LTDA; 10000003000121 ;AVENIDA BRASIL;3880;;CENTRO;29536-658;GASOLINA ADITIVADA;03/07/2023;5,886;;R$/litro;BRANCA
SE;SP;SAO PAULO;AUTO POSTO 003 LTDA;10.000.003/0001-21;AVENIDA BRASIL;3880;;CENTRO;29536-658;DIESEL S10;03/07/2023;6,488;5,497;R$/litro;BRANCA
SE;SP;SAO PAULO;AUTO POSTO 004 LTDA;10.000.004/0001-28;RUA DAS FLORES;181;;CENTRO;50404-473;GASOLINA ADITIVADA;03/07/2023;5,553;;R$/litro;BRANCA
SE;SP;SAO PAULO;AUTO POSTO 004 LTDA;10.000.004/0001-28;RUA DAS FLORES;181;;CENTRO;50404-473;GNV;03/07/2023;4,488;4,117;R$ / m³;BRANCA
SE;SP;GUARULHOS;AUTO POSTO 005 LTDA;10.000.005/0001-35;AVENIDA BRASIL;1458;;CENTRO;83385-995;GASOLINA ADITIVADA;03/07/2023;6,018;;R$/litro;RAIZEN
SE;SP;GUARULHOS;AUTO POSTO 005 LTDA;10.000.005/0001-35;AVENIDA BRASIL;1458;;CENTRO;83385-995;GNV;03/07/2023;4,271;3,706;R$ / m³;RAIZEN
SE;SP;GUARULHOS;AUTO POSTO 005 LTDA; 10.000.005/0001-35;AVENIDA BRASIL;1458;;CENTRO;83385-995;GASOLINA;03/07/2023;5,783;;R$/litro;RAIZEN
SE;SP;GUARULHOS;AUTO POSTO 006 LTDA; 10.000.006/0001-42;RUA DAS FLORES;3620;;CENTRO;64040-125;ETANOL;03/07/2023;3,851;;R$/litro;VIBRA
SE;SP;GUARULHOS;AUTO POSTO 007 LTDA; 10.000.007/0001-49;RUA DAS FLORES;1102;;CENTRO;30866-906;GASOLINA;03/07/2023;5,328;4,799;R$/litro;BRANCA
SE;SP;GUARULHOS;AUTO POSTO 007 LTDA;10.000.007/0001-49;RUA DAS FLORES;1102;;CENTRO;30866-906;DIESEL S10;03/07/2023;6,900;;R$/litro;BRANCA
SE;SP;GUARULHOS  ;AUTO POSTO 007 LTDA; 10.000.007/0001-49;RUA DAS FLORES;1102;;CENTRO;30866-906;GNV;03/07/2023;4,381;;R$ / m³;BRANCA
SE;SP;GUARULHOS;AUTO POSTO 008 LTDA;10.000.008/0001-56;RUA DAS FLORES;3354;;CENTRO;70332-458;GASOLINA ADITIVADA;03/07/2023;6,067;;R$/litro;IPIRANGA
SE;SP;GUARULHOS;AUTO POSTO 008 LTDA;10.000.008/0001-56;RUA DAS FLORES;3354;;CENTRO;70332-458;GASOLINA;03/07/2023;5,663;;R$/litro;IPIRANGA
SE;SP;CAMPINAS;AUTO POSTO 009 LTDA;10.000.009/0001-63;RUA DAS FLORES;1642;;CENTRO;53025-385;ETANOL;03/07/2023;3,791;3,295;R$/litro;BRANCA
SE;SP;CAMPINAS;AUTO POSTO 009 LTDA;10.000.009/0001-63;RUA DAS FLORES;1642;;CENTRO;53025-385;DIESEL S10;03/07/2023;6,523;;R$/litro;BRANCA
SE;SP;CAMPINAS;AUTO POSTO 009 LTDA; 10.000.009/0001-63;RUA DAS FLORES;1642;;CENTRO;53025-385;GNV;03/07/2023;4,823;;R$ / m³;BRANCA
SE;SP;CAMPINAS  ;AUTO POSTO 010 LTDA; 10.000.010/0001-70;RODOVIA BR 116;1366;;CENTRO;13617-218;GNV;03/07/2023;5,081;;R$ / m³;IPIRANGA
SE;SP;CAMPINAS;AUTO POSTO 011 LTDA;10.000.011/0001-77;AVENIDA BRASIL;454;;CENTRO;88193-544;ETANOL;03/07/2023;3,604;3,160;R$/litro;IPIRANGA
SE;SP;CAMPINAS;AUTO POSTO 011 LTDA;10.000.011/0001-77;AVENIDA BRASIL;454;;CENTRO;88193-544;DIESEL S10;03/07/2023;6,308;5,771;R$/litro;IPIRANGA
SE;SP;CAMPINAS;AUTO POSTO 011 LTDA; 10.000.011/0001-77;AVENIDA BRASIL;454;;CENTRO;88193-544;GNV;03/07/2023;4,615;;R$ / m³;IPIRANGA
SE;SP;CAMPINAS;AUTO POSTO 012 LTDA;10.000.012/0001-84;RODOVIA BR 116;483;;CENTRO;60488-690;GASOLINA;03/07/2023;5,722;;R$/litro;VIBRA
SE;SP;CAMPINAS;AUTO POSTO 012 LTDA;10.000.012/0001-84;RODOVIA BR 116;483;;CENTRO;60488-690;DIESEL S10;03/07/2023;6,104;;R$/litro;VIBRA
SE;SP;CAMPINAS;AUTO POSTO 012 LTDA; 10.000.012/0001-84;RODOVIA BR 116;483;;CENTRO;60488-690;GNV;03/07/2023;5,021;4,353;R$ / m³;VIBRA
SE;RJ;RIO DE JANEIRO;AUTO POSTO 013 LTDA; 10000013000191 ;RODOVIA BR 116;3801;;CENTRO;80575-803;DIESEL S10;03/07/2023;6,752;;R$/litro;VIBRA
SE;RJ;RIO DE JANEIRO;AUTO POSTO 013 LTDA; 10000013000191 ;RODOVIA BR 116;3801;;CENTRO;80575-803;GASOLINA;03/07/2023;5,801;4,971;R$/litro;VIBRA
SE;RJ;RIO DE JANEIRO;AUTO POSTO 013 LTDA;10.000.013/0001-91;RODOVIA BR 116;3801;;CENTRO;80575-803;ETANOL;03/07/2023;4,313;;R$/litro;VIBRA
SE;RJ;RIO DE JANEIRO;AUTO POSTO 014 LTDA; 10000014000198 ;AVENIDA PAULISTA;2562;;CENTRO;51145-779;ETANOL;03/07/2023;3,702;;R$/litro;BRANCA
SE;RJ;RIO DE JANEIRO;AUTO POSTO 014 LTDA; 10000014000198 ;AVENIDA PAULISTA;2562;;CENTRO;51145-779;GNV;03/07/2023;5,165;4,787;R$ / m³;BRANCA
SE;RJ;RIO DE JANEIRO;AUTO POSTO 014 LTDA; 10000014000198 ;AVENIDA PAULISTA;2562;;CENTRO;51145-779;DIESEL S10;03/07/2023;5,910;;R$/litro;BRANCA
SE;RJ;RIO DE JANEIRO;AUTO POSTO 015 LTDA;10.000.015/0001-05;RUA QUINZE DE NOVEMBRO;1346;;CENTRO;62743-813;GNV;03/07/2023;4,275;;R$ / m³;IPIRANGA
SE;RJ;RIO DE JANEIRO;AUTO POSTO 015 LTDA; 10000015000105 ;RUA QUINZE DE NOVEMBRO;1346;;CENTRO;62743-813;DIESEL S10;03/07/2023;6,515;;R$/litro;IPIRANGA
SE;RJ;RIO DE JANEIRO;AUTO POSTO 016 LTDA; 10000016000112 ;RUA QUINZE DE NOVEMBRO;2784;;CENTRO;32810-730;DIESEL S10;03/07/2023;6,850;;R$/litro;ALESAT
SE;RJ;RIO DE JANEIRO;AUTO POSTO 016 LTDA;10.000.016/0001-12;RUA QUINZE DE NOVEMBRO;2784;;CENTRO;32810-730;GASOLINA;03/07/2023;5,979;5,391;R$/litro;ALESAT
SE;RJ;RIO DE JANEIRO;AUTO POSTO 016 LTDA;10.000.016/0001-12;RUA QUINZE DE NOVEMBRO;2784;;CENTRO;32810-730;GASOLINA ADITIVADA;03/07/2023;6,027;5,406;R$/litro;ALESAT
SE;MG;BELO HORIZONTE;AUTO POSTO 017 LTDA; 10.000.017/0001-19;AVENIDA PAULISTA;870;;CENTRO;66346-904;ETANOL;03/07/2023;4,374;3,988;R$/litro;ALESAT
SE;MG;BELO HORIZONTE;AUTO POSTO 017 LTDA;10.000.017/0001-19;AVENIDA PAULISTA;870;;CENTRO;66346-904;DIESEL S10;03/07/2023;6,069;;R$/litro;ALESAT
SE;MG;BELO HORIZONTE;AUTO POSTO 017 LTDA;10.000.017/0001-19;AVENIDA PAULISTA;870;;CENTRO;66346-904;GASOLINA ADITIVADA;03/07/2023;5,637;;R$/litro;ALESAT
SE;MG;BELO HORIZONTE;AUTO POSTO 018 LTDA;10.000.018/0001-26;RUA QUINZE DE NOVEMBRO;2777;;CENTRO;38010-623;GASOLINA ADITIVADA;03/07/2023;5,805;;R$/litro;RAIZEN
SE;MG;BELO HORIZONTE;AUTO POSTO 018 LTDA; 10000018000126 ;RUA QUINZE DE NOVEMBRO;2777;;CENTRO;38010-623;GASOLINA;03/07/2023;6,291;;R$/litro;RAIZEN
SE;MG;BELO HORIZONTE;AUTO POSTO 018 LTDA; 10.000.018/0001-26;RUA QUINZE DE NOVEMBRO;2777;;CENTRO;38010-623;GNV;03/07/2023;5,188;4,807;R$ / m³;RAIZEN
SE;MG;BELO HORIZONTE;AUTO POSTO 019 LTDA; 10.000.019/0001-33;RODOVIA BR 116;2729;;CENTRO;53933-195;ETANOL;03/07/2023;3,459;3,056;R$/litro;VIBRA
SE;MG;BELO HORIZONTE;AUTO POSTO 019 LTDA; 10.000.019/0001-33;RODOVIA BR 116;2729;;CENTRO;53933-195;GASOLINA ADITIVADA;03/07/2023;6,642;6,164;R$/litro;VIBRA
SE;MG;BELO HORIZONTE;AUTO POSTO 019 LTDA;10.000.019/0001-33;RODOVIA BR 116;2729;;CENTRO;53933-195;GASOLINA;03/07/2023;6,302;;R$/litro;VIBRA
SE;MG;BELO HORIZONTE;AUTO POSTO 020 LTDA;10.000.020/0001-40;RUA DAS FLORES;110;;CENTRO;16057-350;GASOLINA;03/07/2023;5,968;5,355;R$/litro;RAIZEN
SE;MG;BELO HORIZONTE;AUTO POSTO 020 LTDA;10.000.020/0001-40;RUA DAS FLORES;110;;CENTRO;16057-350;DIESEL S10;03/07/2023;6,491;;R$/litro;RAIZEN
SE;MG;BELO HORIZONTE;AUTO POSTO 020 LTDA; 10000020000140 ;RUA DAS FLORES;110;;CENTRO;16057-350;GASOLINA ADITIVADA;03/07/2023;5,587;4,759;R$/litro;RAIZEN
SE;MG;UBERLANDIA;AUTO POSTO 021 LTDA; 10000021000147 ;RODOVIA BR 116;806;;CENTRO;60328-606;GASOLINA ADITIVADA;03/07/2023;5,743;5,103;R$ / litro;RAIZEN
SE;MG;UBERLANDIA;AUTO POSTO 021 LTDA; 10.000.021/0001-47;RODOVIA BR 116;806;;CENTRO;60328-606;GASOLINA;03/07/2023;6,214;5,681;R$ / litro;RAIZEN
SE;MG;UBERLANDIA;AUTO POSTO 022 LTDA; 10.000.022/0001-54;AVENIDA BRASIL;3198;;CENTRO;65724-324;GNV;03/07/2023;5,004;;R$ / m³;VIBRA
SE;MG;UBERLANDIA;AUTO POSTO 022 LTDA; 10000022000154 ;AVENIDA BRASIL;3198;;CENTRO;65724-324;GASOLINA;03/07/2023;6,364;;R$ / litro;VIBRA
SE;MG;UBERLANDIA;AUTO POSTO 023 LTDA;10.000.023/0001-61;RODOVIA BR 116;1030;;CENTRO;25906-567;GNV;03/07/2023;4,464;3,898;R$ / m³;VIBRA
SE;MG;UBERLANDIA;AUTO POSTO 023 LTDA; 10000023000161 ;RODOVIA BR 116;1030;;CENTRO;25906-567;ETANOL;03/07/2023;4,269;;R$ / litro;VIBRA
SE;MG;UBERLANDIA;AUTO POSTO 023 LTDA;10.000.023/0001-61;RODOVIA BR 116;1030;;CENTRO;25906-567;GASOLINA ADITIVADA;03/07/2023;6,232;;R$ / litro;VIBRA
SE;MG;UBERLANDIA;AUTO POSTO 024 LTDA;10.000.024/0001-68;RODOVIA BR 116;3348;;CENTRO;76162-536;GASOLINA ADITIVADA;03/07/2023;6,249;;R$ / litro;ALESAT
SE;MG;UBERLANDIA;AUTO POSTO 024 LTDA;10.000.024/0001-68;RODOVIA BR 116;3348;;CENTRO;76162-536;DIESEL S10;03/07/2023;5,954;;R$ / litro;ALESAT
SE;MG;UBERLANDIA;AUTO POSTO 024 LTDA;10.000.024/0001-68;RODOVIA BR 116;3348;;CENTRO;76162-536;GNV;03/07/2023;4,435;;R$ / m³;ALESAT
S;RS;PORTO ALEGRE;AUTO POSTO 025 LTDA; 10000025000175 ;AVENIDA PAULISTA;3089;;CENTRO;42406-960;DIESEL S10;03/07/2023;6,446;;R$ / litro;IPIRANGA
S;RS;PORTO ALEGRE;AUTO POSTO 025 LTDA; 10000025000175 ;AVENIDA PAULISTA;3089;;CENTRO;42406-960;GASOLINA ADITIVADA;03/07/2023;6,227;;R$ / litro;IPIRANGA
S;RS;PORTO ALEGRE;AUTO POSTO 025 LTDA;10.000.025/0001-75;AVENIDA PAULISTA;3089;;CENTRO;42406-960;GNV;03/07/2023;4,643;;R$ / m³;IPIRANGA
S;RS;PORTO ALEGRE;AUTO POSTO 026 LTDA; 10.000.026/0001-82;RUA QUINZE DE NOVEMBRO;327;;CENTRO;47450-340;ETANOL;03/07/2023;3,908;;R$ / litro;IPIRANGA
S;RS;PORTO ALEGRE;AUTO POSTO 026 LTDA;10.000.026/0001-82;RUA QUINZE DE NOVEMBRO;327;;CENTRO;47450-340;GASOLINA;03/07/2023;6,365;;R$ / litro;IPIRANGA
S;RS;porto alegre;AUTO POSTO 026 LTDA;10.000.026/0001-82;RUA QUINZE DE NOVEMBRO;327;;CENTRO;47450-340;DIESEL S10;03/07/2023;5,856;5,440;R$ / litro;IPIRANGA
S;RS;PORTO ALEGRE;AUTO POSTO 027 LTDA;10.000.027/0001-89;RUA DAS FLORES;957;;CENTRO;60205-810;GASOLINA ADITIVADA;03/07/2023;6,195;;R$ / litro;VIBRA
S;RS;PORTO ALEGRE;AUTO POSTO 027 LTDA;10.000.027/0001-89;RUA DAS FLORES;957;;CENTRO;60205-810;GASOLINA;03/07/2023;5,605;;R$ / litro;VIBRA
S;RS;PORTO ALEGRE;AUTO POSTO 027 LTDA;10.000.027/0001-89;RUA DAS FLORES;957;;CENTRO;60205-810;GNV;03/07/2023;4,310;;R$ / m³;VIBRA
S;RS;PORTO ALEGRE;AUTO POSTO 028 LTDA;10.000.028/0001-96;RUA QUINZE DE NOVEMBRO;1365;;CENTRO;81121-577;GASOLINA ADITIVADA;03/07/2023;6,198;5,354;R$ / litro;RAIZEN
S;RS;PORTO ALEGRE;AUTO POSTO 028 LTDA;10.000.028/0001-96;RUA QUINZE DE NOVEMBRO;1365;;CENTRO;81121-577;DIESEL S10;03/07/2023;6,620;;R$ / litro;RAIZEN
S;RS;CAXIAS DO SUL;AUTO POSTO 029 LTDA;10.000.029/0001-03;RUA QUINZE DE NOVEMBRO;3716;;CENTRO;86556-812;DIESEL S10;03/07/2023;6,297;5,638;R$ / litro;BRANCA
S;RS;CAXIAS DO SUL;AUTO POSTO 029 LTDA; 10.000.029/0001-03;RUA QUINZE DE NOVEMBRO;3716;;CENTRO;86556-812;GNV;03/07/2023;4,658;;R$ / m³;BRANCA
S;RS;CAXIAS DO SUL;AUTO POSTO 030 LTDA;10.000.030/0001-10;AVENIDA PAULISTA;1233;;CENTRO;61116-973;GNV;03/07/2023;4,690;;R$ / m³;RAIZEN
S;RS;CAXIAS DO SUL  ;AUTO POSTO 031 LTDA; 10.000.031/0001-17;RUA DAS FLORES;1127;;CENTRO;67125-597;ETANOL;03/07/2023;3,695;;R$ / litro;BRANCA
S;RS;CAXIAS DO SUL;AUTO POSTO 031 LTDA; 10000031000117 ;RUA DAS FLORES;1127;;CENTRO;67125-597;DIESEL S10;03/07/2023;5,909;;R$ / litro;BRANCA
S;RS;CAXIAS DO SUL;AUTO POSTO 031 LTDA;10.000.031/0001-17;RUA DAS FLORES;1127;;CENTRO;67125-597;GNV;03/07/2023;4,630;;R$ / m³;BRANCA
S;RS;CAXIAS DO SUL;AUTO POSTO 032 LTDA; 10000032000124 ;RUA DAS FLORES;3452;;CENTRO;71261-230;GASOLINA;03/07/2023;5,758;5,058;R$ / litro;ALESAT
S;RS;CAXIAS DO SUL;AUTO POSTO 032 LTDA;10.000.032/0001-24;RUA DAS FLORES;3452;;CENTRO;71261-230;DIESEL S10;03/07/2023;6,556;;R$ / litro;ALESAT
NE;BA;SALVADOR;AUTO POSTO 033 LTDA; 10.000.033/0001-31;RODOVIA BR 116;2725;;CENTRO;13552-185;GASOLINA ADITIVADA;03/07/2023;6,443;;R$ / litro;RAIZEN
NE;BA;SALVADOR;AUTO POSTO 034 LTDA; 10.000.034/0001-38;AVENIDA BRASIL;1075;;CENTRO;59689-435;ETANOL;03/07/2023;4,071;;R$ / litro;VIBRA
NE;BA;SALVADOR;AUTO POSTO 034 LTDA; 10000034000138 ;AVENIDA BRASIL;1075;;CENTRO;59689-435;GNV;03/07/2023;5,068;;R$ / m³;VIBRA
NE;BA;SALVADOR;AUTO POSTO 034 LTDA; 10.000.034/0001-38;AVENIDA BRASIL;1075;;CENTRO;59689-435;GASOLINA ADITIVADA;03/07/2023;5,664;;R$ / litro;VIBRA
NE;BA;SALVADOR;AUTO POSTO 035 LTDA;10.000.035/0001-45;AVENIDA PAULISTA;3090;;CENTRO;65255-358;GASOLINA;03/07/2023;5,685;;R$ / litro;BRANCA
NE;BA;SALVADOR;AUTO POSTO 035 LTDA;10.000.035/0001-45;AVENIDA PAULISTA;3090;;CENTRO;65255-358;GNV;03/07/2023;5,007;;R$ / m³;BRANCA
NE;BA;SALVADOR;AUTO POSTO 035 LTDA;10.000.035/0001-45;AVENIDA PAULISTA;3090;;CENTRO;65255-358;GASOLINA ADITIVADA;03/07/2023;6,220;;R$ / litro;BRANCA
NE;BA;SALVADOR;AUTO POSTO 036 LTDA;10.000.036/0001-52;RUA DAS FLORES;2672;;CENTRO;18993-899;GASOLINA ADITIVADA;03/07/2023;5,750;6,210;R$ / litro;BRANCA
NE;BA;FEIRA DE SANTANA;AUTO POSTO 037 LTDA;10.000.037/0001-59;AVENIDA BRASIL;2554;;CENTRO;29973-344;GASOLINA;03/07/2023;6,121;5,373;R$ / litro;VIBRA
NE;BA;FEIRA DE SANTANA;AUTO POSTO 037 LTDA; 10.000.037/0001-59;AVENIDA BRASIL;2554;;CENTRO;29973-344;GASOLINA ADITIVADA;03/07/2023;6,405;;R$ / litro;VIBRA
NE;BA;FEIRA DE SANTANA;AUTO POSTO 038 LTDA;10.000.038/0001-66;AVENIDA PAULISTA;3151;;CENTRO;58351-271;GASOLINA ADITIVADA;03/07/2023;5,849;;R$ / litro;ALESAT
NE;BA;FEIRA DE SANTANA;AUTO POSTO 038 LTDA; 10.000.038/0001-66;AVENIDA PAULISTA;3151;;CENTRO;58351-271;DIESEL S10;03/07/2023;6,037;;R$ / litro;ALESAT
NE;BA;FEIRA DE SANTANA;AUTO POSTO 039 LTDA; 10000039000173 ;AVENIDA BRASIL;2380;;CENTRO;13365-419;DIESEL S10;03/07/2023;6,380;5,486;R$ / litro;ALESAT
NE;BA;FEIRA DE SANTANA  ;AUTO POSTO 039 LTDA; 10.000.039/0001-73;AVENIDA BRASIL;2380;;CENTRO;13365-419;GNV;03/07/2023;4,489;3,972;R$ / m³;ALESAT
NE;BA;FEIRA DE SANTANA;AUTO POSTO 039 LTDA;10.000.039/0001-73;AVENIDA BRASIL;2380;;CENTRO;13365-419;ETANOL;03/07/2023;3,850;;R$ / litro;ALESAT
NE;BA;FEIRA DE SANTANA  ;AUTO POSTO 040 LTDA;10.000.040/0001-80;RUA DAS FLORES;321;;CENTRO;87607-807;ETANOL;03/07/2023;4,321;;R$ / litro;VIBRA
NE;BA;FEIRA DE SANTANA;AUTO POSTO 040 LTDA; 10000040000180 ;RUA DAS FLORES;321;;CENTRO;87607-807;GASOLINA;03/07/2023;5,618;;R$ / litro;VIBRA
N;AM;MANAUS;AUTO POSTO 041 LTDA; 10000041000187 ;RODOVIA BR 116;3215;;CENTRO;15383-455;ETANOL;03/07/2023;4,282;;R$ / litro;ALESAT
N;AM;MANAUS;AUTO POSTO 041 LTDA; 10000041000187 ;RODOVIA BR 116;3215;;CENTRO;15383-455;GNV;03/07/2023;4,724;4,100;R$ / m³;ALESAT
N;AM;MANAUS;AUTO POSTO 042 LTDA;10.000.042/0001-94;AVENIDA PAULISTA;61;;CENTRO;65057-942;DIESEL S10;03/07/2023;5,884;;R$ / litro;RAIZEN
N;AM;MANAUS;AUTO POSTO 042 LTDA; 10.000.042/0001-94;AVENIDA PAULISTA;61;;CENTRO;65057-942;ETANOL;03/07/2023;3,656;;R$ / litro;RAIZEN
N;AM;MANAUS;AUTO POSTO 043 LTDA;10.000.043/0001-01;RUA QUINZE DE NOVEMBRO;2907;;CENTRO;30052-545;GNV;03/07/2023;4,346;3,886;R$ / m³;VIBRA
N;AM;MANAUS;AUTO POSTO 043 LTDA;10.000.043/0001-01;RUA QUINZE DE NOVEMBRO;2907;;CENTRO;30052-545;ETANOL;03/07/2023;4,437;;R$ / litro;VIBRA
N;AM;MANAUS;AUTO POSTO 043 LTDA; 10000043000101 ;RUA QUINZE DE NOVEMBRO;2907;;CENTRO;30052-545;DIESEL S10;03/07/2023;6,549;;R$ / litro;VIBRA
N;AM;MANAUS;AUTO POSTO 044 LTDA; 10.000.044/0001-08;RODOVIA BR 116;3182;;CENTRO;73372-576;GNV;03/07/2023;5,064;;R$ / m³;RAIZEN
N;AM;MANAUS  ;AUTO POSTO 044 LTDA;10.000.044/0001-08;RODOVIA BR 116;3182;;CENTRO;73372-576;ETANOL;03/07/2023;3,658;3,225;R$ / litro;RAIZEN
SE;SP;SÃO JOSÉ DOS CAMPOS;AUTO POSTO 045 LTDA;10.000.045/0001-15;RUA DAS FLORES;3412;;CENTRO;21359-385;DIESEL S10;03/07/2023;6,477;;R$ / litro;RAIZEN
SE;SP;SÃO JOSÉ DOS CAMPOS;AUTO POSTO 045 LTDA;10.000.045/0001-15;RUA DAS FLORES;3412;;CENTRO;21359-385;GNV;03/07/2023;4,650;;R$ / m³;RAIZEN
SE;SP;SÃO JOSÉ DOS CAMPOS;AUTO POSTO 046 LTDA; 10000046000122 ;AVENIDA PAULISTA;127;;CENTRO;74789-971;DIESEL S10;03/07/2023;6,352;;R$ / litro;IPIRANGA
SE;SP;SÃO JOSÉ DOS CAMPOS;AUTO POSTO 046 LTDA; 10.000.046/0001-22;AVENIDA PAULISTA;127;;CENTRO;74789-971;GASOLINA ADITIVADA;03/07/2023;6,631;5,956;R$ / litro;IPIRANGA
SE;SP;SÃO JOSÉ DOS CAMPOS;AUTO POSTO 047 LTDA;10.000.047/0001-29;AVENIDA PAULISTA;3277;;CENTRO;43862-448;GASOLINA;03/07/2023;5,700;;R$ / litro;IPIRANGA
SE;SP;SÃO JOSÉ DOS CAMPOS;AUTO POSTO 047 LTDA;10.000.047/0001-29;AVENIDA PAULISTA;3277;;CENTRO;43862-448;GNV;03/07/2023;4,989;;R$ / m³;IPIRANGA
SE;SP;SÃO JOSÉ DOS CAMPOS;AUTO POSTO 048 LTDA;10.000.048/0001-36;RUA DAS FLORES;360;;CENTRO;41635-837;ETANOL;03/07/2023;3,633;;R$ / litro;RAIZEN
SE;RJ;NITERÓI;AUTO POSTO 049 LTDA; 10000049000143 ;RUA QUINZE DE NOVEMBRO;2655;;CENTRO;74332-558;ETANOL;03/07/2023;3,368;;R$ / litro;BRANCA
SE;RJ;NITERÓI;AUTO POSTO 050 LTDA; 10.000.050/0001-50;RUA QUINZE DE NOVEMBRO;2843;;CENTRO;41890-413;DIESEL S10;03/07/2023;6,695;;R$ / litro;ALESAT
SE;RJ;NITERÓI;AUTO POSTO 050 LTDA;10.000.050/0001-50;RUA QUINZE DE NOVEMBRO;2843;;CENTRO;41890-413;ETANOL;03/07/2023;4,040;;R$ / litro;ALESAT
SE;RJ;NITERÓI;AUTO POSTO 050 LTDA;10.000.050/0001-50;RUA QUINZE DE NOVEMBRO;2843;;CENTRO;41890-413;GASOLINA ADITIVADA;03/07/2023;6,596;5,995;R$ / litro;ALESAT
SE;RJ;NITERÓI;AUTO POSTO 051 LTDA;10.000.051/0001-57;RODOVIA BR 116;1364;;CENTRO;56112-819;ETANOL;03/07/2023;3,300;;R$ / litro;RAIZEN
SE;RJ;NITERÓI;AUTO POSTO 051 LTDA;10.000.051/0001-57;RODOVIA BR 116;1364;;CENTRO;56112-819;GNV;03/07/2023;4,862;;R$ / m³;RAIZEN
SE;RJ;NITERÓI;AUTO POSTO 051 LTDA;10.000.051/0001-57;RODOVIA BR 116;1364;;CENTRO;56112-819;GASOLINA;03/07/2023;5,478;;R$ / litro;RAIZEN
SE;RJ;NITERÓI;AUTO POSTO 052 LTDA;10.000.052/0001-64;AVENIDA BRASIL;2964;;CENTRO;35242-423;GNV;03/07/2023;4,921;4,295;R$ / m³;BRANCA
SE;RJ;NITERÓI;AUTO POSTO 052 LTDA; 10.000.052/0001-64;AVENIDA BRASIL;2964;;CENTRO;35242-423;GASOLINA ADITIVADA;03/07/2023;6,378;;R$ / litro;BRANCA
SE;RJ;NITERÓI;AUTO POSTO 052 LTDA; 10000052000164 ;AVENIDA BRASIL;2964;;CENTRO;35242-423;GASOLINA;03/07/2023;6,294;5,671;R$ / litro;BRANCA
SE;SP;SAO PAULO;AUTO POSTO 001 LTDA; 10.000.001/0001-07;AVENIDA BRASIL;2608;;CENTRO;65518-949;GASOLINA;17/07/2023;6,156;;R$ / litro;IPIRANGA
SE;SP;SAO PAULO;AUTO POSTO 001 LTDA;10.000.001/0001-07;AVENIDA BRASIL;2608;;CENTRO;65518-949;ETANOL;17/07/2023;4,242;3,659;R$ / litro;IPIRANGA
SE;SP;SAO PAULO;AUTO POSTO 002 LTDA;10.000.002/0001-14;RUA DAS FLORES;2619;;CENTRO;44335-265;DIESEL S10;17/07/2023;6,583;;R$ / litro;RAIZEN
SE;SP;sao paulo;AUTO POSTO 002 LTDA;10.000.002/0001-14;RUA DAS FLORES;2619;;CENTRO;44335-265;GASOLINA;17/07/2023;6,214;5,729;R$ / litro;RAIZEN
SE;SP;SAO PAULO;AUTO POSTO 002 LTDA;10.000.002/0001-14;RUA DAS FLORES;2619;;CENTRO;44335-265;GNV;17/07/2023;4,615;4,032;R$ / m³;RAIZEN
SE;SP;sao paulo;AUTO POSTO 003 LTDA; 10.000.003/0001-21;AVENIDA BRASIL;3880;;CENTRO;29536-658;GNV;17/07/2023;4,991;4,321;R$ / m³;BRANCA
SE;SP;SAO PAULO;AUTO POSTO 003 LTDA;10.000.003/0001-21;AVENIDA BRASIL;3880;;CENTRO;29536-658;GASOLINA ADITIVADA;17/07/2023;6,385;;R$ / litro;BRANCA
SE;SP;SAO PAULO;AUTO POSTO 003 LTDA;10.000.003/0001-21;AVENIDA BRASIL;3880;;CENTRO;29536-658;DIESEL S10;17/07/2023;6,082;;R$ / litro;BRANCA
SE;SP;SAO PAULO;AUTO POSTO 004 LTDA; 10000004000128 ;RUA DAS FLORES;181;;CENTRO;50404-473;GASOLINA ADITIVADA;17/07/2023;5,672;4,918;R$ / litro;BRANCA
SE;SP;SAO PAULO;AUTO POSTO 004 LTDA; 10000004000128 ;RUA DAS FLORES;181;;CENTRO;50404-473;ETANOL;17/07/2023;3,282;;R$ / litro;BRANCA
SE;SP;GUARULHOS;AUTO POSTO 005 LTDA;10.000.005/0001-35;AVENIDA BRASIL;1458;;CENTRO;83385-995;GASOLINA ADITIVADA;17/07/2023;6,340;5,326;R$ / litro;RAIZEN
SE;SP;GUARULHOS;AUTO POSTO 005 LTDA;10.000.005/0001-35;AVENIDA BRASIL;1458;;CENTRO;83385-995;GNV;17/07/2023;4,864;4,512;R$ / m³;RAIZEN
SE;SP;GUARULHOS;AUTO POSTO 006 LTDA;10.000.006/0001-42;RUA DAS FLORES;3620;;CENTRO;64040-125;ETANOL;17/07/2023;3,708;;R$ / litro;VIBRA
SE;SP;GUARULHOS;AUTO POSTO 006 LTDA; 10.000.006/0001-42;RUA DAS FLORES;3620;;CENTRO;64040-125;DIESEL S10;17/07/2023;6,622;5,603;R$ / litro;VIBRA
SE;SP;GUARULHOS;AUTO POSTO 006 LTDA;10.000.006/0001-42;RUA DAS FLORES;3620;;CENTRO;64040-125;GNV;17/07/2023;4,972;;R$ / m³;VIBRA
SE;SP;GUARULHOS  ;AUTO POSTO 007 LTDA; 10.000.007/0001-49;RUA DAS FLORES;1102;;CENTRO;30866-906;GASOLINA;17/07/2023;6,379;;R$ / litro;BRANCA
SE;SP;GUARULHOS;AUTO POSTO 007 LTDA; 10000007000149 ;RUA DAS FLORES;1102;;CENTRO;30866-906;DIESEL S10;17/07/2023;5,841;5,322;R$ / litro;BRANCA
SE;SP;GUARULHOS;AUTO POSTO 007 LTDA; 10.000.007/0001-49;RUA DAS FLORES;1102;;CENTRO;30866-906;GNV;17/07/2023;4,715;;R$ / m³;BRANCA
SE;SP;GUARULHOS;AUTO POSTO 008 LTDA;10.000.008/0001-56;RUA DAS FLORES;3354;;CENTRO;70332-458;GASOLINA ADITIVADA;17/07/2023;5,865;;R$ / litro;IPIRANGA
SE;SP;CAMPINAS;AUTO POSTO 009 LTDA; 10.000.009/0001-63;RUA DAS FLORES;1642;;CENTRO;53025-385;ETANOL;17/07/2023;3,768;;R$ / litro;BRANCA
SE;SP;CAMPINAS;AUTO POSTO 009 LTDA; 10.000.009/0001-63;RUA DAS FLORES;1642;;CENTRO;53025-385;DIESEL S10;17/07/2023;6,871;;R$ / litro;BRANCA
SE;SP;CAMPINAS;AUTO POSTO 009 LTDA; 10.000.009/0001-63;RUA DAS FLORES;1642;;CENTRO;53025-385;GNV;17/07/2023;5,001;;R$ / m³;BRANCA
SE;SP;CAMPINAS;AUTO POSTO 010 LTDA; 10.000.010/0001-70;RODOVIA BR 116;1366;;CENTRO;13617-218;ETANOL;17/07/2023;3,618;3,254;R$ / litro;IPIRANGA
SE;SP;CAMPINAS;AUTO POSTO 011 LTDA; 10000011000177 ;AVENIDA BRASIL;454;;CENTRO;88193-544;ETANOL;17/07/2023;3,417;;R$ / litro;IPIRANGA
SE;SP;CAMPINAS;AUTO POSTO 011 LTDA; 10.000.011/0001-77;AVENIDA BRASIL;454;;CENTRO;88193-544;DIESEL S10;17/07/2023;6,476;;R$ / litro;IPIRANGA
SE;SP;CAMPINAS;AUTO POSTO 011 LTDA;10.000.011/0001-77;AVENIDA BRASIL;454;;CENTRO;88193-544;GNV;17/07/2023;4,275;;R$ / m³;IPIRANGA
SE;SP;CAMPINAS;AUTO POSTO 012 LTDA;10.000.012/0001-84;RODOVIA BR 116;483;;CENTRO;60488-690;GASOLINA;17/07/2023;6,348;5,679;R$ / litro;VIBRA
SE;SP;CAMPINAS;AUTO POSTO 012 LTDA; 10.000.012/0001-84;RODOVIA BR 116;483;;CENTRO;60488-690;DIESEL S10;17/07/2023;6,221;6,719;R$ / litro;VIBRA
SE;SP;CAMPINAS;AUTO POSTO 012 LTDA; 10.000.012/0001-84;RODOVIA BR 116;483;;CENTRO;60488-690;GNV;17/07/2023;4,572;;R$ / m³;VIBRA
SE;RJ;RIO DE JANEIRO;AUTO POSTO 013 LTDA; 10000013000191 ;RODOVIA BR 116;3801;;CENTRO;80575-803;DIESEL S10;17/07/2023;6,146;5,694;R$ / litro;VIBRA
SE;RJ;RIO DE JANEIRO;AUTO POSTO 013 LTDA;10.000.013/0001-91;RODOVIA BR 116;3801;;CENTRO;80575-803;ETANOL;17/07/2023;3,540;3,116;R$ / litro;VIBRA
SE;RJ;RIO DE JANEIRO;AUTO POSTO 014 LTDA; 10000014000198 ;AVENIDA PAULISTA;2562;;CENTRO;51145-779;ETANOL;17/07/2023;3,460;2,929;R$ / litro;BRANCA
SE;RJ;RIO DE JANEIRO;AUTO POSTO 014 LTDA;10.000.014/0001-98;AVENIDA PAULISTA;2562;;CENTRO;51145-779;GNV;17/07/2023;5,011;;R$ / m³;BRANCA
SE;RJ;RIO DE JANEIRO;AUTO POSTO 014 LTDA;10.000.014/0001-98;AVENIDA PAULISTA;2562;;CENTRO;51145-779;DIESEL S10;17/07/2023;6,405;5,553;R$ / litro;BRANCA
SE;RJ;RIO DE JANEIRO;AUTO POSTO 015 LTDA;10.000.015/0001-05;RUA QUINZE DE NOVEMBRO;1346;;CENTRO;62743-813;GASOLINA ADITIVADA;17/07/2023;6,423;;R$ / litro;IPIRANGA
SE;RJ;RIO DE JANEIRO;AUTO POSTO 015 LTDA;10.000.015/0001-05;RUA QUINZE DE NOVEMBRO;1346;;CENTRO;62743-813;GNV;17/07/2023;4,437;;R$ / m³;IPIRANGA
SE;RJ;RIO DE JANEIRO;AUTO POSTO 015 LTDA; 10000015000105 ;RUA QUINZE DE NOVEMBRO;1346;;CENTRO;62743-813;DIESEL S10;17/07/2023;6,684;;R$ / litro;IPIRANGA
SE;RJ;rio de janeiro;AUTO POSTO 016 LTDA; 10.000.016/0001-12;RUA QUINZE DE NOVEMBRO;2784;;CENTRO;32810-730;DIESEL S10;17/07/2023;6,378;;R$ / litro;ALESAT
SE;RJ;RIO DE JANEIRO  ;AUTO POSTO 016 LTDA; 10.000.016/0001-12;RUA QUINZE DE NOVEMBRO;2784;;CENTRO;32810-730;GASOLINA;17/07/2023;5,441;;R$ / litro;ALESAT
SE;RJ;RIO DE JANEIRO;AUTO POSTO 016 LTDA;10.000.016/0001-12;RUA QUINZE DE NOVEMBRO;2784;;CENTRO;32810-730;GASOLINA ADITIVADA;17/07/2023;6,026;;R$ / litro;ALESAT
SE;MG;BELO HORIZONTE;AUTO POSTO 017 LTDA;10.000.017/0001-19;AVENIDA PAULISTA;870;;CENTRO;66346-904;DIESEL S10;17/07/2023;5,978;;R$ / litro;ALESAT
SE;MG;BELO HORIZONTE;AUTO POSTO 017 LTDA; 10.000.017/0001-19;AVENIDA PAULISTA;870;;CENTRO;66346-904;GASOLINA ADITIVADA;17/07/2023;6,481;5,814;R$ / litro;ALESAT
SE;MG;BELO HORIZONTE;AUTO POSTO 018 LTDA; 10.000.018/0001-26;RUA QUINZE DE NOVEMBRO;2777;;CENTRO;38010-623;GASOLINA ADITIVADA;17/07/2023;6,226;5,589;R$ / litro;RAIZEN
SE;MG;BELO HORIZONTE;AUTO POSTO 018 LTDA;10.000.018/0001-26;RUA QUINZE DE NOVEMBRO;2777;;CENTRO;38010-623;GASOLINA;17/07/2023;6,025;;R$ / litro;RAIZEN
SE;MG;BELO HORIZONTE;AUTO POSTO 018 LTDA;10.000.018/0001-26;RUA QUINZE DE NOVEMBRO;2777;;CENTRO;38010-623;GNV;17/07/2023;5,025;4,242;R$ / m³;RAIZEN
SE;MG;BELO HORIZONTE;AUTO POSTO 019 LTDA;10.000.019/0001-33;RODOVIA BR 116;2729;;CENTRO;53933-195;ETANOL;17/07/2023;4,197;;R$ / litro;VIBRA
SE;MG;BELO HORIZONTE;AUTO POSTO 019 LTDA; 10.000.019/0001-33;RODOVIA BR 116;2729;;CENTRO;53933-195;GASOLINA ADITIVADA;17/07/2023;6,256;5,393;R$ / litro;VIBRA
SE;MG;BELO HORIZONTE;AUTO POSTO 019 LTDA; 10000019000133 ;RODOVIA BR 116;2729;;CENTRO;53933-195;GASOLINA;17/07/2023;5,380;4,732;R$ / litro;VIBRA
SE;MG;BELO HORIZONTE;AUTO POSTO 020 LTDA;10.000.020/0001-40;RUA DAS FLORES;110;;CENTRO;16057-350;GASOLINA;17/07/2023;5,644;;R$ / litro;RAIZEN
SE;MG;BELO HORIZONTE;AUTO POSTO 020 LTDA; 10000020000140 ;RUA DAS FLORES;110;;CENTRO;16057-350;DIESEL S10;17/07/2023;5,944;5,293;R$ / litro;RAIZEN
SE;MG;BELO HORIZONTE;AUTO POSTO 020 LTDA; 10.000.020/0001-40;RUA DAS FLORES;110;;CENTRO;16057-350;GASOLINA ADITIVADA;17/07/2023;6,045;5,105;R$ / litro;RAIZEN
SE;MG;UBERLANDIA;AUTO POSTO 021 LTDA; 10000021000147 ;RODOVIA BR 116;806;;CENTRO;60328-606;GASOLINA ADITIVADA;17/07/2023;5,823;;R$ / litro;RAIZEN
SE;MG;UBERLANDIA;AUTO POSTO 021 LTDA; 10.000.021/0001-47;RODOVIA BR 116;806;;CENTRO;60328-606;GASOLINA;17/07/2023;5,509;5,121;R$ / litro;RAIZEN
SE;MG;UBERLANDIA;AUTO POSTO 022 LTDA; 10000022000154 ;AVENIDA BRASIL;3198;;CENTRO;65724-324;GNV;17/07/2023;4,223;;R$ / m³;VIBRA
SE;MG;UBERLANDIA;AUTO POSTO 022 LTDA;10.000.022/0001-54;AVENIDA BRASIL;3198;;CENTRO;65724-324;DIESEL S10;17/07/2023;6,442;5,574;R$ / litro;VIBRA
SE;MG;UBERLANDIA;AUTO POSTO 022 LTDA; 10000022000154 ;AVENIDA BRASIL;3198;;CENTRO;65724-324;GASOLINA;17/07/2023;5,614;4,770;R$ / litro;VIBRA
SE;MG;UBERLANDIA;AUTO POSTO 023 LTDA; 10.000.023/0001-61;RODOVIA BR 116;1030;;CENTRO;25906-567;GNV;17/07/2023;4,964;4,349;R$ / m³;VIBRA
SE;MG;UBERLANDIA;AUTO POSTO 023 LTDA; 10.000.023/0001-61;RODOVIA BR 116;1030;;CENTRO;25906-567;ETANOL;17/07/2023;3,296;;R$ / litro;VIBRA
SE;MG;UBERLANDIA;AUTO POSTO 023 LTDA;10.000.023/0001-61;RODOVIA BR 116;1030;;CENTRO;25906-567;GASOLINA ADITIVADA;17/07/2023;5,692;4,972;R$ / litro;VIBRA
SE;MG;UBERLANDIA;AUTO POSTO 024 LTDA; 10.000.024/0001-68;RODOVIA BR 116;3348;;CENTRO;76162-536;GASOLINA ADITIVADA;17/07/2023;6,380;5,652;R$ / litro;ALESAT
SE;MG;UBERLANDIA  ;AUTO POSTO 024 LTDA; 10.000.024/0001-68;RODOVIA BR 116;3348;;CENTRO;76162-536;DIESEL S10;17/07/2023;5,964;;R$ / litro;ALESAT
SE;MG;UBERLANDIA;AUTO POSTO 024 LTDA; 10.000.024/0001-68;RODOVIA BR 116;3348;;CENTRO;76162-536;GNV;17/07/2023;4,363;;R$ / m³;ALESAT
S;RS;PORTO ALEGRE;AUTO POSTO 025 LTDA; 10.000.025/0001-75;AVENIDA PAULISTA;3089;;CENTRO;42406-960;DIESEL S10;17/07/2023;6,358;;R$ / litro;IPIRANGA
S;RS;PORTO ALEGRE;AUTO POSTO 025 LTDA; 10000025000175 ;AVENIDA PAULISTA;3089;;CENTRO;42406-960;GASOLINA ADITIVADA;17/07/2023;6,447;5,806;R$ / litro;IPIRANGA
S;RS;PORTO ALEGRE;AUTO POSTO 025 LTDA;10.000.025/0001-75;AVENIDA PAULISTA;3089;;CENTRO;42406-960;GNV;17/07/2023;4,797;4,313;R$ / m³;IPIRANGA
S;RS;PORTO ALEGRE;AUTO POSTO 026 LTDA;10.000.026/0001-82;RUA QUINZE DE NOVEMBRO;327;;CENTRO;47450-340;ETANOL;17/07/2023;4,138;;R$ / litro;IPIRANGA
S;RS;PORTO ALEGRE;AUTO POSTO 026 LTDA; 10000026000182 ;RUA QUINZE DE NOVEMBRO;327;;CENTRO;47450-340;GASOLINA;17/07/2023;5,463;;R$ / litro;IPIRANGA
S;RS;PORTO ALEGRE;AUTO POSTO 027 LTDA;10.000.027/0001-89;RUA DAS FLORES;957;;CENTRO;60205-810;GASOLINA ADITIVADA;17/07/2023;6,035;;R$ / litro;VIBRA
S;RS;PORTO ALEGRE;AUTO POSTO 027 LTDA; 10000027000189 ;RUA DAS FLORES;957;;CENTRO;60205-810;GASOLINA;17/07/2023;6,260;;R$ / litro;VIBRA
S;RS;PORTO ALEGRE;AUTO POSTO 028 LTDA; 10.000.028/0001-96;RUA QUINZE DE NOVEMBRO;1365;;CENTRO;81121-577;GASOLINA ADITIVADA;17/07/2023;6,648;;R$ / litro;RAIZEN
S;RS;PORTO ALEGRE;AUTO POSTO 028 LTDA; 10000028000196 ;RUA QUINZE DE NOVEMBRO;1365;;CENTRO;81121-577;DIESEL S10;17/07/2023;6,803;5,931;R$ / litro;RAIZEN
S;RS;CAXIAS DO SUL;AUTO POSTO 029 LTDA; 10.000.029/0001-03;RUA QUINZE DE NOVEMBRO;3716;;CENTRO;86556-812;DIESEL S10;17/07/2023;6,471;5,579;R$ / litro;BRANCA
S;RS;CAXIAS DO SUL;AUTO POSTO 029 LTDA; 10.000.029/0001-03;RUA QUINZE DE NOVEMBRO;3716;;CENTRO;86556-812;GNV;17/07/2023;4,971;;R$ / m³;BRANCA
S;RS;CAXIAS DO SUL;AUTO POSTO 029 LTDA; 10000029000103 ;RUA QUINZE DE NOVEMBRO;3716;;CENTRO;86556-812;GASOLINA;17/07/2023;5,684;;R$ / litro;BRANCA
S;RS;CAXIAS DO SUL;AUTO POSTO 030 LTDA;10.000.030/0001-10;AVENIDA PAULISTA;1233;;CENTRO;61116-973;GNV;17/07/2023;4,773;;R$ / m³;RAIZEN
S;RS;CAXIAS DO SUL;AUTO POSTO 030 LTDA; 10.000.030/0001-10;AVENIDA PAULISTA;1233;;CENTRO;61116-973;GASOLINA ADITIVADA;17/07/2023;6,600;;R$ / litro;RAIZEN
S;RS;CAXIAS DO SUL;AUTO POSTO 030 LTDA;10.000.030/0001-10;AVENIDA PAULISTA;1233;;CENTRO;61116-973;DIESEL S10;17/07/2023;6,181;;R$ / litro;RAIZEN
S;RS;CAXIAS DO SUL;AUTO POSTO 031 LTDA;10.000.031/0001-17;RUA DAS FLORES;1127;;CENTRO;67125-597;ETANOL;17/07/2023;4,276;3,808;R$ / litro;BRANCA
S;RS;CAXIAS DO SUL;AUTO POSTO 031 LTDA;10.000.031/0001-17;RUA DAS FLORES;1127;;CENTRO;67125-597;DIESEL S10;17/07/2023;6,067;;R$ / litro;BRANCA
S;RS;CAXIAS DO SUL;AUTO POSTO 031 LTDA;10.000.031/0001-17;RUA DAS FLORES;1127;;CENTRO;67125-597;GNV;17/07/2023;4,300;3,795;R$ / m³;BRANCA
S;RS;CAXIAS DO SUL;AUTO POSTO 032 LTDA;10.000.032/0001-24;RUA DAS FLORES;3452;;CENTRO;71261-230;GASOLINA;17/07/2023;5,748;;R$ / litro;ALESAT
S;RS;CAXIAS DO SUL;AUTO POSTO 032 LTDA;10.000.032/0001-24;RUA DAS FLORES;3452;;CENTRO;71261-230;DIESEL S10;17/07/2023;6,632;5,741;R$ / litro;ALESAT
NE;BA;SALVADOR;AUTO POSTO 033 LTDA;10.000.033/0001-31;RODOVIA BR 116;2725;;CENTRO;13552-185;DIESEL S10;17/07/2023;6,389;;R$ / litro;RAIZEN
NE;BA;SALVADOR;AUTO POSTO 033 LTDA;10.000.033/0001-31;RODOVIA BR 116;2725;;CENTRO;13552-185;GASOLINA ADITIVADA;17/07/2023;6,010;;R$ / litro;RAIZEN
NE;BA;SALVADOR;AUTO POSTO 034 LTDA; 10.000.034/0001-38;AVENIDA BRASIL;1075;;CENTRO;59689-435;ETANOL;17/07/2023;4,340;4,687;R$ / litro;VIBRA
NE;BA;SALVADOR;AUTO POSTO 034 LTDA; 10.000.034/0001-38;AVENIDA BRASIL;1075;;CENTRO;59689-435;GNV;17/07/2023;4,654;;R$ / m³;VIBRA
NE;BA;SALVADOR;AUTO POSTO 034 LTDA;10.000.034/0001-38;AVENIDA BRASIL;1075;;CENTRO;59689-435;GASOLINA ADITIVADA;17/07/2023;6,486;;R$ / litro;VIBRA
NE;BA;SALVADOR;AUTO POSTO 035 LTDA;10.000.035/0001-45;AVENIDA PAULISTA;3090;;CENTRO;65255-358;GASOLINA;17/07/2023;6,104;;R$ / litro;BRANCA
NE;BA;SALVADOR;AUTO POSTO 035 LTDA;10.000.035/0001-45;AVENIDA PAULISTA;3090;;CENTRO;65255-358;GNV;17/07/2023;0,000;;R$ / m³;BRANCA
NE;BA;SALVADOR;AUTO POSTO 035 LTDA; 10.000.035/0001-45;AVENIDA PAULISTA;3090;;CENTRO;65255-358;GASOLINA ADITIVADA;17/07/2023;5,645;;R$ / litro;BRANCA
NE;BA;SALVADOR;AUTO POSTO 036 LTDA; 10.000.036/0001-52;RUA DAS FLORES;2672;;CENTRO;18993-899;GASOLINA ADITIVADA;17/07/2023;6,579;5,753;R$ / litro;BRANCA
NE;BA;SALVADOR;AUTO POSTO 036 LTDA; 10.000.036/0001-52;RUA DAS FLORES;2672;;CENTRO;18993-899;GNV;17/07/2023;4,502;;R$ / m³;BRANCA
NE;BA;FEIRA DE SANTANA;AUTO POSTO 037 LTDA;10.000.037/0001-59;AVENIDA BRASIL;2554;;CENTRO;29973-344;GASOLINA ADITIVADA;17/07/2023;6,285;;R$ / litro;VIBRA
NE;BA;FEIRA DE SANTANA;AUTO POSTO 037 LTDA; 10.000.037/0001-59;AVENIDA BRASIL;2554;;CENTRO;29973-344;DIESEL S10;17/07/2023;6,559;;R$ / litro;VIBRA
NE;BA;FEIRA DE SANTANA;AUTO POSTO 038 LTDA;10.000.038/0001-66;AVENIDA PAULISTA;3151;;CENTRO;58351-271;GASOLINA;17/07/2023;5,541;4,731;R$ / litro;ALESAT
NE;BA;FEIRA DE SANTANA;AUTO POSTO 038 LTDA; 10000038000166 ;AVENIDA PAULISTA;3151;;CENTRO;58351-271;GASOLINA ADITIVADA;17/07/2023;6,322;;R$ / litro;ALESAT
NE;BA;FEIRA DE SANTANA;AUTO POSTO 038 LTDA;10.000.038/0001-66;AVENIDA PAULISTA;3151;;CENTRO;58351-271;DIESEL S10;17/07/2023;6,638;;R$ / litro;ALESAT
NE;BA;FEIRA DE SANTANA;AUTO POSTO 039 LTDA; 10000039000173 ;AVENIDA BRASIL;2380;;CENTRO;13365-419;DIESEL S10;17/07/2023;6,381;5,887;R$ / litro;ALESAT
NE;BA;FEIRA DE SANTANA;AUTO POSTO 039 LTDA;10.000.039/0001-73;AVENIDA BRASIL;2380;;CENTRO;13365-419;GNV;17/07/2023;4,773;4,150;R$ / m³;ALESAT
NE;BA;FEIRA DE SANTANA;AUTO POSTO 039 LTDA;10.000.039/0001-73;AVENIDA BRASIL;2380;;CENTRO;13365-419;ETANOL;17/07/2023;4,132;;R$ / litro;ALESAT
NE;BA;FEIRA DE SANTANA;AUTO POSTO 040 LTDA;10.000.040/0001-80;RUA DAS FLORES;321;;CENTRO;87607-807;ETANOL;17/07/2023;3,789;;R$ / litro;VIBRA
NE;BA;FEIRA DE SANTANA  ;AUTO POSTO 040 LTDA; 10.000.040/0001-80;RUA DAS FLORES;321;;CENTRO;87607-807;GASOLINA;17/07/2023;6,198;;R$ / litro;VIBRA
N;AM;MANAUS  ;AUTO POSTO 041 LTDA;10.000.041/0001-87;RODOVIA BR 116;3215;;CENTRO;15383-455;ETANOL;17/07/2023;4,415;4,080;R$ / litro;ALESAT
N;AM;MANAUS;AUTO POSTO 041 LTDA; 10000041000187 ;RODOVIA BR 116;3215;;CENTRO;15383-455;GNV;17/07/2023;4,574;;R$ / m³;ALESAT
N;AM;MANAUS;AUTO POSTO 042 LTDA; 10000042000194 ;AVENIDA PAULISTA;61;;CENTRO;65057-942;DIESEL S10;17/07/2023;6,213;;R$ / litro;RAIZEN
N;AM;MANAUS;AUTO POSTO 042 LTDA; 10.000.042/0001-94;AVENIDA PAULISTA;61;;CENTRO;65057-942;ETANOL;17/07/2023;3,354;;R$ / litro;RAIZEN
N;AM;MANAUS;AUTO POSTO 043 LTDA;10.000.043/0001-01;RUA QUINZE DE NOVEMBRO;2907;;CENTRO;30052-545;GNV;17/07/2023;5,035;;R$ / m³;VIBRA
N;AM;MANAUS;AUTO POSTO 043 LTDA; 10000043000101 ;RUA QUINZE DE NOVEMBRO;2907;;CENTRO;30052-545;ETANOL;17/07/2023;3,892;;R$ / litro;VIBRA
N;AM;MANAUS;AUTO POSTO 043 LTDA; 10.000.043/0001-01;RUA QUINZE DE NOVEMBRO;2907;;CENTRO;30052-545;DIESEL S10;17/07/2023;6,007;;R$ / litro;VIBRA
N;AM;MANAUS;AUTO POSTO 044 LTDA;10.000.044/0001-08;RODOVIA BR 116;3182;;CENTRO;73372-576;GNV;17/07/2023;4,441;4,796;R$ / m³;RAIZEN
N;AM;MANAUS;AUTO POSTO 044 LTDA;10.000.044/0001-08;RODOVIA BR 116;3182;;CENTRO;73372-576;ETANOL;17/07/2023;3,518;3,094;R$ / litro;RAIZEN
N;AM;MANAUS;AUTO POSTO 044 LTDA;10.000.044/0001-08;RODOVIA BR 116;3182;;CENTRO;73372-576;GASOLINA ADITIVADA;17/07/2023;5,704;;R$ / litro;RAIZEN
SE;SP;SÃO JOSÉ DOS CAMPOS;AUTO POSTO 045 LTDA; 10.000.045/0001-15;RUA DAS FLORES;3412;;CENTRO;21359-385;DIESEL S10;17/07/2023;6,435;;R$ / litro;RAIZEN
SE;SP;SÃO JOSÉ DOS CAMPOS;AUTO POSTO 045 LTDA;10.000.045/0001-15;RUA DAS FLORES;3412;;CENTRO;21359-385;GNV;17/07/2023;5,186;;R$ / m³;RAIZEN
SE;SP;SÃO JOSÉ DOS CAMPOS;AUTO POSTO 046 LTDA;10.000.046/0001-22;AVENIDA PAULISTA;127;;CENTRO;74789-971;DIESEL S10;17/07/2023;6,489;;R$ / litro;IPIRANGA
SE;SP;SÃO JOSÉ DOS CAMPOS;AUTO POSTO 046 LTDA; 10000046000122 ;AVENIDA PAULISTA;127;;CENTRO;74789-971;GASOLINA ADITIVADA;17/07/2023;6,414;5,628;R$ / litro;IPIRANGA
SE;SP;SÃO JOSÉ DOS CAMPOS;AUTO POSTO 047 LTDA; 10000047000129 ;AVENIDA PAULISTA;3277;;CENTRO;43862-448;ETANOL;17/07/2023;3,513;3,222;R$ / litro;IPIRANGA
SE;SP;SÃO JOSÉ DOS CAMPOS;AUTO POSTO 047 LTDA;10.000.047/0001-29;AVENIDA PAULISTA;3277;;CENTRO;43862-448;GASOLINA;17/07/2023;5,919;;R$ / litro;IPIRANGA
SE;SP;SÃO JOSÉ DOS CAMPOS;AUTO POSTO 047 LTDA;10.000.047/0001-29;AVENIDA PAULISTA;3277;;CENTRO;43862-448;GNV;17/07/2023;4,455;3,774;R$ / m³;IPIRANGA
SE;SP;SÃO JOSÉ DOS CAMPOS;AUTO POSTO 048 LTDA;10.000.048/0001-36;RUA DAS FLORES;360;;CENTRO;41635-837;GNV;17/07/2023;4,252;3,803;R$ / m³;RAIZEN
SE;RJ;NITERÓI;AUTO POSTO 049 LTDA;10.000.049/0001-43;RUA QUINZE DE NOVEMBRO;2655;;CENTRO;74332-558;ETANOL;17/07/2023;3,823;;R$ / litro;BRANCA
SE;RJ;NITERÓI;AUTO POSTO 049 LTDA;10.000.049/0001-43;RUA QUINZE DE NOVEMBRO;2655;;CENTRO;74332-558;GASOLINA ADITIVADA;17/07/2023;5,783;5,244;R$ / litro;BRANCA
SE;RJ;NITERÓI;AUTO POSTO 050 LTDA;10.000.050/0001-50;RUA QUINZE DE NOVEMBRO;2843;;CENTRO;41890-413;DIESEL S10;17/07/2023;6,565;;R$ / litro;ALESAT
SE;RJ;NITERÓI;AUTO POSTO 050 LTDA; 10.000.050/0001-50;RUA QUINZE DE NOVEMBRO;2843;;CENTRO;41890-413;ETANOL;17/07/2023;4,208;3,737;R$ / litro;ALESAT
SE;RJ;NITERÓI;AUTO POSTO 050 LTDA; 10000050000150 ;RUA QUINZE DE NOVEMBRO;2843;;CENTRO;41890-413;GASOLINA ADITIVADA;17/07/2023;6,063;;R$ / litro;ALESAT
SE;RJ;NITERÓI;AUTO POSTO 051 LTDA; 10.000.051/0001-57;RODOVIA BR 116;1364;;CENTRO;56112-819;ETANOL;17/07/2023;4,389;3,850;R$ / litro;RAIZEN
SE;RJ;NITERÓI;AUTO POSTO 051 LTDA;10.000.051/0001-57;RODOVIA BR 116;1364;;CENTRO;56112-819;GNV;17/07/2023;4,216;;R$ / m³;RAIZEN
SE;RJ;NITERÓI;AUTO POSTO 051 LTDA; 10.000.051/0001-57;RODOVIA BR 116;1364;;CENTRO;56112-819;GASOLINA;17/07/2023;5,468;4,780;R$ / litro;RAIZEN
SE;RJ;NITERÓI;AUTO POSTO 052 LTDA; 10.000.052/0001-64;AVENIDA BRASIL;2964;;CENTRO;35242-423;GNV;17/07/2023;4,457;;R$ / m³;BRANCA
SE;RJ;NITERÓI;AUTO POSTO 052 LTDA; 10000052000164 ;AVENIDA BRASIL;2964;;CENTRO;35242-423;GASOLINA ADITIVADA;17/07/2023;6,057;;R$ / litro;BRANCA
SE;RJ;NITERÓI;AUTO POSTO 052 LTDA; 10000052000164 ;AVENIDA BRASIL;2964;;CENTRO;35242-423;GASOLINA;17/07/2023;5,502;;R$ / litro;BRANCA
SE;SP;SAO PAULO;AUTO POSTO 001 LTDA;10.000.001/0001-07;AVENIDA BRASIL;2608;;CENTRO;65518-949;GASOLINA;31/07/2023;6,223;5,685;R$ / litro;IPIRANGA
SE;SP;SAO PAULO;AUTO POSTO 002 LTDA;10.000.002/0001-14;RUA DAS FLORES;2619;;CENTRO;44335-265;GASOLINA;31/07/2023;6,078;5,382;R$ / litro;RAIZEN
SE;SP;SAO PAULO;AUTO POSTO 002 LTDA; 10000002000114 ;RUA DAS FLORES;2619;;CENTRO;44335-265;GNV;31/07/2023;4,859;4,314;R$ / m³;RAIZEN
SE;SP;SAO PAULO;AUTO POSTO 003 LTDA; 10.000.003/0001-21;AVENIDA BRASIL;3880;;CENTRO;29536-658;GNV;31/07/2023;0,000;;R$ / m³;BRANCA
SE;SP;SAO PAULO;AUTO POSTO 003 LTDA;10.000.003/0001-21;AVENIDA BRASIL;3880;;CENTRO;29536-658;GASOLINA ADITIVADA;31/07/2023;5,815;;R$ / litro;BRANCA
SE;SP;SAO PAULO;AUTO POSTO 003 LTDA; 10000003000121 ;AVENIDA BRASIL;3880;;CENTRO;29536-658;DIESEL S10;31/07/2023;5,887;;R$ / litro;BRANCA
SE;SP;SAO PAULO;AUTO POSTO 004 LTDA;10.000.004/0001-28;RUA DAS FLORES;181;;CENTRO;50404-473;GASOLINA ADITIVADA;31/07/2023;5,880;;R$ / litro;BRANCA
SE;SP;SAO PAULO;AUTO POSTO 004 LTDA;10.000.004/0001-28;RUA DAS FLORES;181;;CENTRO;50404-473;ETANOL;31/07/2023;3,322;2,956;R$ / litro;BRANCA
SE;SP;GUARULHOS;AUTO POSTO 005 LTDA; 10000005000135 ;AVENIDA BRASIL;1458;;CENTRO;83385-995;GASOLINA;31/07/2023;6,009;5,576;R$ / litro;RAIZEN
SE;SP;GUARULHOS;AUTO POSTO 006 LTDA;10.000.006/0001-42;RUA DAS FLORES;3620;;CENTRO;64040-125;ETANOL;31/07/2023;3,499;;R$ / litro;VIBRA
SE;SP;GUARULHOS;AUTO POSTO 006 LTDA; 10.000.006/0001-42;RUA DAS FLORES;3620;;CENTRO;64040-125;DIESEL S10;31/07/2023;5,851;5,402;R$ / litro;VIBRA
SE;SP;GUARULHOS;AUTO POSTO 006 LTDA;10.000.006/0001-42;RUA DAS FLORES;3620;;CENTRO;64040-125;GNV;31/07/2023;4,379;;R$ / m³;VIBRA
SE;SP;GUARULHOS;AUTO POSTO 007 LTDA; 10000007000149 ;RUA DAS FLORES;1102;;CENTRO;30866-906;DIESEL S10;31/07/2023;6,822;6,077;R$ / litro;BRANCA
SE;SP;GUARULHOS;AUTO POSTO 007 LTDA; 10.000.007/0001-49;RUA DAS FLORES;1102;;CENTRO;30866-906;GNV;31/07/2023;4,584;;R$ / m³;BRANCA
SE;SP;GUARULHOS;AUTO POSTO 008 LTDA;10.000.008/0001-56;RUA DAS FLORES;3354;;CENTRO;70332-458;GASOLINA ADITIVADA;31/07/2023;6,101;;R$ / litro;IPIRANGA
SE;SP;CAMPINAS;AUTO POSTO 009 LTDA; 10.000.009/0001-63;RUA DAS FLORES;1642;;CENTRO;53025-385;ETANOL;31/07/2023;3,987;;R$ / litro;BRANCA
SE;SP;CAMPINAS;AUTO POSTO 009 LTDA; 10.000.009/0001-63;RUA DAS FLORES;1642;;CENTRO;53025-385;DIESEL S10;31/07/2023;5,833;5,421;R$ / litro;BRANCA
SE;SP;CAMPINAS;AUTO POSTO 009 LTDA; 10000009000163 ;RUA DAS FLORES;1642;;CENTRO;53025-385;GNV;31/07/2023;4,632;;R$ / m³;BRANCA
SE;SP;campinas;AUTO POSTO 010 LTDA;10.000.010/0001-70;RODOVIA BR 116;1366;;CENTRO;13617-218;GNV;31/07/2023;4,468;4,068;R$ / m³;IPIRANGA
SE;SP;CAMPINAS;AUTO POSTO 010 LTDA; 10.000.010/0001-70;RODOVIA BR 116;1366;;CENTRO;13617-218;ETANOL;31/07/2023;3,339;2,897;R$ / litro;IPIRANGA
SE;SP;CAMPINAS;AUTO POSTO 011 LTDA;10.000.011/0001-77;AVENIDA BRASIL;454;;CENTRO;88193-544;ETANOL;31/07/2023;3,313;;R$ / litro;IPIRANGA
SE;SP;CAMPINAS;AUTO POSTO 011 LTDA;10.000.011/0001-77;AVENIDA BRASIL;454;;CENTRO;88193-544;DIESEL S10;31/07/2023;5,829;4,945;R$ / litro;IPIRANGA
SE;SP;CAMPINAS;AUTO POSTO 011 LTDA; 10000011000177 ;AVENIDA BRASIL;454;;CENTRO;88193-544;GNV;31/07/2023;4,212;;R$ / m³;IPIRANGA
SE;SP;CAMPINAS;AUTO POSTO 012 LTDA;10.000.012/0001-84;RODOVIA BR 116;483;;CENTRO;60488-690;GASOLINA;31/07/2023;5,929;5,184;R$ / litro;VIBRA
SE;SP;CAMPINAS;AUTO POSTO 012 LTDA; 10000012000184 ;RODOVIA BR 116;483;;CENTRO;60488-690;DIESEL S10;31/07/2023;5,961;5,155;R$ / litro;VIBRA
SE;SP;CAMPINAS;AUTO POSTO 012 LTDA; 10.000.012/0001-84;RODOVIA BR 116;483;;CENTRO;60488-690;GNV;31/07/2023;4,452;3,990;R$ / m³;VIBRA
SE;RJ;RIO DE JANEIRO;AUTO POSTO 013 LTDA;10.000.013/0001-91;RODOVIA BR 116;3801;;CENTRO;80575-803;DIESEL S10;31/07/2023;5,949;5,209;R$ / litro;VIBRA
SE;RJ;RIO DE JANEIRO;AUTO POSTO 013 LTDA; 10.000.013/0001-91;RODOVIA BR 116;3801;;CENTRO;80575-803;GASOLINA;31/07/2023;5,784;;R$ / litro;VIBRA
SE;RJ;RIO DE JANEIRO;AUTO POSTO 013 LTDA;10.000.013/0001-91;RODOVIA BR 116;3801;;CENTRO;80575-803;ETANOL;31/07/2023;3,591;;R$ / litro;VIBRA
SE;RJ;RIO DE JANEIRO;AUTO POSTO 014 LTDA;10.000.014/0001-98;AVENIDA PAULISTA;2562;;CENTRO;51145-779;ETANOL;31/07/2023;4,454;;R$ / litro;BRANCA
SE;RJ;RIO DE JANEIRO;AUTO POSTO 014 LTDA; 10000014000198 ;AVENIDA PAULISTA;2562;;CENTRO;51145-779;GNV;31/07/2023;5,168;;R$ / m³;BRANCA
SE;RJ;RIO DE JANEIRO;AUTO POSTO 014 LTDA; 10000014000198 ;AVENIDA PAULISTA;2562;;CENTRO;51145-779;DIESEL S10;31/07/2023;6,202;;R$ / litro;BRANCA
SE;RJ;RIO DE JANEIRO;AUTO POSTO 015 LTDA;10.000.015/0001-05;RUA QUINZE DE NOVEMBRO;1346;;CENTRO;62743-813;GASOLINA ADITIVADA;31/07/2023;6,300;;R$ / litro;IPIRANGA
SE;RJ;RIO DE JANEIRO;AUTO POSTO 015 LTDA;10.000.015/0001-05;RUA QUINZE DE NOVEMBRO;1346;;CENTRO;62743-813;GNV;31/07/2023;4,638;4,185;R$ / m³;IPIRANGA
SE;RJ;RIO DE JANEIRO;AUTO POSTO 015 LTDA; 10000015000105 ;RUA QUINZE DE NOVEMBRO;1346;;CENTRO;62743-813;DIESEL S10;31/07/2023;6,540;5,672;R$ / litro;IPIRANGA
SE;RJ;RIO DE JANEIRO;AUTO POSTO 016 LTDA; 10000016000112 ;RUA QUINZE DE NOVEMBRO;2784;;CENTRO;32810-730;DIESEL S10;31/07/2023;6,668;6,196;R$ / litro;ALESAT
SE;RJ;RIO DE JANEIRO;AUTO POSTO 016 LTDA; 10000016000112 ;RUA QUINZE DE NOVEMBRO;2784;;CENTRO;32810-730;GASOLINA;31/07/2023;5,898;;R$ / litro;ALESAT
SE;RJ;RIO DE JANEIRO;AUTO POSTO 016 LTDA;10.000.016/0001-12;RUA QUINZE DE NOVEMBRO;2784;;CENTRO;32810-730;GASOLINA ADITIVADA;31/07/2023;5,670;5,102;R$ / litro;ALESAT
SE;MG;BELO HORIZONTE;AUTO POSTO 017 LTDA; 10000017000119 ;AVENIDA PAULISTA;870;;CENTRO;66346-904;ETANOL;31/07/2023;4,457;4,063;R$ / litro;ALESAT
SE;MG;BELO HORIZONTE;AUTO POSTO 017 LTDA;10.000.017/0001-19;AVENIDA PAULISTA;870;;CENTRO;66346-904;DIESEL S10;31/07/2023;6,362;;R$ / litro;ALESAT
SE;MG;BELO HORIZONTE;AUTO POSTO 017 LTDA; 10000017000119 ;AVENIDA PAULISTA;870;;CENTRO;66346-904;GASOLINA ADITIVADA;31/07/2023;5,962;;R$ / litro;ALESAT
SE;MG;BELO HORIZONTE;AUTO POSTO 018 LTDA;10.000.018/0001-26;RUA QUINZE DE NOVEMBRO;2777;;CENTRO;38010-623;GASOLINA ADITIVADA;31/07/2023;5,929;5,036;R$ / litro;RAIZEN
SE;MG;BELO HORIZONTE;AUTO POSTO 018 LTDA;10.000.018/0001-26;RUA QUINZE DE NOVEMBRO;2777;;CENTRO;38010-623;GASOLINA;31/07/2023;6,214;;R$ / litro;RAIZEN
SE;MG;BELO HORIZONTE;AUTO POSTO 018 LTDA;10.000.018/0001-26;RUA QUINZE DE NOVEMBRO;2777;;CENTRO;38010-623;GNV;31/07/2023;4,721;4,007;R$ / m³;RAIZEN
SE;MG;BELO HORIZONTE;AUTO POSTO 019 LTDA;10.000.019/0001-33;RODOVIA BR 116;2729;;CENTRO;53933-195;ETANOL;31/07/2023;3,590;;R$ / litro;VIBRA
SE;MG;BELO HORIZONTE;AUTO POSTO 019 LTDA;10.000.019/0001-33;RODOVIA BR 116;2729;;CENTRO;53933-195;GASOLINA ADITIVADA;31/07/2023;6,295;5,845;R$ / litro;VIBRA
SE;MG;BELO HORIZONTE;AUTO POSTO 019 LTDA;10.000.019/0001-33;RODOVIA BR 116;2729;;CENTRO;53933-195;GASOLINA;31/07/2023;5,664;;R$ / litro;VIBRA
SE;MG;BELO HORIZONTE;AUTO POSTO 020 LTDA;10.000.020/0001-40;RUA DAS FLORES;110;;CENTRO;16057-350;GASOLINA;31/07/2023;5,505;;R$ / litro;RAIZEN
SE;MG;BELO HORIZONTE;AUTO POSTO 020 LTDA;10.000.020/0001-40;RUA DAS FLORES;110;;CENTRO;16057-350;DIESEL S10;31/07/2023;6,295;;R$ / litro;RAIZEN
SE;MG;UBERLANDIA;AUTO POSTO 021 LTDA;10.000.021/0001-47;RODOVIA BR 116;806;;CENTRO;60328-606;GASOLINA ADITIVADA;31/07/2023;6,185;;R$ / litro;RAIZEN
SE;MG;UBERLANDIA;AUTO POSTO 021 LTDA;10.000.021/0001-47;RODOVIA BR 116;806;;CENTRO;60328-606;GASOLINA;31/07/2023;5,803;5,325;R$ / litro;RAIZEN
SE;MG;UBERLANDIA;AUTO POSTO 022 LTDA; 10000022000154 ;AVENIDA BRASIL;3198;;CENTRO;65724-324;GNV;31/07/2023;4,811;;R$ / m³;VIBRA
SE;MG;UBERLANDIA;AUTO POSTO 022 LTDA;10.000.022/0001-54;AVENIDA BRASIL;3198;;CENTRO;65724-324;DIESEL S10;31/07/2023;6,695;;R$ / litro;VIBRA
SE;MG;UBERLANDIA;AUTO POSTO 022 LTDA;10.000.022/0001-54;AVENIDA BRASIL;3198;;CENTRO;65724-324;GASOLINA;31/07/2023;6,039;5,202;R$ / litro;VIBRA
SE;MG;UBERLANDIA;AUTO POSTO 023 LTDA;10.000.023/0001-61;RODOVIA BR 116;1030;;CENTRO;25906-567;GNV;31/07/2023;4,711;;R$ / m³;VIBRA
SE;MG;UBERLANDIA;AUTO POSTO 023 LTDA;10.000.023/0001-61;RODOVIA BR 116;1030;;CENTRO;25906-567;ETANOL;31/07/2023;3,833;;R$ / litro;VIBRA
SE;MG;UBERLANDIA;AUTO POSTO 023 LTDA;10.000.023/0001-61;RODOVIA BR 116;1030;;CENTRO;25906-567;GASOLINA ADITIVADA;31/07/2023;6,160;;R$ / litro;VIBRA
SE;MG;UBERLANDIA;AUTO POSTO 024 LTDA; 10000024000168 ;RODOVIA BR 116;3348;;CENTRO;76162-536;GASOLINA ADITIVADA;31/07/2023;6,231;;R$ / litro;ALESAT
SE;MG;UBERLANDIA;AUTO POSTO 024 LTDA;10.000.024/0001-68;RODOVIA BR 116;3348;;CENTRO;76162-536;DIESEL S10;31/07/2023;6,697;;R$ / litro;ALESAT
SE;MG;UBERLANDIA;AUTO POSTO 024 LTDA; 10000024000168 ;RODOVIA BR 116;3348;;CENTRO;76162-536;GNV;31/07/2023;4,616;;R$ / m³;ALESAT
S;RS;porto alegre;AUTO POSTO 025 LTDA;10.000.025/0001-75;AVENIDA PAULISTA;3089;;CENTRO;42406-960;DIESEL S10;31/07/2023;6,391;5,631;R$ / litro;IPIRANGA
S;RS;PORTO ALEGRE;AUTO POSTO 025 LTDA;10.000.025/0001-75;AVENIDA PAULISTA;3089;;CENTRO;42406-960;GASOLINA ADITIVADA;31/07/2023;6,180;5,493;R$ / litro;IPIRANGA
S;RS;PORTO ALEGRE;AUTO POSTO 025 LTDA;10.000.025/0001-75;AVENIDA PAULISTA;3089;;CENTRO;42406-960;GNV;31/07/2023;4,960;;R$ / m³;IPIRANGA
S;RS;PORTO ALEGRE;AUTO POSTO 026 LTDA;10.000.026/0001-82;RUA QUINZE DE NOVEMBRO;327;;CENTRO;47450-340;ETANOL;31/07/2023;3,587;;R$ / litro;IPIRANGA
S;RS;PORTO ALEGRE;AUTO POSTO 026 LTDA;10.000.026/0001-82;RUA QUINZE DE NOVEMBRO;327;;CENTRO;47450-340;GASOLINA;31/07/2023;5,783;;R$ / litro;IPIRANGA
S;RS;PORTO ALEGRE;AUTO POSTO 026 LTDA; 10.000.026/0001-82;RUA QUINZE DE NOVEMBRO;327;;CENTRO;47450-340;DIESEL S10;31/07/2023;6,747;;R$ / litro;IPIRANGA
S;RS;PORTO ALEGRE;AUTO POSTO 027 LTDA;10.000.027/0001-89;RUA DAS FLORES;957;;CENTRO;60205-810;GASOLINA ADITIVADA;31/07/2023;6,445;;R$ / litro;VIBRA
S;RS;PORTO ALEGRE;AUTO POSTO 027 LTDA;10.000.027/0001-89;RUA DAS FLORES;957;;CENTRO;60205-810;GASOLINA;31/07/2023;5,656;;R$ / litro;VIBRA
S;RS;PORTO ALEGRE;AUTO POSTO 027 LTDA;10.000.027/0001-89;RUA DAS FLORES;957;;CENTRO;60205-810;GNV;31/07/2023;4,336;;R$ / m³;VIBRA
S;RS;PORTO ALEGRE  ;AUTO POSTO 028 LTDA;10.000.028/0001-96;RUA QUINZE DE NOVEMBRO;1365;;CENTRO;81121-577;GASOLINA ADITIVADA;31/07/2023;5,711;4,924;R$ / litro;RAIZEN
S;RS;PORTO ALEGRE;AUTO POSTO 028 LTDA;10.000.028/0001-96;RUA QUINZE DE NOVEMBRO;1365;;CENTRO;81121-577;DIESEL S10;31/07/2023;6,435;5,645;R$ / litro;RAIZEN
S;RS;CAXIAS DO SUL;AUTO POSTO 029 LTDA;10.000.029/0001-03;RUA QUINZE DE NOVEMBRO;3716;;CENTRO;86556-812;DIESEL S10;31/07/2023;6,243;;R$ / litro;BRANCA
S;RS;CAXIAS DO SUL;AUTO POSTO 029 LTDA; 10000029000103 ;RUA QUINZE DE NOVEMBRO;3716;;CENTRO;86556-812;GNV;31/07/2023;5,150;4,327;R$ / m³;BRANCA
S;RS;CAXIAS DO SUL;AUTO POSTO 029 LTDA; 10000029000103 ;RUA QUINZE DE NOVEMBRO;3716;;CENTRO;86556-812;GASOLINA;31/07/2023;5,998;;R$ / litro;BRANCA
S;RS;CAXIAS DO SUL;AUTO POSTO 030 LTDA; 10000030000110 ;AVENIDA PAULISTA;1233;;CENTRO;61116-973;GNV;31/07/2023;4,418;;R$ / m³;RAIZEN
S;RS;CAXIAS DO SUL;AUTO POSTO 030 LTDA; 10.000.030/0001-10;AVENIDA PAULISTA;1233;;CENTRO;61116-973;GASOLINA ADITIVADA;31/07/2023;5,922;;R$ / litro;RAIZEN
S;RS;CAXIAS DO SUL;AUTO POSTO 030 LTDA; 10.000.030/0001-10;AVENIDA PAULISTA;1233;;CENTRO;61116-973;DIESEL S10;31/07/2023;6,784;;R$ / litro;RAIZEN
S;RS;CAXIAS DO SUL;AUTO POSTO 031 LTDA;10.000.031/0001-17;RUA DAS FLORES;1127;;CENTRO;67125-597;DIESEL S10;31/07/2023;5,937;;R$ / litro;BRANCA
S;RS;CAXIAS DO SUL;AUTO POSTO 031 LTDA;10.000.031/0001-17;RUA DAS FLORES;1127;;CENTRO;67125-597;GNV;31/07/2023;-1,000;4,669;R$ / m³;BRANCA
S;RS;caxias do sul;AUTO POSTO 032 LTDA;10.000.032/0001-24;RUA DAS FLORES;3452;;CENTRO;71261-230;GASOLINA;31/07/2023;5,357;;R$ / litro;ALESAT
S;RS;CAXIAS DO SUL;AUTO POSTO 032 LTDA; 10000032000124 ;RUA DAS FLORES;3452;;CENTRO;71261-230;DIESEL S10;31/07/2023;6,521;;R$ / litro;ALESAT
NE;BA;SALVADOR;AUTO POSTO 033 LTDA;10.000.033/0001-31;RODOVIA BR 116;2725;;CENTRO;13552-185;DIESEL S10;31/07/2023;6,371;;R$ / litro;RAIZEN
NE;BA;SALVADOR;AUTO POSTO 034 LTDA; 10000034000138 ;AVENIDA BRASIL;1075;;CENTRO;59689-435;ETANOL;31/07/2023;4,102;;R$ / litro;VIBRA
NE;BA;salvador;AUTO POSTO 034 LTDA; 10.000.034/0001-38;AVENIDA BRASIL;1075;;CENTRO;59689-435;GNV;31/07/2023;4,973;;R$ / m³;VIBRA
NE;BA;SALVADOR;AUTO POSTO 034 LTDA;10.000.034/0001-38;AVENIDA BRASIL;1075;;CENTRO;59689-435;GASOLINA ADITIVADA;31/07/2023;5,625;;R$ / litro;VIBRA
NE;BA;SALVADOR;AUTO POSTO 035 LTDA; 10.000.035/0001-45;AVENIDA PAULISTA;3090;;CENTRO;65255-358;GASOLINA;31/07/2023;6,095;;R$ / litro;BRANCA
NE;BA;SALVADOR;AUTO POSTO 035 LTDA; 10000035000145 ;AVENIDA PAULISTA;3090;;CENTRO;65255-358;GNV;31/07/2023;5,060;4,296;R$ / m³;BRANCA
NE;BA;SALVADOR;AUTO POSTO 035 LTDA; 10000035000145 ;AVENIDA PAULISTA;3090;;CENTRO;65255-358;GASOLINA ADITIVADA;31/07/2023;5,937;;R$ / litro;BRANCA
NE;BA;SALVADOR;AUTO POSTO 036 LTDA;10.000.036/0001-52;RUA DAS FLORES;2672;;CENTRO;18993-899;GASOLINA ADITIVADA;31/07/2023;5,823;;R$ / litro;BRANCA
NE;BA;SALVADOR;AUTO POSTO 036 LTDA;10.000.036/0001-52;RUA DAS FLORES;2672;;CENTRO;18993-899;GNV;31/07/2023;5,048;;R$ / m³;BRANCA
NE;BA;FEIRA DE SANTANA;AUTO POSTO 037 LTDA;10.000.037/0001-59;AVENIDA BRASIL;2554;;CENTRO;29973-344;GASOLINA;31/07/2023;6,123;5,173;R$ / litro;VIBRA
NE;BA;FEIRA DE SANTANA;AUTO POSTO 037 LTDA; 10000037000159 ;AVENIDA BRASIL;2554;;CENTRO;29973-344;GASOLINA ADITIVADA;31/07/2023;5,974;5,361;R$ / litro;VIBRA
NE;BA;FEIRA DE SANTANA;AUTO POSTO 038 LTDA; 10.000.038/0001-66;AVENIDA PAULISTA;3151;;CENTRO;58351-271;GASOLINA;31/07/2023;0,000;;R$ / litro;ALESAT
NE;BA;FEIRA DE SANTANA;AUTO POSTO 038 LTDA;10.000.038/0001-66;AVENIDA PAULISTA;3151;;CENTRO;58351-271;GASOLINA ADITIVADA;31/07/2023;5,568;4,809;R$ / litro;ALESAT
NE;BA;FEIRA DE SANTANA;AUTO POSTO 039 LTDA; 10000039000173 ;AVENIDA BRASIL;2380;;CENTRO;13365-419;GNV;31/07/2023;4,624;;R$ / m³;ALESAT
NE;BA;FEIRA DE SANTANA;AUTO POSTO 039 LTDA;10.000.039/0001-73;AVENIDA BRASIL;2380;;CENTRO;13365-419;ETANOL;31/07/2023;3,561;3,155;R$ / litro;ALESAT
NE;BA;FEIRA DE SANTANA;AUTO POSTO 040 LTDA; 10.000.040/0001-80;RUA DAS FLORES;321;;CENTRO;87607-807;ETANOL;31/07/2023;3,708;;R$ / litro;VIBRA
NE;BA;FEIRA DE SANTANA;AUTO POSTO 040 LTDA;10.000.040/0001-80;RUA DAS FLORES;321;;CENTRO;87607-807;GASOLINA;31/07/2023;5,641;;R$ / litro;VIBRA
N;AM;MANAUS;AUTO POSTO 041 LTDA;10.000.041/0001-87;RODOVIA BR 116;3215;;CENTRO;15383-455;ETANOL;31/07/2023;3,312;;R$ / litro;ALESAT
N;AM;MANAUS;AUTO POSTO 041 LTDA; 10.000.041/0001-87;RODOVIA BR 116;3215;;CENTRO;15383-455;GASOLINA;31/07/2023;6,033;;R$ / litro;ALESAT
N;AM;MANAUS  ;AUTO POSTO 041 LTDA; 10.000.041/0001-87;RODOVIA BR 116;3215;;CENTRO;15383-455;GNV;31/07/2023;4,367;3,975;R$ / m³;ALESAT
N;AM;MANAUS;AUTO POSTO 042 LTDA;10.000.042/0001-94;AVENIDA PAULISTA;61;;CENTRO;65057-942;DIESEL S10;31/07/2023;6,169;;R$ / litro;RAIZEN
N;AM;MANAUS;AUTO POSTO 042 LTDA;10.000.042/0001-94;AVENIDA PAULISTA;61;;CENTRO;65057-942;ETANOL;31/07/2023;3,845;;R$ / litro;RAIZEN
N;AM;MANAUS;AUTO POSTO 043 LTDA;10.000.043/0001-01;RUA QUINZE DE NOVEMBRO;2907;;CENTRO;30052-545;ETANOL;31/07/2023;3,532;3,149;R$ / litro;VIBRA
N;AM;MANAUS;AUTO POSTO 043 LTDA;10.000.043/0001-01;RUA QUINZE DE NOVEMBRO;2907;;CENTRO;30052-545;DIESEL S10;31/07/2023;5,848;;R$ / litro;VIBRA
N;AM;MANAUS;AUTO POSTO 044 LTDA; 10000044000108 ;RODOVIA BR 116;3182;;CENTRO;73372-576;GNV;31/07/2023;5,120;4,743;R$ / m³;RAIZEN
N;AM;MANAUS;AUTO POSTO 044 LTDA; 10000044000108 ;RODOVIA BR 116;3182;;CENTRO;73372-576;GASOLINA ADITIVADA;31/07/2023;5,797;5,347;R$ / litro;RAIZEN
SE;SP;SÃO JOSÉ DOS CAMPOS;AUTO POSTO 045 LTDA; 10.000.045/0001-15;RUA DAS FLORES;3412;;CENTRO;21359-385;DIESEL S10;31/07/2023;5,931;;R$ / litro;RAIZEN
SE;SP;SÃO JOSÉ DOS CAMPOS;AUTO POSTO 046 LTDA;10.000.046/0001-22;AVENIDA PAULISTA;127;;CENTRO;74789-971;DIESEL S10;31/07/2023;6,849;6,040;R$ / litro;IPIRANGA
SE;SP;SÃO JOSÉ DOS CAMPOS;AUTO POSTO 046 LTDA; 10.000.046/0001-22;AVENIDA PAULISTA;127;;CENTRO;74789-971;GASOLINA ADITIVADA;31/07/2023;5,645;;R$ / litro;IPIRANGA
SE;SP;SÃO JOSÉ DOS CAMPOS;AUTO POSTO 047 LTDA; 10.000.047/0001-29;AVENIDA PAULISTA;3277;;CENTRO;43862-448;ETANOL;31/07/2023;4,161;3,633;R$ / litro;IPIRANGA
SE;SP;SÃO JOSÉ DOS CAMPOS;AUTO POSTO 047 LTDA;10.000.047/0001-29;AVENIDA PAULISTA;3277;;CENTRO;43862-448;GASOLINA;31/07/2023;6,106;;R$ / litro;IPIRANGA
SE;SP;SÃO JOSÉ DOS CAMPOS;AUTO POSTO 047 LTDA; 10000047000129 ;AVENIDA PAULISTA;3277;;CENTRO;43862-448;GNV;31/07/2023;4,224;;R$ / m³;IPIRANGA
SE;SP;SÃO JOSÉ DOS CAMPOS;AUTO POSTO 048 LTDA;10.000.048/0001-36;RUA DAS FLORES;360;;CENTRO;41635-837;GNV;31/07/2023;5,151;4,632;R$ / m³;RAIZEN
SE;SP;SÃO JOSÉ DOS CAMPOS;AUTO POSTO 048 LTDA;10.000.048/0001-36;RUA DAS FLORES;360;;CENTRO;41635-837;GASOLINA ADITIVADA;31/07/2023;5,776;;R$ / litro;RAIZEN
SE;SP;SÃO JOSÉ DOS CAMPOS;AUTO POSTO 048 LTDA;10.000.048/0001-36;RUA DAS FLORES;360;;CENTRO;41635-837;ETANOL;31/07/2023;4,125;3,807;R$ / litro;RAIZEN
SE;RJ;NITERÓI;AUTO POSTO 049 LTDA; 10.000.049/0001-43;RUA QUINZE DE NOVEMBRO;2655;;CENTRO;74332-558;ETANOL;31/07/2023;3,796;;R$ / litro;BRANCA
SE;RJ;NITERÓI;AUTO POSTO 049 LTDA; 10000049000143 ;RUA QUINZE DE NOVEMBRO;2655;;CENTRO;74332-558;GASOLINA ADITIVADA;31/07/2023;5,632;;R$ / litro;BRANCA
SE;RJ;NITERÓI;AUTO POSTO 050 LTDA;10.000.050/0001-50;RUA QUINZE DE NOVEMBRO;2843;;CENTRO;41890-413;DIESEL S10;31/07/2023;6,121;;R$ / litro;ALESAT
SE;RJ;NITERÓI;AUTO POSTO 050 LTDA; 10.000.050/0001-50;RUA QUINZE DE NOVEMBRO;2843;;CENTRO;41890-413;ETANOL;31/07/2023;3,613;3,059;R$ / litro;ALESAT
SE;RJ;NITERÓI;AUTO POSTO 050 LTDA;10.000.050/0001-50;RUA QUINZE DE NOVEMBRO;2843;;CENTRO;41890-413;GASOLINA ADITIVADA;31/07/2023;5,721;5,046;R$ / litro;ALESAT
SE;RJ;NITERÓI;AUTO POSTO 051 LTDA;10.000.051/0001-57;RODOVIA BR 116;1364;;CENTRO;56112-819;ETANOL;31/07/2023;3,787;;R$ / litro;RAIZEN
SE;RJ;niterói;AUTO POSTO 051 LTDA;10.000.051/0001-57;RODOVIA BR 116;1364;;CENTRO;56112-819;GNV;31/07/2023;4,415;;R$ / m³;RAIZEN
SE;RJ;NITERÓI;AUTO POSTO 051 LTDA; 10.000.051/0001-57;RODOVIA BR 116;1364;;CENTRO;56112-819;GASOLINA;31/07/2023;5,736;4,973;R$ / litro;RAIZEN
SE;RJ;NITERÓI;AUTO POSTO 052 LTDA; 10000052000164 ;AVENIDA BRASIL;2964;;CENTRO;35242-423;GNV;31/07/2023;5,055;;R$ / m³;BRANCA
SE;RJ;niterói;AUTO POSTO 052 LTDA;10.000.052/0001-64;AVENIDA BRASIL;2964;;CENTRO;35242-423;GASOLINA ADITIVADA;31/07/2023;5,694;;R$ / litro;BRANCA
SE;RJ;NITERÓI;AUTO POSTO 052 LTDA;10.000.052/0001-64;AVENIDA BRASIL;2964;;CENTRO;35242-423;GASOLINA;31/07/2023;5,941;5,425;R$ / litro;BRANCA
SE;SP;SAO PAULO;AUTO POSTO 002 LTDA;10.000.002/0001-14;RUA DAS FLORES;2619;;CENTRO;44335-265;DIESEL S10;14/08/2023;5,901;;R$ / litro;RAIZEN
SE;SP;SAO PAULO;AUTO POSTO 002 LTDA; 10000002000114 ;RUA DAS FLORES;2619;;CENTRO;44335-265;GASOLINA;14/08/2023;5,356;;R$ / litro;RAIZEN
SE;SP;SAO PAULO;AUTO POSTO 002 LTDA; 10000002000114 ;RUA DAS FLORES;2619;;CENTRO;44335-265;GNV;14/08/2023;4,229;;R$ / m³;RAIZEN
SE;SP;SAO PAULO;AUTO POSTO 003 LTDA;10.000.003/0001-21;AVENIDA BRASIL;3880;;CENTRO;29536-658;GNV;14/08/2023;4,475;;R$ / m³;BRANCA
SE;SP;SAO PAULO;AUTO POSTO 003 LTDA;10.000.003/0001-21;AVENIDA BRASIL;3880;;CENTRO;29536-658;GASOLINA ADITIVADA;14/08/2023;6,262;;R$ / litro;BRANCA
SE;SP;SAO PAULO;AUTO POSTO 003 LTDA;10.000.003/0001-21;AVENIDA BRASIL;3880;;CENTRO;29536-658;DIESEL S10;14/08/2023;6,108;5,240;R$ / litro;BRANCA
SE;SP;SAO PAULO;AUTO POSTO 004 LTDA;10.000.004/0001-28;RUA DAS FLORES;181;;CENTRO;50404-473;GASOLINA ADITIVADA;14/08/2023;6,638;;R$ / litro;BRANCA
SE;SP;SAO PAULO;AUTO POSTO 004 LTDA; 10000004000128 ;RUA DAS FLORES;181;;CENTRO;50404-473;GNV;14/08/2023;4,544;;R$ / m³;BRANCA
SE;SP;SAO PAULO;AUTO POSTO 004 LTDA;10.000.004/0001-28;RUA DAS FLORES;181;;CENTRO;50404-473;ETANOL;14/08/2023;3,615;3,328;R$ / litro;BRANCA
SE;SP;GUARULHOS  ;AUTO POSTO 005 LTDA;10.000.005/0001-35;AVENIDA BRASIL;1458;;CENTRO;83385-995;GASOLINA ADITIVADA;14/08/2023;6,621;5,953;R$ / litro;RAIZEN
SE;SP;GUARULHOS;AUTO POSTO 005 LTDA;10.000.005/0001-35;AVENIDA BRASIL;1458;;CENTRO;83385-995;GNV;14/08/2023;4,964;;R$ / m³;RAIZEN
SE;SP;GUARULHOS;AUTO POSTO 005 LTDA; 10000005000135 ;AVENIDA BRASIL;1458;;CENTRO;83385-995;GASOLINA;14/08/2023;5,690;;R$ / litro;RAIZEN
SE;SP;GUARULHOS;AUTO POSTO 006 LTDA; 10.000.006/0001-42;RUA DAS FLORES;3620;;CENTRO;64040-125;ETANOL;14/08/2023;4,248;;R$ / litro;VIBRA
SE;SP;GUARULHOS  ;AUTO POSTO 006 LTDA;10.000.006/0001-42;RUA DAS FLORES;3620;;CENTRO;64040-125;DIESEL S10;14/08/2023;6,720;;R$ / litro;VIBRA
SE;SP;GUARULHOS;AUTO POSTO 006 LTDA;10.000.006/0001-42;RUA DAS FLORES;3620;;CENTRO;64040-125;GNV;14/08/2023;4,690;4,038;R$ / m³;VIBRA
SE;SP;GUARULHOS;AUTO POSTO 007 LTDA;10.000.007/0001-49;RUA DAS FLORES;1102;;CENTRO;30866-906;GASOLINA;14/08/2023;5,665;;R$ / litro;BRANCA
SE;SP;GUARULHOS;AUTO POSTO 007 LTDA;10.000.007/0001-49;RUA DAS FLORES;1102;;CENTRO;30866-906;DIESEL S10;14/08/2023;6,811;;R$ / litro;BRANCA
SE;SP;GUARULHOS  ;AUTO POSTO 007 LTDA; 10.000.007/0001-49;RUA DAS FLORES;1102;;CENTRO;30866-906;GNV;14/08/2023;5,161;4,773;R$ / m³;BRANCA
SE;SP;GUARULHOS;AUTO POSTO 008 LTDA; 10.000.008/0001-56;RUA DAS FLORES;3354;;CENTRO;70332-458;GASOLINA ADITIVADA;14/08/2023;5,905;;R$ / litro;IPIRANGA
SE;SP;GUARULHOS;AUTO POSTO 008 LTDA; 10000008000156 ;RUA DAS FLORES;3354;;CENTRO;70332-458;GASOLINA;14/08/2023;6,014;5,576;R$ / litro;IPIRANGA
SE;SP;CAMPINAS;AUTO POSTO 009 LTDA; 10.000.009/0001-63;RUA DAS FLORES;1642;;CENTRO;53025-385;ETANOL;14/08/2023;3,490;;R$ / litro;BRANCA
SE;SP;CAMPINAS;AUTO POSTO 009 LTDA; 10.000.009/0001-63;RUA DAS FLORES;1642;;CENTRO;53025-385;DIESEL S10;14/08/2023;5,940;;R$ / litro;BRANCA
SE;SP;CAMPINAS;AUTO POSTO 009 LTDA; 10000009000163 ;RUA DAS FLORES;1642;;CENTRO;53025-385;GNV;14/08/2023;5,051;;R$ / m³;BRANCA
SE;SP;CAMPINAS;AUTO POSTO 010 LTDA; 10.000.010/0001-70;RODOVIA BR 116;1366;;CENTRO;13617-218;GNV;14/08/2023;5,121;;R$ / m³;IPIRANGA
SE;SP;CAMPINAS;AUTO POSTO 010 LTDA; 10000010000170 ;RODOVIA BR 116;1366;;CENTRO;13617-218;ETANOL;14/08/2023;3,383;;R$ / litro;IPIRANGA
SE;SP;CAMPINAS;AUTO POSTO 011 LTDA;10.000.011/0001-77;AVENIDA BRASIL;454;;CENTRO;88193-544;ETANOL;14/08/2023;4,027;;R$ / litro;IPIRANGA
SE;SP;CAMPINAS;AUTO POSTO 011 LTDA; 10.000.011/0001-77;AVENIDA BRASIL;454;;CENTRO;88193-544;DIESEL S10;14/08/2023;6,291;5,426;R$ / litro;IPIRANGA
SE;SP;CAMPINAS;AUTO POSTO 012 LTDA;10.000.012/0001-84;RODOVIA BR 116;483;;CENTRO;60488-690;GASOLINA;14/08/2023;5,353;;R$ / litro;VIBRA
SE;SP;CAMPINAS;AUTO POSTO 012 LTDA; 10000012000184 ;RODOVIA BR 116;483;;CENTRO;60488-690;DIESEL S10;14/08/2023;6,342;5,639;R$ / litro;VIBRA
SE;SP;CAMPINAS;AUTO POSTO 012 LTDA;10.000.012/0001-84;RODOVIA BR 116;483;;CENTRO;60488-690;GNV;14/08/2023;4,363;3,997;R$ / m³;VIBRA
SE;RJ;RIO DE JANEIRO;AUTO POSTO 013 LTDA;10.000.013/0001-91;RODOVIA BR 116;3801;;CENTRO;80575-803;DIESEL S10;14/08/2023;5,882;5,140;R$ / litro;VIBRA
SE;RJ;RIO DE JANEIRO;AUTO POSTO 013 LTDA;10.000.013/0001-91;RODOVIA BR 116;3801;;CENTRO;80575-803;GASOLINA;14/08/2023;5,672;;R$ / litro;VIBRA
SE;RJ;RIO DE JANEIRO;AUTO POSTO 013 LTDA; 10000013000191 ;RODOVIA BR 116;3801;;CENTRO;80575-803;ETANOL;14/08/2023;4,425;4,071;R$ / litro;VIBRA
SE;RJ;RIO DE JANEIRO;AUTO POSTO 014 LTDA;10.000.014/0001-98;AVENIDA PAULISTA;2562;;CENTRO;51145-779;ETANOL;14/08/2023;4,467;;R$ / litro;BRANCA
SE;RJ;RIO DE JANEIRO;AUTO POSTO 014 LTDA; 10.000.014/0001-98;AVENIDA PAULISTA;2562;;CENTRO;51145-779;GNV;14/08/2023;4,861;4,125;R$ / m³;BRANCA
SE;RJ;RIO DE JANEIRO;AUTO POSTO 014 LTDA; 10000014000198 ;AVENIDA PAULISTA;2562;;CENTRO;51145-779;DIESEL S10;14/08/2023;5,969;5,244;R$ / litro;BRANCA
SE;RJ;RIO DE JANEIRO;AUTO POSTO 015 LTDA; 10000015000105 ;RUA QUINZE DE NOVEMBRO;1346;;CENTRO;62743-813;GASOLINA ADITIVADA;14/08/2023;5,770;4,936;R$ / litro;IPIRANGA
SE;RJ;rio de janeiro;AUTO POSTO 015 LTDA; 10.000.015/0001-05;RUA QUINZE DE NOVEMBRO;1346;;CENTRO;62743-813;GNV;14/08/2023;4,291;;R$ / m³;IPIRANGA
SE;RJ;RIO DE JANEIRO;AUTO POSTO 015 LTDA; 10.000.015/0001-05;RUA QUINZE DE NOVEMBRO;1346;;CENTRO;62743-813;DIESEL S10;14/08/2023;6,005;5,282;R$ / litro;IPIRANGA
SE;RJ;RIO DE JANEIRO;AUTO POSTO 016 LTDA;10.000.016/0001-12;RUA QUINZE DE NOVEMBRO;2784;;CENTRO;32810-730;DIESEL S10;14/08/2023;5,966;;R$ / litro;ALESAT
SE;RJ;RIO DE JANEIRO;AUTO POSTO 016 LTDA; 10000016000112 ;RUA QUINZE DE NOVEMBRO;2784;;CENTRO;32810-730;GASOLINA ADITIVADA;14/08/2023;6,618;;R$ / litro;ALESAT
SE;MG;BELO HORIZONTE;AUTO POSTO 017 LTDA; 10000017000119 ;AVENIDA PAULISTA;870;;CENTRO;66346-904;ETANOL;14/08/2023;4,455;;R$ / litro;ALESAT
SE;MG;BELO HORIZONTE;AUTO POSTO 017 LTDA;10.000.017/0001-19;AVENIDA PAULISTA;870;;CENTRO;66346-904;DIESEL S10;14/08/2023;6,324;5,826;R$ / litro;ALESAT
SE;MG;BELO HORIZONTE;AUTO POSTO 017 LTDA;10.000.017/0001-19;AVENIDA PAULISTA;870;;CENTRO;66346-904;GASOLINA ADITIVADA;14/08/2023;5,682;;R$ / litro;ALESAT
SE;MG;BELO HORIZONTE;AUTO POSTO 018 LTDA;10.000.018/0001-26;RUA QUINZE DE NOVEMBRO;2777;;CENTRO;38010-623;GASOLINA ADITIVADA;14/08/2023;6,439;5,654;R$ / litro;RAIZEN
SE;MG;BELO HORIZONTE;AUTO POSTO 018 LTDA;10.000.018/0001-26;RUA QUINZE DE NOVEMBRO;2777;;CENTRO;38010-623;GASOLINA;14/08/2023;6,218;5,733;R$ / litro;RAIZEN
SE;MG;BELO HORIZONTE  ;AUTO POSTO 018 LTDA; 10.000.018/0001-26;RUA QUINZE DE NOVEMBRO;2777;;CENTRO;38010-623;GNV;14/08/2023;4,720;;R$ / m³;RAIZEN
SE;MG;BELO HORIZONTE;AUTO POSTO 019 LTDA; 10000019000133 ;RODOVIA BR 116;2729;;CENTRO;53933-195;GASOLINA ADITIVADA;14/08/2023;5,674;5,055;R$ / litro;VIBRA
SE;MG;BELO HORIZONTE;AUTO POSTO 019 LTDA;10.000.019/0001-33;RODOVIA BR 116;2729;;CENTRO;53933-195;GASOLINA;14/08/2023;6,317;;R$ / litro;VIBRA
SE;MG;BELO HORIZONTE;AUTO POSTO 020 LTDA; 10.000.020/0001-40;RUA DAS FLORES;110;;CENTRO;16057-350;GASOLINA;14/08/2023;6,266;5,633;R$ / litro;RAIZEN
SE;MG;BELO HORIZONTE;AUTO POSTO 020 LTDA;10.000.020/0001-40;RUA DAS FLORES;110;;CENTRO;16057-350;DIESEL S10;14/08/2023;6,103;5,461;R$ / litro;RAIZEN
SE;MG;BELO HORIZONTE  ;AUTO POSTO 020 LTDA; 10.000.020/0001-40;RUA DAS FLORES;110;;CENTRO;16057-350;GASOLINA ADITIVADA;14/08/2023;6,537;5,972;R$ / litro;RAIZEN
SE;MG;UBERLANDIA;AUTO POSTO 021 LTDA; 10000021000147 ;RODOVIA BR 116;806;;CENTRO;60328-606;GASOLINA ADITIVADA;14/08/2023;6,494;;R$ / litro;RAIZEN
SE;MG;UBERLANDIA;AUTO POSTO 021 LTDA; 10.000.021/0001-47;RODOVIA BR 116;806;;CENTRO;60328-606;GASOLINA;14/08/2023;6,372;;R$ / litro;RAIZEN
SE;MG;UBERLANDIA;AUTO POSTO 022 LTDA; 10000022000154 ;AVENIDA BRASIL;3198;;CENTRO;65724-324;GNV;14/08/2023;4,805;4,227;R$ / m³;VIBRA
SE;MG;UBERLANDIA;AUTO POSTO 022 LTDA; 10000022000154 ;AVENIDA BRASIL;3198;;CENTRO;65724-324;DIESEL S10;14/08/2023;6,635;;R$ / litro;VIBRA
SE;MG;UBERLANDIA;AUTO POSTO 022 LTDA;10.000.022/0001-54;AVENIDA BRASIL;3198;;CENTRO;65724-324;GASOLINA;14/08/2023;5,372;;R$ / litro;VIBRA
SE;MG;UBERLANDIA;AUTO POSTO 023 LTDA;10.000.023/0001-61;RODOVIA BR 116;1030;;CENTRO;25906-567;GNV;14/08/2023;4,374;;R$ / m³;VIBRA
SE;MG;UBERLANDIA  ;AUTO POSTO 023 LTDA;10.000.023/0001-61;RODOVIA BR 116;1030;;CENTRO;25906-567;ETANOL;14/08/2023;3,556;;R$ / litro;VIBRA
SE;MG;UBERLANDIA;AUTO POSTO 023 LTDA;10.000.023/0001-61;RODOVIA BR 116;1030;;CENTRO;25906-567;GASOLINA ADITIVADA;14/08/2023;6,299;5,568;R$ / litro;VIBRA
SE;MG;UBERLANDIA;AUTO POSTO 024 LTDA; 10000024000168 ;RODOVIA BR 116;3348;;CENTRO;76162-536;GASOLINA ADITIVADA;14/08/2023;6,196;5,296;R$ / litro;ALESAT
SE;MG;UBERLANDIA;AUTO POSTO 024 LTDA;10.000.024/0001-68;RODOVIA BR 116;3348;;CENTRO;76162-536;DIESEL S10;14/08/2023;6,114;5,225;R$ / litro;ALESAT
SE;MG;UBERLANDIA;AUTO POSTO 024 LTDA;10.000.024/0001-68;RODOVIA BR 116;3348;;CENTRO;76162-536;GNV;14/08/2023;4,847;;R$ / m³;ALESAT
S;RS;PORTO ALEGRE;AUTO POSTO 025 LTDA;10.000.025/0001-75;AVENIDA PAULISTA;3089;;CENTRO;42406-960;DIESEL S10;14/08/2023;6,751;;R$ / litro;IPIRANGA
S;RS;PORTO ALEGRE;AUTO POSTO 025 LTDA;10.000.025/0001-75;AVENIDA PAULISTA;3089;;CENTRO;42406-960;GASOLINA ADITIVADA;14/08/2023;6,262;;R$ / litro;IPIRANGA
S;RS;PORTO ALEGRE;AUTO POSTO 026 LTDA; 10.000.026/0001-82;RUA QUINZE DE NOVEMBRO;327;;CENTRO;47450-340;ETANOL;14/08/2023;4,127;;R$ / litro;IPIRANGA
S;RS;PORTO ALEGRE;AUTO POSTO 026 LTDA; 10.000.026/0001-82;RUA QUINZE DE NOVEMBRO;327;;CENTRO;47450-340;GASOLINA;14/08/2023;5,805;5,034;R$ / litro;IPIRANGA
S;RS;PORTO ALEGRE;AUTO POSTO 026 LTDA;10.000.026/0001-82;RUA QUINZE DE NOVEMBRO;327;;CENTRO;47450-340;DIESEL S10;14/08/2023;5,808;;R$ / litro;IPIRANGA
S;RS;PORTO ALEGRE;AUTO POSTO 027 LTDA; 10.000.027/0001-89;RUA DAS FLORES;957;;CENTRO;60205-810;GASOLINA ADITIVADA;14/08/2023;5,878;4,971;R$ / litro;VIBRA
S;RS;PORTO ALEGRE;AUTO POSTO 027 LTDA; 10.000.027/0001-89;RUA DAS FLORES;957;;CENTRO;60205-810;GASOLINA;14/08/2023;5,587;;R$ / litro;VIBRA
S;RS;PORTO ALEGRE;AUTO POSTO 027 LTDA;10.000.027/0001-89;RUA DAS FLORES;957;;CENTRO;60205-810;GNV;14/08/2023;4,717;3,986;R$ / m³;VIBRA
S;RS;PORTO ALEGRE;AUTO POSTO 028 LTDA; 10000028000196 ;RUA QUINZE DE NOVEMBRO;1365;;CENTRO;81121-577;GASOLINA ADITIVADA;14/08/2023;6,277;;R$ / litro;RAIZEN
S;RS;PORTO ALEGRE;AUTO POSTO 028 LTDA; 10.000.028/0001-96;RUA QUINZE DE NOVEMBRO;1365;;CENTRO;81121-577;DIESEL S10;14/08/2023;6,085;;R$ / litro;RAIZEN
S;RS;CAXIAS DO SUL  ;AUTO POSTO 029 LTDA; 10.000.029/0001-03;RUA QUINZE DE NOVEMBRO;3716;;CENTRO;86556-812;DIESEL S10;14/08/2023;6,797;;R$ / litro;BRANCA
S;RS;CAXIAS DO SUL;AUTO POSTO 029 LTDA;10.000.029/0001-03;RUA QUINZE DE NOVEMBRO;3716;;CENTRO;86556-812;GNV;14/08/2023;4,494;;R$ / m³;BRANCA
S;RS;CAXIAS DO SUL;AUTO POSTO 029 LTDA;10.000.029/0001-03;RUA QUINZE DE NOVEMBRO;3716;;CENTRO;86556-812;GASOLINA;14/08/2023;6,342;;R$ / litro;BRANCA
S;RS;CAXIAS DO SUL;AUTO POSTO 030 LTDA;10.000.030/0001-10;AVENIDA PAULISTA;1233;;CENTRO;61116-973;GNV;14/08/2023;4,944;4,504;R$ / m³;RAIZEN
S;RS;CAXIAS DO SUL;AUTO POSTO 030 LTDA; 10.000.030/0001-10;AVENIDA PAULISTA;1233;;CENTRO;61116-973;GASOLINA ADITIVADA;14/08/2023;6,060;5,120;R$ / litro;RAIZEN
S;RS;CAXIAS DO SUL;AUTO POSTO 030 LTDA;10.000.030/0001-10;AVENIDA PAULISTA;1233;;CENTRO;61116-973;DIESEL S10;14/08/2023;6,319;5,376;R$ / litro;RAIZEN
S;RS;CAXIAS DO SUL;AUTO POSTO 031 LTDA; 10000031000117 ;RUA DAS FLORES;1127;;CENTRO;67125-597;ETANOL;14/08/2023;3,270;;R$ / litro;BRANCA
S;RS;CAXIAS DO SUL;AUTO POSTO 031 LTDA; 10000031000117 ;RUA DAS FLORES;1127;;CENTRO;67125-597;DIESEL S10;14/08/2023;6,886;;R$ / litro;BRANCA
S;RS;CAXIAS DO SUL;AUTO POSTO 031 LTDA;10.000.031/0001-17;RUA DAS FLORES;1127;;CENTRO;67125-597;GNV;14/08/2023;4,979;;R$ / m³;BRANCA
S;RS;CAXIAS DO SUL;AUTO POSTO 032 LTDA;10.000.032/0001-24;RUA DAS FLORES;3452;;CENTRO;71261-230;GASOLINA;14/08/2023;5,305;4,820;R$ / litro;ALESAT
S;RS;CAXIAS DO SUL;AUTO POSTO 032 LTDA; 10000032000124 ;RUA DAS FLORES;3452;;CENTRO;71261-230;DIESEL S10;14/08/2023;6,664;;R$ / litro;ALESAT
S;RS;CAXIAS DO SUL;AUTO POSTO 032 LTDA; 10000032000124 ;RUA DAS FLORES;3452;;CENTRO;71261-230;ETANOL;14/08/2023;3,724;;R$ / litro;ALESAT
NE;BA;SALVADOR  ;AUTO POSTO 033 LTDA; 10.000.033/0001-31;RODOVIA BR 116;2725;;CENTRO;13552-185;DIESEL S10;14/08/2023;6,633;;R$ / litro;RAIZEN
NE;BA;SALVADOR;AUTO POSTO 034 LTDA; 10.000.034/0001-38;AVENIDA BRASIL;1075;;CENTRO;59689-435;GNV;14/08/2023;4,512;3,994;R$ / m³;VIBRA
NE;BA;SALVADOR  ;AUTO POSTO 034 LTDA; 10.000.034/0001-38;AVENIDA BRASIL;1075;;CENTRO;59689-435;GASOLINA ADITIVADA;14/08/2023;6,027;;R$ / litro;VIBRA
NE;BA;SALVADOR;AUTO POSTO 035 LTDA; 10000035000145 ;AVENIDA PAULISTA;3090;;CENTRO;65255-358;GASOLINA;14/08/2023;5,695;5,270;R$ / litro;BRANCA
NE;BA;SALVADOR;AUTO POSTO 035 LTDA;10.000.035/0001-45;AVENIDA PAULISTA;3090;;CENTRO;65255-358;GNV;14/08/2023;4,424;;R$ / m³;BRANCA
NE;BA;SALVADOR  ;AUTO POSTO 035 LTDA;10.000.035/0001-45;AVENIDA PAULISTA;3090;;CENTRO;65255-358;GASOLINA ADITIVADA;14/08/2023;5,963;;R$ / litro;BRANCA
NE;BA;SALVADOR;AUTO POSTO 036 LTDA;10.000.036/0001-52;RUA DAS FLORES;2672;;CENTRO;18993-899;GASOLINA ADITIVADA;14/08/2023;6,278;;R$ / litro;BRANCA
NE;BA;FEIRA DE SANTANA;AUTO POSTO 037 LTDA; 10000037000159 ;AVENIDA BRASIL;2554;;CENTRO;29973-344;GASOLINA;14/08/2023;5,436;4,910;R$ / litro;VIBRA
NE;BA;FEIRA DE SANTANA;AUTO POSTO 037 LTDA;10.000.037/0001-59;AVENIDA BRASIL;2554;;CENTRO;29973-344;GASOLINA ADITIVADA;14/08/2023;5,881;;R$ / litro;VIBRA
NE;BA;FEIRA DE SANTANA;AUTO POSTO 037 LTDA;10.000.037/0001-59;AVENIDA BRASIL;2554;;CENTRO;29973-344;DIESEL S10;14/08/2023;6,261;;R$ / litro;VIBRA
NE;BA;FEIRA DE SANTANA;AUTO POSTO 038 LTDA; 10.000.038/0001-66;AVENIDA PAULISTA;3151;;CENTRO;58351-271;GASOLINA;14/08/2023;5,425;4,654;R$ / litro;ALESAT
NE;BA;FEIRA DE SANTANA;AUTO POSTO 038 LTDA;10.000.038/0001-66;AVENIDA PAULISTA;3151;;CENTRO;58351-271;GASOLINA ADITIVADA;14/08/2023;5,944;;R$ / litro;ALESAT
NE;BA;FEIRA DE SANTANA;AUTO POSTO 038 LTDA;10.000.038/0001-66;AVENIDA PAULISTA;3151;;CENTRO;58351-271;DIESEL S10;14/08/2023;6,557;;R$ / litro;ALESAT
NE;BA;FEIRA DE SANTANA  ;AUTO POSTO 039 LTDA; 10.000.039/0001-73;AVENIDA BRASIL;2380;;CENTRO;13365-419;DIESEL S10;14/08/2023;5,964;5,284;R$ / litro;ALESAT
NE;BA;FEIRA DE SANTANA;AUTO POSTO 039 LTDA; 10.000.039/0001-73;AVENIDA BRASIL;2380;;CENTRO;13365-419;GNV;14/08/2023;4,844;;R$ / m³;ALESAT
NE;BA;FEIRA DE SANTANA;AUTO POSTO 039 LTDA;10.000.039/0001-73;AVENIDA BRASIL;2380;;CENTRO;13365-419;ETANOL;14/08/2023;3,330;2,809;R$ / litro;ALESAT
NE;BA;FEIRA DE SANTANA;AUTO POSTO 040 LTDA; 10.000.040/0001-80;RUA DAS FLORES;321;;CENTRO;87607-807;ETANOL;14/08/2023;3,754;3,441;R$ / litro;VIBRA
NE;BA;FEIRA DE SANTANA;AUTO POSTO 040 LTDA; 10.000.040/0001-80;RUA DAS FLORES;321;;CENTRO;87607-807;GASOLINA;14/08/2023;-1,000;5,754;R$ / litro;VIBRA
N;AM;MANAUS;AUTO POSTO 041 LTDA;10.000.041/0001-87;RODOVIA BR 116;3215;;CENTRO;15383-455;ETANOL;14/08/2023;3,721;;R$ / litro;ALESAT
N;AM;MANAUS;AUTO POSTO 041 LTDA; 10000041000187 ;RODOVIA BR 116;3215;;CENTRO;15383-455;GASOLINA;14/08/2023;6,180;;R$ / litro;ALESAT
N;AM;MANAUS;AUTO POSTO 041 LTDA;10.000.041/0001-87;RODOVIA BR 116;3215;;CENTRO;15383-455;GNV;14/08/2023;5,182;;R$ / m³;ALESAT
N;AM;MANAUS;AUTO POSTO 042 LTDA; 10000042000194 ;AVENIDA PAULISTA;61;;CENTRO;65057-942;DIESEL S10;14/08/2023;6,682;;R$ / litro;RAIZEN
N;AM;MANAUS;AUTO POSTO 042 LTDA; 10.000.042/0001-94;AVENIDA PAULISTA;61;;CENTRO;65057-942;ETANOL;14/08/2023;3,995;;R$ / litro;RAIZEN
N;AM;MANAUS;AUTO POSTO 043 LTDA;10.000.043/0001-01;RUA QUINZE DE NOVEMBRO;2907;;CENTRO;30052-545;GNV;14/08/2023;4,683;;R$ / m³;VIBRA
N;AM;MANAUS;AUTO POSTO 043 LTDA;10.000.043/0001-01;RUA QUINZE DE NOVEMBRO;2907;;CENTRO;30052-545;ETANOL;14/08/2023;3,540;3,198;R$ / litro;VIBRA
N;AM;MANAUS;AUTO POSTO 043 LTDA;10.000.043/0001-01;RUA QUINZE DE NOVEMBRO;2907;;CENTRO;30052-545;DIESEL S10;14/08/2023;6,876;;R$ / litro;VIBRA
N;AM;MANAUS;AUTO POSTO 044 LTDA;10.000.044/0001-08;RODOVIA BR 116;3182;;CENTRO;73372-576;GNV;14/08/2023;4,633;;R$ / m³;RAIZEN
N;AM;MANAUS;AUTO POSTO 044 LTDA; 10000044000108 ;RODOVIA BR 116;3182;;CENTRO;73372-576;ETANOL;14/08/2023;3,393;;R$ / litro;RAIZEN
N;AM;MANAUS;AUTO POSTO 044 LTDA;10.000.044/0001-08;RODOVIA BR 116;3182;;CENTRO;73372-576;GASOLINA ADITIVADA;14/08/2023;6,258;5,735;R$ / litro;RAIZEN
SE;SP;SÃO JOSÉ DOS CAMPOS;AUTO POSTO 045 LTDA;10.000.045/0001-15;RUA DAS FLORES;3412;;CENTRO;21359-385;DIESEL S10;14/08/2023;6,627;5,764;R$ / litro;RAIZEN
SE;SP;SÃO JOSÉ DOS CAMPOS;AUTO POSTO 045 LTDA; 10000045000115 ;RUA DAS FLORES;3412;;CENTRO;21359-385;GNV;14/08/2023;4,603;4,057;R$ / m³;RAIZEN
SE;SP;SÃO JOSÉ DOS CAMPOS;AUTO POSTO 046 LTDA; 10000046000122 ;AVENIDA PAULISTA;127;;CENTRO;74789-971;DIESEL S10;14/08/2023;6,292;5,567;R$ / litro;IPIRANGA
SE;SP;SÃO JOSÉ DOS CAMPOS;AUTO POSTO 046 LTDA; 10000046000122 ;AVENIDA PAULISTA;127;;CENTRO;74789-971;GASOLINA ADITIVADA;14/08/2023;5,589;;R$ / litro;IPIRANGA
SE;SP;SÃO JOSÉ DOS CAMPOS;AUTO POSTO 047 LTDA; 10.000.047/0001-29;AVENIDA PAULISTA;3277;;CENTRO;43862-448;ETANOL;14/08/2023;4,357;;R$ / litro;IPIRANGA
SE;SP;SÃO JOSÉ DOS CAMPOS;AUTO POSTO 047 LTDA; 10.000.047/0001-29;AVENIDA PAULISTA;3277;;CENTRO;43862-448;GASOLINA;14/08/2023;5,700;4,902;R$ / litro;IPIRANGA
SE;SP;SÃO JOSÉ DOS CAMPOS;AUTO POSTO 047 LTDA; 10000047000129 ;AVENIDA PAULISTA;3277;;CENTRO;43862-448;GNV;14/08/2023;4,917;4,331;R$ / m³;IPIRANGA
SE;SP;SÃO JOSÉ DOS CAMPOS  ;AUTO POSTO 048 LTDA; 10.000.048/0001-36;RUA DAS FLORES;360;;CENTRO;41635-837;GASOLINA ADITIVADA;14/08/2023;6,152;5,227;R$ / litro;RAIZEN
SE;SP;SÃO JOSÉ DOS CAMPOS;AUTO POSTO 048 LTDA; 10000048000136 ;RUA DAS FLORES;360;;CENTRO;41635-837;ETANOL;14/08/2023;3,339;;R$ / litro;RAIZEN
SE;RJ;NITERÓI;AUTO POSTO 049 LTDA; 10000049000143 ;RUA QUINZE DE NOVEMBRO;2655;;CENTRO;74332-558;ETANOL;14/08/2023;3,480;;R$ / litro;BRANCA
SE;RJ;NITERÓI;AUTO POSTO 049 LTDA; 10000049000143 ;RUA QUINZE DE NOVEMBRO;2655;;CENTRO;74332-558;GASOLINA ADITIVADA;14/08/2023;5,601;;R$ / litro;BRANCA
SE;RJ;NITERÓI;AUTO POSTO 050 LTDA; 10000050000150 ;RUA QUINZE DE NOVEMBRO;2843;;CENTRO;41890-413;DIESEL S10;14/08/2023;6,303;;R$ / litro;ALESAT
SE;RJ;NITERÓI;AUTO POSTO 050 LTDA;10.000.050/0001-50;RUA QUINZE DE NOVEMBRO;2843;;CENTRO;41890-413;ETANOL;14/08/2023;3,889;3,594;R$ / litro;ALESAT
SE;RJ;NITERÓI;AUTO POSTO 050 LTDA;10.000.050/0001-50;RUA QUINZE DE NOVEMBRO;2843;;CENTRO;41890-413;GASOLINA ADITIVADA;14/08/2023;6,311;5,764;R$ / litro;ALESAT
SE;RJ;NITERÓI;AUTO POSTO 051 LTDA; 10.000.051/0001-57;RODOVIA BR 116;1364;;CENTRO;56112-819;ETANOL;14/08/2023;3,855;3,578;R$ / litro;RAIZEN
SE;RJ;NITERÓI;AUTO POSTO 051 LTDA; 10.000.051/0001-57;RODOVIA BR 116;1364;;CENTRO;56112-819;GNV;14/08/2023;4,598;3,984;R$ / m³;RAIZEN
SE;RJ;NITERÓI;AUTO POSTO 051 LTDA; 10.000.051/0001-57;RODOVIA BR 116;1364;;CENTRO;56112-819;GASOLINA;14/08/2023;6,227;;R$ / litro;RAIZEN
SE;RJ;NITERÓI;AUTO POSTO 052 LTDA;10.000.052/0001-64;AVENIDA BRASIL;2964;;CENTRO;35242-423;GNV;14/08/2023;4,401;;R$ / m³;BRANCA
SE;RJ;NITERÓI;AUTO POSTO 052 LTDA;10.000.052/0001-64;AVENIDA BRASIL;2964;;CENTRO;35242-423;GASOLINA ADITIVADA;14/08/2023;6,629;;R$ / litro;BRANCA
SE;RJ;NITERÓI;AUTO POSTO 052 LTDA; 10.000.052/0001-64;AVENIDA BRASIL;2964;;CENTRO;35242-423;GASOLINA;14/08/2023;6,081;;R$ / litro;BRANCA
SE;SP;SAO PAULO;AUTO POSTO 001 LTDA; 10000001000107 ;AVENIDA BRASIL;2608;;CENTRO;65518-949;GASOLINA;28/08/2023;6,042;;R$ / litro;IPIRANGA
SE;SP;SAO PAULO;AUTO POSTO 001 LTDA; 10000001000107 ;AVENIDA BRASIL;2608;;CENTRO;65518-949;ETANOL;28/08/2023;4,251;;R$ / litro;IPIRANGA
SE;SP;SAO PAULO;AUTO POSTO 002 LTDA;10.000.002/0001-14;RUA DAS FLORES;2619;;CENTRO;44335-265;GASOLINA;28/08/2023;5,594;;R$ / litro;RAIZEN
SE;SP;SAO PAULO;AUTO POSTO 002 LTDA;10.000.002/0001-14;RUA DAS FLORES;2619;;CENTRO;44335-265;GNV;28/08/2023;5,039;;R$ / m³;RAIZEN
SE;SP;SAO PAULO;AUTO POSTO 003 LTDA;10.000.003/0001-21;AVENIDA BRASIL;3880;;CENTRO;29536-658;GNV;28/08/2023;4,559;;R$ / m³;BRANCA
SE;SP;SAO PAULO;AUTO POSTO 003 LTDA;10.000.003/0001-21;AVENIDA BRASIL;3880;;CENTRO;29536-658;GASOLINA ADITIVADA;28/08/2023;6,367;;R$ / litro;BRANCA
SE;SP;SAO PAULO;AUTO POSTO 003 LTDA; 10.000.003/0001-21;AVENIDA BRASIL;3880;;CENTRO;29536-658;DIESEL S10;28/08/2023;6,562;5,737;R$ / litro;BRANCA
SE;SP;SAO PAULO;AUTO POSTO 004 LTDA; 10.000.004/0001-28;RUA DAS FLORES;181;;CENTRO;50404-473;GASOLINA ADITIVADA;28/08/2023;6,612;5,997;R$ / litro;BRANCA
SE;SP;SAO PAULO;AUTO POSTO 004 LTDA; 10000004000128 ;RUA DAS FLORES;181;;CENTRO;50404-473;GNV;28/08/2023;5,030;;R$ / m³;BRANCA
SE;SP;SAO PAULO;AUTO POSTO 004 LTDA;10.000.004/0001-28;RUA DAS FLORES;181;;CENTRO;50404-473;ETANOL;28/08/2023;4,209;;R$ / litro;BRANCA
SE;SP;GUARULHOS;AUTO POSTO 005 LTDA;10.000.005/0001-35;AVENIDA BRASIL;1458;;CENTRO;83385-995;GASOLINA ADITIVADA;28/08/2023;5,756;5,101;R$ / litro;RAIZEN
SE;SP;GUARULHOS;AUTO POSTO 005 LTDA; 10.000.005/0001-35;AVENIDA BRASIL;1458;;CENTRO;83385-995;GNV;28/08/2023;4,330;;R$ / m³;RAIZEN
SE;SP;GUARULHOS;AUTO POSTO 005 LTDA;10.000.005/0001-35;AVENIDA BRASIL;1458;;CENTRO;83385-995;GASOLINA;28/08/2023;5,344;;R$ / litro;RAIZEN
SE;SP;GUARULHOS;AUTO POSTO 006 LTDA; 10.000.006/0001-42;RUA DAS FLORES;3620;;CENTRO;64040-125;ETANOL;28/08/2023;3,838;;R$ / litro;VIBRA
SE;SP;GUARULHOS;AUTO POSTO 006 LTDA; 10.000.006/0001-42;RUA DAS FLORES;3620;;CENTRO;64040-125;DIESEL S10;28/08/2023;6,378;;R$ / litro;VIBRA
SE;SP;GUARULHOS;AUTO POSTO 006 LTDA;10.000.006/0001-42;RUA DAS FLORES;3620;;CENTRO;64040-125;GNV;28/08/2023;4,616;;R$ / m³;VIBRA
SE;SP;GUARULHOS;AUTO POSTO 007 LTDA; 10.000.007/0001-49;RUA DAS FLORES;1102;;CENTRO;30866-906;DIESEL S10;28/08/2023;6,164;5,705;R$ / litro;BRANCA
SE;SP;GUARULHOS;AUTO POSTO 007 LTDA;10.000.007/0001-49;RUA DAS FLORES;1102;;CENTRO;30866-906;GNV;28/08/2023;4,315;3,718;R$ / m³;BRANCA
SE;SP;GUARULHOS;AUTO POSTO 008 LTDA;10.000.008/0001-56;RUA DAS FLORES;3354;;CENTRO;70332-458;GASOLINA ADITIVADA;28/08/2023;6,605;;R$ / litro;IPIRANGA
SE;SP;GUARULHOS;AUTO POSTO 008 LTDA;10.000.008/0001-56;RUA DAS FLORES;3354;;CENTRO;70332-458;GASOLINA;28/08/2023;5,724;;R$ / litro;IPIRANGA
SE;SP;CAMPINAS;AUTO POSTO 009 LTDA; 10.000.009/0001-63;RUA DAS FLORES;1642;;CENTRO;53025-385;ETANOL;28/08/2023;3,869;;R$ / litro;BRANCA
SE;SP;CAMPINAS;AUTO POSTO 009 LTDA;10.000.009/0001-63;RUA DAS FLORES;1642;;CENTRO;53025-385;DIESEL S10;28/08/2023;6,152;5,221;R$ / litro;BRANCA
SE;SP;CAMPINAS;AUTO POSTO 009 LTDA;10.000.009/0001-63;RUA DAS FLORES;1642;;CENTRO;53025-385;GNV;28/08/2023;4,827;4,328;R$ / m³;BRANCA
SE;SP;CAMPINAS;AUTO POSTO 010 LTDA;10.000.010/0001-70;RODOVIA BR 116;1366;;CENTRO;13617-218;GNV;28/08/2023;4,406;;R$ / m³;IPIRANGA
SE;SP;CAMPINAS;AUTO POSTO 010 LTDA; 10000010000170 ;RODOVIA BR 116;1366;;CENTRO;13617-218;ETANOL;28/08/2023;4,041;;R$ / litro;IPIRANGA
SE;SP;CAMPINAS;AUTO POSTO 011 LTDA; 10000011000177 ;AVENIDA BRASIL;454;;CENTRO;88193-544;ETANOL;28/08/2023;4,132;3,498;R$ / litro;IPIRANGA
SE;SP;CAMPINAS;AUTO POSTO 011 LTDA;10.000.011/0001-77;AVENIDA BRASIL;454;;CENTRO;88193-544;DIESEL S10;28/08/2023;6,432;5,553;R$ / litro;IPIRANGA
SE;SP;CAMPINAS;AUTO POSTO 011 LTDA; 10000011000177 ;AVENIDA BRASIL;454;;CENTRO;88193-544;GNV;28/08/2023;4,516;3,842;R$ / m³;IPIRANGA
SE;SP;CAMPINAS  ;AUTO POSTO 012 LTDA;10.000.012/0001-84;RODOVIA BR 116;483;;CENTRO;60488-690;DIESEL S10;28/08/2023;6,119;;R$ / litro;VIBRA
SE;SP;CAMPINAS;AUTO POSTO 012 LTDA; 10000012000184 ;RODOVIA BR 116;483;;CENTRO;60488-690;GNV;28/08/2023;4,581;;R$ / m³;VIBRA
SE;RJ;RIO DE JANEIRO;AUTO POSTO 013 LTDA; 10000013000191 ;RODOVIA BR 116;3801;;CENTRO;80575-803;GASOLINA;28/08/2023;6,176;;R$ / litro;VIBRA
SE;RJ;RIO DE JANEIRO;AUTO POSTO 013 LTDA; 10.000.013/0001-91;RODOVIA BR 116;3801;;CENTRO;80575-803;ETANOL;28/08/2023;4,080;;R$ / litro;VIBRA
SE;RJ;RIO DE JANEIRO;AUTO POSTO 014 LTDA; 10.000.014/0001-98;AVENIDA PAULISTA;2562;;CENTRO;51145-779;ETANOL;28/08/2023;4,445;4,084;R$ / litro;BRANCA
SE;RJ;RIO DE JANEIRO  ;AUTO POSTO 014 LTDA; 10.000.014/0001-98;AVENIDA PAULISTA;2562;;CENTRO;51145-779;GNV;28/08/2023;4,410;;R$ / m³;BRANCA
SE;RJ;RIO DE JANEIRO;AUTO POSTO 014 LTDA;10.000.014/0001-98;AVENIDA PAULISTA;2562;;CENTRO;51145-779;DIESEL S10;28/08/2023;5,977;5,470;R$ / litro;BRANCA
SE;RJ;RIO DE JANEIRO;AUTO POSTO 015 LTDA;10.000.015/0001-05;RUA QUINZE DE NOVEMBRO;1346;;CENTRO;62743-813;GASOLINA ADITIVADA;28/08/2023;6,487;;R$ / litro;IPIRANGA
SE;RJ;RIO DE JANEIRO;AUTO POSTO 015 LTDA;10.000.015/0001-05;RUA QUINZE DE NOVEMBRO;1346;;CENTRO;62743-813;GNV;28/08/2023;4,491;3,812;R$ / m³;IPIRANGA
SE;RJ;RIO DE JANEIRO;AUTO POSTO 015 LTDA; 10.000.015/0001-05;RUA QUINZE DE NOVEMBRO;1346;;CENTRO;62743-813;DIESEL S10;28/08/2023;6,193;;R$ / litro;IPIRANGA
SE;RJ;RIO DE JANEIRO;AUTO POSTO 016 LTDA;10.000.016/0001-12;RUA QUINZE DE NOVEMBRO;2784;;CENTRO;32810-730;DIESEL S10;28/08/2023;6,790;5,979;R$ / litro;ALESAT
SE;RJ;RIO DE JANEIRO;AUTO POSTO 016 LTDA;10.000.016/0001-12;RUA QUINZE DE NOVEMBRO;2784;;CENTRO;32810-730;GASOLINA;28/08/2023;5,922;5,143;R$ / litro;ALESAT
SE;RJ;RIO DE JANEIRO  ;AUTO POSTO 016 LTDA; 10.000.016/0001-12;RUA QUINZE DE NOVEMBRO;2784;;CENTRO;32810-730;GASOLINA ADITIVADA;28/08/2023;5,854;5,275;R$ / litro;ALESAT
SE;MG;BELO HORIZONTE;AUTO POSTO 017 LTDA; 10000017000119 ;AVENIDA PAULISTA;870;;CENTRO;66346-904;ETANOL;28/08/2023;3,666;3,261;R$ / litro;ALESAT
SE;MG;BELO HORIZONTE;AUTO POSTO 017 LTDA; 10.000.017/0001-19;AVENIDA PAULISTA;870;;CENTRO;66346-904;DIESEL S10;28/08/2023;6,745;5,993;R$ / litro;ALESAT
SE;MG;BELO HORIZONTE;AUTO POSTO 017 LTDA;10.000.017/0001-19;AVENIDA PAULISTA;870;;CENTRO;66346-904;GASOLINA ADITIVADA;28/08/2023;6,350;;R$ / litro;ALESAT
SE;MG;BELO HORIZONTE;AUTO POSTO 018 LTDA; 10000018000126 ;RUA QUINZE DE NOVEMBRO;2777;;CENTRO;38010-623;GASOLINA ADITIVADA;28/08/2023;6,396;5,394;R$ / litro;RAIZEN
SE;MG;BELO HORIZONTE;AUTO POSTO 018 LTDA; 10000018000126 ;RUA QUINZE DE NOVEMBRO;2777;;CENTRO;38010-623;GASOLINA;28/08/2023;6,019;5,269;R$ / litro;RAIZEN
SE;MG;BELO HORIZONTE;AUTO POSTO 018 LTDA; 10.000.018/0001-26;RUA QUINZE DE NOVEMBRO;2777;;CENTRO;38010-623;GNV;28/08/2023;4,334;;R$ / m³;RAIZEN
SE;MG;BELO HORIZONTE  ;AUTO POSTO 019 LTDA;10.000.019/0001-33;RODOVIA BR 116;2729;;CENTRO;53933-195;GASOLINA ADITIVADA;28/08/2023;6,383;5,453;R$ / litro;VIBRA
SE;MG;BELO HORIZONTE;AUTO POSTO 019 LTDA;10.000.019/0001-33;RODOVIA BR 116;2729;;CENTRO;53933-195;GASOLINA;28/08/2023;6,110;;R$ / litro;VIBRA
SE;MG;BELO HORIZONTE;AUTO POSTO 020 LTDA; 10000020000140 ;RUA DAS FLORES;110;;CENTRO;16057-350;GASOLINA;28/08/2023;5,555;4,783;R$ / litro;RAIZEN
SE;MG;BELO HORIZONTE;AUTO POSTO 020 LTDA; 10.000.020/0001-40;RUA DAS FLORES;110;;CENTRO;16057-350;DIESEL S10;28/08/2023;6,227;;R$ / litro;RAIZEN
SE;MG;BELO HORIZONTE  ;AUTO POSTO 020 LTDA; 10.000.020/0001-40;RUA DAS FLORES;110;;CENTRO;16057-350;GASOLINA ADITIVADA;28/08/2023;6,468;5,750;R$ / litro;RAIZEN
SE;MG;UBERLANDIA;AUTO POSTO 021 LTDA; 10.000.021/0001-47;RODOVIA BR 116;806;;CENTRO;60328-606;GASOLINA ADITIVADA;28/08/2023;6,196;;R$ / litro;RAIZEN
SE;MG;UBERLANDIA;AUTO POSTO 022 LTDA;10.000.022/0001-54;AVENIDA BRASIL;3198;;CENTRO;65724-324;GNV;28/08/2023;4,716;4,330;R$ / m³;VIBRA
SE;MG;UBERLANDIA;AUTO POSTO 022 LTDA;10.000.022/0001-54;AVENIDA BRASIL;3198;;CENTRO;65724-324;DIESEL S10;28/08/2023;6,352;5,430;R$ / litro;VIBRA
SE;MG;UBERLANDIA;AUTO POSTO 023 LTDA;10.000.023/0001-61;RODOVIA BR 116;1030;;CENTRO;25906-567;GNV;28/08/2023;4,357;;R$ / m³;VIBRA
SE;MG;UBERLANDIA;AUTO POSTO 023 LTDA; 10000023000161 ;RODOVIA BR 116;1030;;CENTRO;25906-567;ETANOL;28/08/2023;4,255;;R$ / litro;VIBRA
SE;MG;UBERLANDIA;AUTO POSTO 023 LTDA;10.000.023/0001-61;RODOVIA BR 116;1030;;CENTRO;25906-567;GASOLINA ADITIVADA;28/08/2023;6,200;;R$ / litro;VIBRA
SE;MG;UBERLANDIA;AUTO POSTO 024 LTDA;10.000.024/0001-68;RODOVIA BR 116;3348;;CENTRO;76162-536;GASOLINA ADITIVADA;28/08/2023;6,181;5,542;R$ / litro;ALESAT
SE;MG;UBERLANDIA  ;AUTO POSTO 024 LTDA; 10.000.024/0001-68;RODOVIA BR 116;3348;;CENTRO;76162-536;GNV;28/08/2023;4,799;;R$ / m³;ALESAT
S;RS;PORTO ALEGRE;AUTO POSTO 025 LTDA; 10.000.025/0001-75;AVENIDA PAULISTA;3089;;CENTRO;42406-960;GASOLINA ADITIVADA;28/08/2023;6,592;5,897;R$ / litro;IPIRANGA
S;RS;PORTO ALEGRE;AUTO POSTO 025 LTDA;10.000.025/0001-75;AVENIDA PAULISTA;3089;;CENTRO;42406-960;GNV;28/08/2023;5,030;;R$ / m³;IPIRANGA
S;RS;PORTO ALEGRE;AUTO POSTO 026 LTDA;10.000.026/0001-82;RUA QUINZE DE NOVEMBRO;327;;CENTRO;47450-340;ETANOL;28/08/2023;4,010;;R$ / litro;IPIRANGA
S;RS;PORTO ALEGRE;AUTO POSTO 026 LTDA; 10000026000182 ;RUA QUINZE DE NOVEMBRO;327;;CENTRO;47450-340;GASOLINA;28/08/2023;5,956;5,206;R$ / litro;IPIRANGA
S;RS;PORTO ALEGRE  ;AUTO POSTO 026 LTDA;10.000.026/0001-82;RUA QUINZE DE NOVEMBRO;327;;CENTRO;47450-340;DIESEL S10;28/08/2023;6,323;;R$ / litro;IPIRANGA
S;RS;PORTO ALEGRE;AUTO POSTO 027 LTDA;10.000.027/0001-89;RUA DAS FLORES;957;;CENTRO;60205-810;GASOLINA;28/08/2023;5,403;;R$ / litro;VIBRA
S;RS;PORTO ALEGRE;AUTO POSTO 027 LTDA;10.000.027/0001-89;RUA DAS FLORES;957;;CENTRO;60205-810;GNV;28/08/2023;5,097;;R$ / m³;VIBRA
S;RS;PORTO ALEGRE;AUTO POSTO 028 LTDA; 10.000.028/0001-96;RUA QUINZE DE NOVEMBRO;1365;;CENTRO;81121-577;GASOLINA ADITIVADA;28/08/2023;6,512;;R$ / litro;RAIZEN
S;RS;PORTO ALEGRE;AUTO POSTO 028 LTDA; 10000028000196 ;RUA QUINZE DE NOVEMBRO;1365;;CENTRO;81121-577;DIESEL S10;28/08/2023;6,669;5,956;R$ / litro;RAIZEN
S;RS;CAXIAS DO SUL;AUTO POSTO 029 LTDA;10.000.029/0001-03;RUA QUINZE DE NOVEMBRO;3716;;CENTRO;86556-812;DIESEL S10;28/08/2023;6,268;5,697;R$ / litro;BRANCA
S;RS;caxias do sul;AUTO POSTO 029 LTDA;10.000.029/0001-03;RUA QUINZE DE NOVEMBRO;3716;;CENTRO;86556-812;GNV;28/08/2023;4,778;4,017;R$ / m³;BRANCA
S;RS;CAXIAS DO SUL;AUTO POSTO 029 LTDA; 10.000.029/0001-03;RUA QUINZE DE NOVEMBRO;3716;;CENTRO;86556-812;GASOLINA;28/08/2023;5,750;5,050;R$ / litro;BRANCA
S;RS;CAXIAS DO SUL;AUTO POSTO 030 LTDA; 10000030000110 ;AVENIDA PAULISTA;1233;;CENTRO;61116-973;GNV;28/08/2023;4,765;;R$ / m³;RAIZEN
S;RS;CAXIAS DO SUL;AUTO POSTO 030 LTDA;10.000.030/0001-10;AVENIDA PAULISTA;1233;;CENTRO;61116-973;GASOLINA ADITIVADA;28/08/2023;6,005;;R$ / litro;RAIZEN
S;RS;CAXIAS DO SUL;AUTO POSTO 030 LTDA; 10000030000110 ;AVENIDA PAULISTA;1233;;CENTRO;61116-973;DIESEL S10;28/08/2023;6,079;5,295;R$ / litro;RAIZEN
S;RS;CAXIAS DO SUL;AUTO POSTO 031 LTDA;10.000.031/0001-17;RUA DAS FLORES;1127;;CENTRO;67125-597;ETANOL;28/08/2023;4,172;;R$ / litro;BRANCA
S;RS;CAXIAS DO SUL;AUTO POSTO 031 LTDA;10.000.031/0001-17;RUA DAS FLORES;1127;;CENTRO;67125-597;DIESEL S10;28/08/2023;6,359;;R$ / litro;BRANCA
S;RS;CAXIAS DO SUL;AUTO POSTO 031 LTDA;10.000.031/0001-17;RUA DAS FLORES;1127;;CENTRO;67125-597;GNV;28/08/2023;4,361;;R$ / m³;BRANCA
S;RS;CAXIAS DO SUL;AUTO POSTO 032 LTDA; 10000032000124 ;RUA DAS FLORES;3452;;CENTRO;71261-230;ETANOL;28/08/2023;3,315;2,895;R$ / litro;ALESAT
NE;BA;SALVADOR;AUTO POSTO 033 LTDA; 10000033000131 ;RODOVIA BR 116;2725;;CENTRO;13552-185;DIESEL S10;28/08/2023;6,475;;R$ / litro;RAIZEN
NE;BA;SALVADOR;AUTO POSTO 033 LTDA;10.000.033/0001-31;RODOVIA BR 116;2725;;CENTRO;13552-185;GASOLINA ADITIVADA;28/08/2023;6,254;;R$ / litro;RAIZEN
NE;BA;SALVADOR;AUTO POSTO 034 LTDA; 10.000.034/0001-38;AVENIDA BRASIL;1075;;CENTRO;59689-435;ETANOL;28/08/2023;3,453;;R$ / litro;VIBRA
NE;BA;SALVADOR;AUTO POSTO 034 LTDA;10.000.034/0001-38;AVENIDA BRASIL;1075;;CENTRO;59689-435;GNV;28/08/2023;4,874;4,381;R$ / m³;VIBRA
NE;BA;salvador;AUTO POSTO 034 LTDA;10.000.034/0001-38;AVENIDA BRASIL;1075;;CENTRO;59689-435;GASOLINA ADITIVADA;28/08/2023;6,120;;R$ / litro;VIBRA
NE;BA;SALVADOR;AUTO POSTO 035 LTDA; 10.000.035/0001-45;AVENIDA PAULISTA;3090;;CENTRO;65255-358;GASOLINA ADITIVADA;28/08/2023;5,932;;R$ / litro;BRANCA
NE;BA;SALVADOR;AUTO POSTO 036 LTDA; 10000036000152 ;RUA DAS FLORES;2672;;CENTRO;18993-899;GASOLINA ADITIVADA;28/08/2023;6,573;;R$ / litro;BRANCA
NE;BA;SALVADOR;AUTO POSTO 036 LTDA;10.000.036/0001-52;RUA DAS FLORES;2672;;CENTRO;18993-899;GNV;28/08/2023;4,759;;R$ / m³;BRANCA
NE;BA;FEIRA DE SANTANA;AUTO POSTO 037 LTDA; 10.000.037/0001-59;AVENIDA BRASIL;2554;;CENTRO;29973-344;GASOLINA;28/08/2023;6,264;;R$ / litro;VIBRA
NE;BA;FEIRA DE SANTANA;AUTO POSTO 037 LTDA; 10000037000159 ;AVENIDA BRASIL;2554;;CENTRO;29973-344;GASOLINA ADITIVADA;28/08/2023;6,169;;R$ / litro;VIBRA
NE;BA;FEIRA DE SANTANA;AUTO POSTO 037 LTDA; 10000037000159 ;AVENIDA BRASIL;2554;;CENTRO;29973-344;DIESEL S10;28/08/2023;6,550;;R$ / litro;VIBRA
NE;BA;FEIRA DE SANTANA;AUTO POSTO 038 LTDA; 10.000.038/0001-66;AVENIDA PAULISTA;3151;;CENTRO;58351-271;GASOLINA;28/08/2023;5,374;;R$ / litro;ALESAT
NE;BA;FEIRA DE SANTANA;AUTO POSTO 038 LTDA;10.000.038/0001-66;AVENIDA PAULISTA;3151;;CENTRO;58351-271;GASOLINA ADITIVADA;28/08/2023;6,430;;R$ / litro;ALESAT
NE;BA;FEIRA DE SANTANA;AUTO POSTO 038 LTDA; 10.000.038/0001-66;AVENIDA PAULISTA;3151;;CENTRO;58351-271;DIESEL S10;28/08/2023;6,073;5,470;R$ / litro;ALESAT
NE;BA;FEIRA DE SANTANA  ;AUTO POSTO 039 LTDA; 10.000.039/0001-73;AVENIDA BRASIL;2380;;CENTRO;13365-419;DIESEL S10;28/08/2023;6,001;;R$ / litro;ALESAT
NE;BA;FEIRA DE SANTANA;AUTO POSTO 039 LTDA;10.000.039/0001-73;AVENIDA BRASIL;2380;;CENTRO;13365-419;GNV;28/08/2023;4,435;3,831;R$ / m³;ALESAT
NE;BA;FEIRA DE SANTANA;AUTO POSTO 039 LTDA; 10.000.039/0001-73;AVENIDA BRASIL;2380;;CENTRO;13365-419;ETANOL;28/08/2023;3,403;3,140;R$ / litro;ALESAT
NE;BA;FEIRA DE SANTANA;AUTO POSTO 040 LTDA;10.000.040/0001-80;RUA DAS FLORES;321;;CENTRO;87607-807;ETANOL;28/08/2023;4,194;;R$ / litro;VIBRA
N;AM;MANAUS;AUTO POSTO 041 LTDA; 10000041000187 ;RODOVIA BR 116;3215;;CENTRO;15383-455;ETANOL;28/08/2023;4,368;;R$ / litro;ALESAT
N;AM;MANAUS;AUTO POSTO 041 LTDA;10.000.041/0001-87;RODOVIA BR 116;3215;;CENTRO;15383-455;GASOLINA;28/08/2023;6,383;;R$ / litro;ALESAT
N;AM;MANAUS;AUTO POSTO 041 LTDA;10.000.041/0001-87;RODOVIA BR 116;3215;;CENTRO;15383-455;GNV;28/08/2023;4,254;;R$ / m³;ALESAT
N;AM;MANAUS;AUTO POSTO 042 LTDA; 10.000.042/0001-94;AVENIDA PAULISTA;61;;CENTRO;65057-942;DIESEL S10;28/08/2023;6,233;;R$ / litro;RAIZEN
N;AM;MANAUS;AUTO POSTO 042 LTDA; 10000042000194 ;AVENIDA PAULISTA;61;;CENTRO;65057-942;ETANOL;28/08/2023;3,610;3,251;R$ / litro;RAIZEN
N;AM;MANAUS;AUTO POSTO 043 LTDA; 10.000.043/0001-01;RUA QUINZE DE NOVEMBRO;2907;;CENTRO;30052-545;GNV;28/08/2023;4,813;4,281;R$ / m³;VIBRA
N;AM;MANAUS;AUTO POSTO 043 LTDA; 10.000.043/0001-01;RUA QUINZE DE NOVEMBRO;2907;;CENTRO;30052-545;ETANOL;28/08/2023;3,676;;R$ / litro;VIBRA
N;AM;MANAUS;AUTO POSTO 043 LTDA; 10.000.043/0001-01;RUA QUINZE DE NOVEMBRO;2907;;CENTRO;30052-545;DIESEL S10;28/08/2023;6,202;;R$ / litro;VIBRA
N;AM;MANAUS;AUTO POSTO 044 LTDA;10.000.044/0001-08;RODOVIA BR 116;3182;;CENTRO;73372-576;GNV;28/08/2023;5,014;;R$ / m³;RAIZEN
N;AM;MANAUS;AUTO POSTO 044 LTDA; 10000044000108 ;RODOVIA BR 116;3182;;CENTRO;73372-576;ETANOL;28/08/2023;3,455;;R$ / litro;RAIZEN
N;AM;MANAUS;AUTO POSTO 044 LTDA;10.000.044/0001-08;RODOVIA BR 116;3182;;CENTRO;73372-576;GASOLINA ADITIVADA;28/08/2023;5,744;;R$ / litro;RAIZEN
SE;SP;SÃO JOSÉ DOS CAMPOS;AUTO POSTO 045 LTDA; 10.000.045/0001-15;RUA DAS FLORES;3412;;CENTRO;21359-385;DIESEL S10;28/08/2023;6,664;5,935;R$ / litro;RAIZEN
SE;SP;SÃO JOSÉ DOS CAMPOS;AUTO POSTO 045 LTDA;10.000.045/0001-15;RUA DAS FLORES;3412;;CENTRO;21359-385;GNV;28/08/2023;4,260;;R$ / m³;RAIZEN
SE;SP;SÃO JOSÉ DOS CAMPOS;AUTO POSTO 046 LTDA; 10000046000122 ;AVENIDA PAULISTA;127;;CENTRO;74789-971;DIESEL S10;28/08/2023;6,619;5,775;R$ / litro;IPIRANGA
SE;SP;SÃO JOSÉ DOS CAMPOS;AUTO POSTO 046 LTDA; 10.000.046/0001-22;AVENIDA PAULISTA;127;;CENTRO;74789-971;GASOLINA ADITIVADA;28/08/2023;5,572;5,115;R$ / litro;IPIRANGA
SE;SP;SÃO JOSÉ DOS CAMPOS;AUTO POSTO 047 LTDA;10.000.047/0001-29;AVENIDA PAULISTA;3277;;CENTRO;43862-448;ETANOL;28/08/2023;4,473;3,888;R$ / litro;IPIRANGA
SE;SP;SÃO JOSÉ DOS CAMPOS;AUTO POSTO 047 LTDA; 10000047000129 ;AVENIDA PAULISTA;3277;;CENTRO;43862-448;GASOLINA;28/08/2023;6,279;5,436;R$ / litro;IPIRANGA
SE;SP;SÃO JOSÉ DOS CAMPOS;AUTO POSTO 047 LTDA;10.000.047/0001-29;AVENIDA PAULISTA;3277;;CENTRO;43862-448;GNV;28/08/2023;4,841;;R$ / m³;IPIRANGA
SE;SP;SÃO JOSÉ DOS CAMPOS;AUTO POSTO 048 LTDA; 10000048000136 ;RUA DAS FLORES;360;;CENTRO;41635-837;GNV;28/08/2023;5,049;4,315;R$ / m³;RAIZEN
SE;SP;SÃO JOSÉ DOS CAMPOS;AUTO POSTO 048 LTDA; 10.000.048/0001-36;RUA DAS FLORES;360;;CENTRO;41635-837;GASOLINA ADITIVADA;28/08/2023;6,331;;R$ / litro;RAIZEN
SE;SP;SÃO JOSÉ DOS CAMPOS;AUTO POSTO 048 LTDA; 10.000.048/0001-36;RUA DAS FLORES;360;;CENTRO;41635-837;ETANOL;28/08/2023;4,172;;R$ / litro;RAIZEN
SE;RJ;NITERÓI;AUTO POSTO 049 LTDA;10.000.049/0001-43;RUA QUINZE DE NOVEMBRO;2655;;CENTRO;74332-558;ETANOL;28/08/2023;3,363;2,901;R$ / litro;BRANCA
SE;RJ;NITERÓI;AUTO POSTO 049 LTDA;10.000.049/0001-43;RUA QUINZE DE NOVEMBRO;2655;;CENTRO;74332-558;GASOLINA ADITIVADA;28/08/2023;5,734;4,849;R$ / litro;BRANCA
SE;RJ;NITERÓI;AUTO POSTO 050 LTDA;10.000.050/0001-50;RUA QUINZE DE NOVEMBRO;2843;;CENTRO;41890-413;DIESEL S10;28/08/2023;6,648;;R$ / litro;ALESAT
SE;RJ;NITERÓI;AUTO POSTO 050 LTDA;10.000.050/0001-50;RUA QUINZE DE NOVEMBRO;2843;;CENTRO;41890-413;ETANOL;28/08/2023;3,310;;R$ / litro;ALESAT
SE;RJ;NITERÓI;AUTO POSTO 050 LTDA; 10.000.050/0001-50;RUA QUINZE DE NOVEMBRO;2843;;CENTRO;41890-413;GASOLINA ADITIVADA;28/08/2023;6,037;5,357;R$ / litro;ALESAT
SE;RJ;NITERÓI  ;AUTO POSTO 051 LTDA; 10.000.051/0001-57;RODOVIA BR 116;1364;;CENTRO;56112-819;ETANOL;28/08/2023;3,913;3,621;R$ / litro;RAIZEN
SE;RJ;NITERÓI;AUTO POSTO 051 LTDA; 10000051000157 ;RODOVIA BR 116;1364;;CENTRO;56112-819;GNV;28/08/2023;4,831;;R$ / m³;RAIZEN
SE;RJ;NITERÓI;AUTO POSTO 051 LTDA; 10.000.051/0001-57;RODOVIA BR 116;1364;;CENTRO;56112-819;GASOLINA;28/08/2023;6,300;;R$ / litro;RAIZEN
SE;RJ;niterói;AUTO POSTO 052 LTDA;10.000.052/0001-64;AVENIDA BRASIL;2964;;CENTRO;35242-423;GNV;28/08/2023;4,723;;R$ / m³;BRANCA
SE;RJ;NITERÓI;AUTO POSTO 052 LTDA;10.000.052/0001-64;AVENIDA BRASIL;2964;;CENTRO;35242-423;GASOLINA ADITIVADA;28/08/2023;6,307;;R$ / litro;BRANCA
SE;RJ;NITERÓI;AUTO POSTO 052 LTDA; 10000052000164 ;AVENIDA BRASIL;2964;;CENTRO;35242-423;GASOLINA;28/08/2023;6,178;;R$ / litro;BRANCA
SE;SP;SAO PAULO;AUTO POSTO 001 LTDA;10.000.001/0001-07;AVENIDA BRASIL;2608;;CENTRO;65518-949;GASOLINA;11/09/2023;5,753;;R$ / litro;IPIRANGA
SE;SP;SAO PAULO;AUTO POSTO 001 LTDA; 10000001000107 ;AVENIDA BRASIL;2608;;CENTRO;65518-949;ETANOL;11/09/2023;4,277;3,623;R$ / litro;IPIRANGA
SE;SP;SAO PAULO;AUTO POSTO 002 LTDA; 10.000.002/0001-14;RUA DAS FLORES;2619;;CENTRO;44335-265;DIESEL S10;11/09/2023;6,113;;R$ / litro;RAIZEN
SE;SP;SAO PAULO;AUTO POSTO 002 LTDA;10.000.002/0001-14;RUA DAS FLORES;2619;;CENTRO;44335-265;GASOLINA;11/09/2023;5,501;4,936;R$ / litro;RAIZEN
SE;SP;SAO PAULO;AUTO POSTO 002 LTDA; 10000002000114 ;RUA DAS FLORES;2619;;CENTRO;44335-265;GNV;11/09/2023;4,388;3,706;R$ / m³;RAIZEN
SE;SP;SAO PAULO;AUTO POSTO 003 LTDA;10.000.003/0001-21;AVENIDA BRASIL;3880;;CENTRO;29536-658;GNV;11/09/2023;4,482;3,942;R$ / m³;BRANCA
SE;SP;SAO PAULO;AUTO POSTO 004 LTDA; 10000004000128 ;RUA DAS FLORES;181;;CENTRO;50404-473;GNV;11/09/2023;5,198;;R$ / m³;BRANCA
SE;SP;SAO PAULO;AUTO POSTO 004 LTDA;10.000.004/0001-28;RUA DAS FLORES;181;;CENTRO;50404-473;ETANOL;11/09/2023;3,273;;R$ / litro;BRANCA
SE;SP;GUARULHOS;AUTO POSTO 005 LTDA; 10.000.005/0001-35;AVENIDA BRASIL;1458;;CENTRO;83385-995;GNV;11/09/2023;5,017;;R$ / m³;RAIZEN
SE;SP;GUARULHOS;AUTO POSTO 005 LTDA;10.000.005/0001-35;AVENIDA BRASIL;1458;;CENTRO;83385-995;GASOLINA;11/09/2023;5,723;;R$ / litro;RAIZEN
SE;SP;GUARULHOS;AUTO POSTO 006 LTDA;10.000.006/0001-42;RUA DAS FLORES;3620;;CENTRO;64040-125;ETANOL;11/09/2023;3,799;;R$ / litro;VIBRA
SE;SP;GUARULHOS;AUTO POSTO 006 LTDA; 10000006000142 ;RUA DAS FLORES;3620;;CENTRO;64040-125;DIESEL S10;11/09/2023;6,228;;R$ / litro;VIBRA
SE;SP;GUARULHOS;AUTO POSTO 006 LTDA;10.000.006/0001-42;RUA DAS FLORES;3620;;CENTRO;64040-125;GNV;11/09/2023;4,945;;R$ / m³;VIBRA
SE;SP;GUARULHOS;AUTO POSTO 007 LTDA; 10.000.007/0001-49;RUA DAS FLORES;1102;;CENTRO;30866-906;GASOLINA;11/09/2023;5,519;;R$ / litro;BRANCA
SE;SP;GUARULHOS;AUTO POSTO 007 LTDA;10.000.007/0001-49;RUA DAS FLORES;1102;;CENTRO;30866-906;DIESEL S10;11/09/2023;6,060;;R$ / litro;BRANCA
SE;SP;GUARULHOS;AUTO POSTO 008 LTDA; 10000008000156 ;RUA DAS FLORES;3354;;CENTRO;70332-458;GASOLINA ADITIVADA;11/09/2023;6,418;5,415;R$ / litro;IPIRANGA
SE;SP;GUARULHOS;AUTO POSTO 008 LTDA;10.000.008/0001-56;RUA DAS FLORES;3354;;CENTRO;70332-458;GASOLINA;11/09/2023;5,709;4,877;R$ / litro;IPIRANGA
SE;SP;CAMPINAS;AUTO POSTO 009 LTDA;10.000.009/0001-63;RUA DAS FLORES;1642;;CENTRO;53025-385;DIESEL S10;11/09/2023;5,866;;R$ / litro;BRANCA
SE;SP;CAMPINAS;AUTO POSTO 009 LTDA;10.000.009/0001-63;RUA DAS FLORES;1642;;CENTRO;53025-385;GNV;11/09/2023;4,688;4,173;R$ / m³;BRANCA
SE;SP;CAMPINAS;AUTO POSTO 010 LTDA; 10000010000170 ;RODOVIA BR 116;1366;;CENTRO;13617-218;GNV;11/09/2023;4,933;4,311;R$ / m³;IPIRANGA
SE;SP;CAMPINAS;AUTO POSTO 010 LTDA;10.000.010/0001-70;RODOVIA BR 116;1366;;CENTRO;13617-218;ETANOL;11/09/2023;3,831;;R$ / litro;IPIRANGA
SE;SP;CAMPINAS;AUTO POSTO 011 LTDA;10.000.011/0001-77;AVENIDA BRASIL;454;;CENTRO;88193-544;ETANOL;11/09/2023;3,937;;R$ / litro;IPIRANGA
SE;SP;CAMPINAS;AUTO POSTO 011 LTDA;10.000.011/0001-77;AVENIDA BRASIL;454;;CENTRO;88193-544;DIESEL S10;11/09/2023;5,876;5,092;R$ / litro;IPIRANGA
SE;SP;CAMPINAS;AUTO POSTO 011 LTDA;10.000.011/0001-77;AVENIDA BRASIL;454;;CENTRO;88193-544;GNV;11/09/2023;4,976;;R$ / m³;IPIRANGA
SE;SP;CAMPINAS;AUTO POSTO 012 LTDA; 10.000.012/0001-84;RODOVIA BR 116;483;;CENTRO;60488-690;GASOLINA;11/09/2023;6,154;5,569;R$ / litro;VIBRA
SE;SP;CAMPINAS;AUTO POSTO 012 LTDA; 10000012000184 ;RODOVIA BR 116;483;;CENTRO;60488-690;DIESEL S10;11/09/2023;6,009;;R$ / litro;VIBRA
SE;SP;CAMPINAS;AUTO POSTO 012 LTDA; 10.000.012/0001-84;RODOVIA BR 116;483;;CENTRO;60488-690;GNV;11/09/2023;4,523;;R$ / m³;VIBRA
SE;RJ;RIO DE JANEIRO;AUTO POSTO 013 LTDA;10.000.013/0001-91;RODOVIA BR 116;3801;;CENTRO;80575-803;DIESEL S10;11/09/2023;5,848;;R$ / litro;VIBRA
SE;RJ;RIO DE JANEIRO  ;AUTO POSTO 013 LTDA; 10.000.013/0001-91;RODOVIA BR 116;3801;;CENTRO;80575-803;GASOLINA;11/09/2023;6,024;;R$ / litro;VIBRA
SE;RJ;RIO DE JANEIRO;AUTO POSTO 013 LTDA; 10.000.013/0001-91;RODOVIA BR 116;3801;;CENTRO;80575-803;ETANOL;11/09/2023;3,487;;R$ / litro;VIBRA
SE;RJ;RIO DE JANEIRO;AUTO POSTO 014 LTDA;10.000.014/0001-98;AVENIDA PAULISTA;2562;;CENTRO;51145-779;GNV;11/09/2023;4,668;;R$ / m³;BRANCA
SE;RJ;RIO DE JANEIRO;AUTO POSTO 014 LTDA; 10000014000198 ;AVENIDA PAULISTA;2562;;CENTRO;51145-779;DIESEL S10;11/09/2023;6,704;;R$ / litro;BRANCA
SE;RJ;RIO DE JANEIRO;AUTO POSTO 015 LTDA;10.000.015/0001-05;RUA QUINZE DE NOVEMBRO;1346;;CENTRO;62743-813;GNV;11/09/2023;5,034;4,326;R$ / m³;IPIRANGA
SE;RJ;RIO DE JANEIRO;AUTO POSTO 015 LTDA;10.000.015/0001-05;RUA QUINZE DE NOVEMBRO;1346;;CENTRO;62743-813;DIESEL S10;11/09/2023;6,385;5,666;R$ / litro;IPIRANGA
SE;RJ;RIO DE JANEIRO;AUTO POSTO 016 LTDA;10.000.016/0001-12;RUA QUINZE DE NOVEMBRO;2784;;CENTRO;32810-730;DIESEL S10;11/09/2023;6,414;;R$ / litro;ALESAT
SE;RJ;RIO DE JANEIRO;AUTO POSTO 016 LTDA; 10.000.016/0001-12;RUA QUINZE DE NOVEMBRO;2784;;CENTRO;32810-730;GASOLINA;11/09/2023;6,042;;R$ / litro;ALESAT
SE;RJ;RIO DE JANEIRO;AUTO POSTO 016 LTDA;10.000.016/0001-12;RUA QUINZE DE NOVEMBRO;2784;;CENTRO;32810-730;GASOLINA ADITIVADA;11/09/2023;6,155;;R$ / litro;ALESAT
SE;MG;BELO HORIZONTE;AUTO POSTO 017 LTDA; 10000017000119 ;AVENIDA PAULISTA;870;;CENTRO;66346-904;ETANOL;11/09/2023;4,414;;R$ / litro;ALESAT
SE;MG;BELO HORIZONTE;AUTO POSTO 017 LTDA; 10.000.017/0001-19;AVENIDA PAULISTA;870;;CENTRO;66346-904;DIESEL S10;11/09/2023;6,254;;R$ / litro;ALESAT
SE;MG;BELO HORIZONTE;AUTO POSTO 017 LTDA;10.000.017/0001-19;AVENIDA PAULISTA;870;;CENTRO;66346-904;GASOLINA ADITIVADA;11/09/2023;6,169;5,607;R$ / litro;ALESAT
SE;MG;BELO HORIZONTE;AUTO POSTO 018 LTDA; 10000018000126 ;RUA QUINZE DE NOVEMBRO;2777;;CENTRO;38010-623;GASOLINA ADITIVADA;11/09/2023;6,042;5,470;R$ / litro;RAIZEN
SE;MG;BELO HORIZONTE;AUTO POSTO 018 LTDA;10.000.018/0001-26;RUA QUINZE DE NOVEMBRO;2777;;CENTRO;38010-623;GASOLINA;11/09/2023;6,393;5,543;R$ / litro;RAIZEN
SE;MG;BELO HORIZONTE;AUTO POSTO 018 LTDA;10.000.018/0001-26;RUA QUINZE DE NOVEMBRO;2777;;CENTRO;38010-623;GNV;11/09/2023;4,972;;R$ / m³;RAIZEN
SE;MG;BELO HORIZONTE;AUTO POSTO 019 LTDA;10.000.019/0001-33;RODOVIA BR 116;2729;;CENTRO;53933-195;ETANOL;11/09/2023;3,323;;R$ / litro;VIBRA
SE;MG;BELO HORIZONTE;AUTO POSTO 019 LTDA;10.000.019/0001-33;RODOVIA BR 116;2729;;CENTRO;53933-195;GASOLINA ADITIVADA;11/09/2023;5,806;;R$ / litro;VIBRA
SE;MG;BELO HORIZONTE;AUTO POSTO 020 LTDA;10.000.020/0001-40;RUA DAS FLORES;110;;CENTRO;16057-350;GASOLINA;11/09/2023;6,096;;R$ / litro;RAIZEN
SE;MG;BELO HORIZONTE;AUTO POSTO 020 LTDA;10.000.020/0001-40;RUA DAS FLORES;110;;CENTRO;16057-350;DIESEL S10;11/09/2023;6,455;5,847;R$ / litro;RAIZEN
SE;MG;BELO HORIZONTE  ;AUTO POSTO 020 LTDA; 10.000.020/0001-40;RUA DAS FLORES;110;;CENTRO;16057-350;GASOLINA ADITIVADA;11/09/2023;6,008;;R$ / litro;RAIZEN
SE;MG;UBERLANDIA;AUTO POSTO 021 LTDA;10.000.021/0001-47;RODOVIA BR 116;806;;CENTRO;60328-606;GASOLINA ADITIVADA;11/09/2023;6,247;;R$ / litro;RAIZEN
SE;MG;UBERLANDIA;AUTO POSTO 022 LTDA;10.000.022/0001-54;AVENIDA BRASIL;3198;;CENTRO;65724-324;GNV;11/09/2023;4,527;;R$ / m³;VIBRA
SE;MG;UBERLANDIA;AUTO POSTO 022 LTDA; 10000022000154 ;AVENIDA BRASIL;3198;;CENTRO;65724-324;DIESEL S10;11/09/2023;6,868;;R$ / litro;VIBRA
SE;MG;uberlandia;AUTO POSTO 022 LTDA;10.000.022/0001-54;AVENIDA BRASIL;3198;;CENTRO;65724-324;GASOLINA;11/09/2023;5,823;;R$ / litro;VIBRA
SE;MG;UBERLANDIA;AUTO POSTO 023 LTDA; 10000023000161 ;RODOVIA BR 116;1030;;CENTRO;25906-567;GNV;11/09/2023;4,702;;R$ / m³;VIBRA
SE;MG;UBERLANDIA;AUTO POSTO 023 LTDA;10.000.023/0001-61;RODOVIA BR 116;1030;;CENTRO;25906-567;ETANOL;11/09/2023;3,834;;R$ / litro;VIBRA
SE;MG;UBERLANDIA;AUTO POSTO 023 LTDA;10.000.023/0001-61;RODOVIA BR 116;1030;;CENTRO;25906-567;GASOLINA ADITIVADA;11/09/2023;5,817;5,111;R$ / litro;VIBRA
SE;MG;UBERLANDIA;AUTO POSTO 024 LTDA;10.000.024/0001-68;RODOVIA BR 116;3348;;CENTRO;76162-536;GASOLINA ADITIVADA;11/09/2023;6,289;;R$ / litro;ALESAT
SE;MG;UBERLANDIA;AUTO POSTO 024 LTDA;10.000.024/0001-68;RODOVIA BR 116;3348;;CENTRO;76162-536;DIESEL S10;11/09/2023;6,647;5,793;R$ / litro;ALESAT
SE;MG;UBERLANDIA;AUTO POSTO 024 LTDA;10.000.024/0001-68;RODOVIA BR 116;3348;;CENTRO;76162-536;GNV;11/09/2023;4,640;;R$ / m³;ALESAT
S;RS;PORTO ALEGRE;AUTO POSTO 025 LTDA;10.000.025/0001-75;AVENIDA PAULISTA;3089;;CENTRO;42406-960;DIESEL S10;11/09/2023;6,634;;R$ / litro;IPIRANGA
S;RS;PORTO ALEGRE  ;AUTO POSTO 025 LTDA;10.000.025/0001-75;AVENIDA PAULISTA;3089;;CENTRO;42406-960;GASOLINA ADITIVADA;11/09/2023;5,928;;R$ / litro;IPIRANGA
S;RS;PORTO ALEGRE;AUTO POSTO 025 LTDA; 10.000.025/0001-75;AVENIDA PAULISTA;3089;;CENTRO;42406-960;GNV;11/09/2023;4,409;;R$ / m³;IPIRANGA
S;RS;PORTO ALEGRE;AUTO POSTO 026 LTDA; 10.000.026/0001-82;RUA QUINZE DE NOVEMBRO;327;;CENTRO;47450-340;ETANOL;11/09/2023;3,913;;R$ / litro;IPIRANGA
S;RS;PORTO ALEGRE;AUTO POSTO 026 LTDA;10.000.026/0001-82;RUA QUINZE DE NOVEMBRO;327;;CENTRO;47450-340;GASOLINA;11/09/2023;5,714;;R$ / litro;IPIRANGA
S;RS;PORTO ALEGRE;AUTO POSTO 026 LTDA;10.000.026/0001-82;RUA QUINZE DE NOVEMBRO;327;;CENTRO;47450-340;DIESEL S10;11/09/2023;6,112;;R$ / litro;IPIRANGA
S;RS;PORTO ALEGRE  ;AUTO POSTO 027 LTDA; 10.000.027/0001-89;RUA DAS FLORES;957;;CENTRO;60205-810;GASOLINA ADITIVADA;11/09/2023;6,501;5,968;R$ / litro;VIBRA
S;RS;PORTO ALEGRE;AUTO POSTO 027 LTDA; 10000027000189 ;RUA DAS FLORES;957;;CENTRO;60205-810;GASOLINA;11/09/2023;5,859;;R$ / litro;VIBRA
S;RS;PORTO ALEGRE;AUTO POSTO 027 LTDA;10.000.027/0001-89;RUA DAS FLORES;957;;CENTRO;60205-810;GNV;11/09/2023;4,386;;R$ / m³;VIBRA
S;RS;PORTO ALEGRE;AUTO POSTO 028 LTDA;10.000.028/0001-96;RUA QUINZE DE NOVEMBRO;1365;;CENTRO;81121-577;GASOLINA ADITIVADA;11/09/2023;5,594;;R$ / litro;RAIZEN
S;RS;PORTO ALEGRE;AUTO POSTO 028 LTDA;10.000.028/0001-96;RUA QUINZE DE NOVEMBRO;1365;;CENTRO;81121-577;DIESEL S10;11/09/2023;5,820;;R$ / litro;RAIZEN
S;RS;CAXIAS DO SUL;AUTO POSTO 029 LTDA; 10.000.029/0001-03;RUA QUINZE DE NOVEMBRO;3716;;CENTRO;86556-812;DIESEL S10;11/09/2023;6,693;;R$ / litro;BRANCA
S;RS;CAXIAS DO SUL;AUTO POSTO 029 LTDA;10.000.029/0001-03;RUA QUINZE DE NOVEMBRO;3716;;CENTRO;86556-812;GNV;11/09/2023;5,144;;R$ / m³;BRANCA
S;RS;CAXIAS DO SUL;AUTO POSTO 029 LTDA; 10000029000103 ;RUA QUINZE DE NOVEMBRO;3716;;CENTRO;86556-812;GASOLINA;11/09/2023;6,023;5,267;R$ / litro;BRANCA
S;RS;CAXIAS DO SUL;AUTO POSTO 030 LTDA;10.000.030/0001-10;AVENIDA PAULISTA;1233;;CENTRO;61116-973;GNV;11/09/2023;4,617;;R$ / m³;RAIZEN
S;RS;CAXIAS DO SUL;AUTO POSTO 030 LTDA; 10.000.030/0001-10;AVENIDA PAULISTA;1233;;CENTRO;61116-973;GASOLINA ADITIVADA;11/09/2023;6,044;5,432;R$ / litro;RAIZEN
S;RS;CAXIAS DO SUL;AUTO POSTO 030 LTDA;10.000.030/0001-10;AVENIDA PAULISTA;1233;;CENTRO;61116-973;DIESEL S10;11/09/2023;6,749;6,097;R$ / litro;RAIZEN
S;RS;CAXIAS DO SUL;AUTO POSTO 031 LTDA;10.000.031/0001-17;RUA DAS FLORES;1127;;CENTRO;67125-597;ETANOL;11/09/2023;4,053;;R$ / litro;BRANCA
S;RS;CAXIAS DO SUL  ;AUTO POSTO 031 LTDA;10.000.031/0001-17;RUA DAS FLORES;1127;;CENTRO;67125-597;DIESEL S10;11/09/2023;6,600;;R$ / litro;BRANCA
S;RS;CAXIAS DO SUL;AUTO POSTO 031 LTDA; 10000031000117 ;RUA DAS FLORES;1127;;CENTRO;67125-597;GNV;11/09/2023;4,503;;R$ / m³;BRANCA
S;RS;CAXIAS DO SUL;AUTO POSTO 032 LTDA; 10.000.032/0001-24;RUA DAS FLORES;3452;;CENTRO;71261-230;GASOLINA;11/09/2023;5,467;4,657;R$ / litro;ALESAT
S;RS;CAXIAS DO SUL;AUTO POSTO 032 LTDA;10.000.032/0001-24;RUA DAS FLORES;3452;;CENTRO;71261-230;ETANOL;11/09/2023;3,975;3,348;R$ / litro;ALESAT
NE;BA;SALVADOR;AUTO POSTO 033 LTDA; 10000033000131 ;RODOVIA BR 116;2725;;CENTRO;13552-185;GASOLINA ADITIVADA;11/09/2023;6,333;5,805;R$ / litro;RAIZEN
NE;BA;SALVADOR;AUTO POSTO 034 LTDA;10.000.034/0001-38;AVENIDA BRASIL;1075;;CENTRO;59689-435;ETANOL;11/09/2023;3,494;;R$ / litro;VIBRA
NE;BA;SALVADOR;AUTO POSTO 034 LTDA; 10000034000138 ;AVENIDA BRASIL;1075;;CENTRO;59689-435;GNV;11/09/2023;4,423;;R$ / m³;VIBRA
NE;BA;SALVADOR;AUTO POSTO 034 LTDA;10.000.034/0001-38;AVENIDA BRASIL;1075;;CENTRO;59689-435;GASOLINA ADITIVADA;11/09/2023;6,570;;R$ / litro;VIBRA
NE;BA;SALVADOR;AUTO POSTO 035 LTDA; 10.000.035/0001-45;AVENIDA PAULISTA;3090;;CENTRO;65255-358;GASOLINA;11/09/2023;6,253;;R$ / litro;BRANCA
NE;BA;SALVADOR;AUTO POSTO 035 LTDA; 10000035000145 ;AVENIDA PAULISTA;3090;;CENTRO;65255-358;GNV;11/09/2023;4,920;4,549;R$ / m³;BRANCA
NE;BA;SALVADOR;AUTO POSTO 035 LTDA;10.000.035/0001-45;AVENIDA PAULISTA;3090;;CENTRO;65255-358;GASOLINA ADITIVADA;11/09/2023;6,123;;R$ / litro;BRANCA
NE;BA;SALVADOR  ;AUTO POSTO 036 LTDA; 10.000.036/0001-52;RUA DAS FLORES;2672;;CENTRO;18993-899;GASOLINA ADITIVADA;11/09/2023;6,118;;R$ / litro;BRANCA
NE;BA;FEIRA DE SANTANA;AUTO POSTO 037 LTDA; 10.000.037/0001-59;AVENIDA BRASIL;2554;;CENTRO;29973-344;GASOLINA;11/09/2023;6,151;5,259;R$ / litro;VIBRA
NE;BA;FEIRA DE SANTANA;AUTO POSTO 037 LTDA;10.000.037/0001-59;AVENIDA BRASIL;2554;;CENTRO;29973-344;GASOLINA ADITIVADA;11/09/2023;6,060;;R$ / litro;VIBRA
NE;BA;FEIRA DE SANTANA;AUTO POSTO 038 LTDA;10.000.038/0001-66;AVENIDA PAULISTA;3151;;CENTRO;58351-271;GASOLINA;11/09/2023;5,732;4,828;R$ / litro;ALESAT
NE;BA;FEIRA DE SANTANA;AUTO POSTO 038 LTDA;10.000.038/0001-66;AVENIDA PAULISTA;3151;;CENTRO;58351-271;GASOLINA ADITIVADA;11/09/2023;6,521;5,668;R$ / litro;ALESAT
NE;BA;FEIRA DE SANTANA;AUTO POSTO 038 LTDA;10.000.038/0001-66;AVENIDA PAULISTA;3151;;CENTRO;58351-271;DIESEL S10;11/09/2023;6,590;5,603;R$ / litro;ALESAT
NE;BA;FEIRA DE SANTANA;AUTO POSTO 039 LTDA; 10000039000173 ;AVENIDA BRASIL;2380;;CENTRO;13365-419;DIESEL S10;11/09/2023;6,600;;R$ / litro;ALESAT
NE;BA;FEIRA DE SANTANA;AUTO POSTO 039 LTDA; 10000039000173 ;AVENIDA BRASIL;2380;;CENTRO;13365-419;GNV;11/09/2023;4,244;3,693;R$ / m³;ALESAT
NE;BA;FEIRA DE SANTANA;AUTO POSTO 039 LTDA;10.000.039/0001-73;AVENIDA BRASIL;2380;;CENTRO;13365-419;ETANOL;11/09/2023;4,329;3,914;R$ / litro;ALESAT
NE;BA;FEIRA DE SANTANA;AUTO POSTO 040 LTDA; 10000040000180 ;RUA DAS FLORES;321;;CENTRO;87607-807;ETANOL;11/09/2023;3,575;3,292;R$ / litro;VIBRA
NE;BA;FEIRA DE SANTANA  ;AUTO POSTO 040 LTDA; 10.000.040/0001-80;RUA DAS FLORES;321;;CENTRO;87607-807;GASOLINA;11/09/2023;5,898;5,423;R$ / litro;VIBRA
N;AM;MANAUS;AUTO POSTO 041 LTDA; 10000041000187 ;RODOVIA BR 116;3215;;CENTRO;15383-455;ETANOL;11/09/2023;3,790;;R$ / litro;ALESAT
N;AM;MANAUS  ;AUTO POSTO 041 LTDA;10.000.041/0001-87;RODOVIA BR 116;3215;;CENTRO;15383-455;GASOLINA;11/09/2023;5,354;4,812;R$ / litro;ALESAT
N;AM;MANAUS;AUTO POSTO 042 LTDA; 10.000.042/0001-94;AVENIDA PAULISTA;61;;CENTRO;65057-942;DIESEL S10;11/09/2023;6,164;5,238;R$ / litro;RAIZEN
N;AM;MANAUS;AUTO POSTO 042 LTDA; 10.000.042/0001-94;AVENIDA PAULISTA;61;;CENTRO;65057-942;ETANOL;11/09/2023;3,994;;R$ / litro;RAIZEN
N;AM;MANAUS;AUTO POSTO 043 LTDA;10.000.043/0001-01;RUA QUINZE DE NOVEMBRO;2907;;CENTRO;30052-545;GNV;11/09/2023;5,166;;R$ / m³;VIBRA
N;AM;MANAUS  ;AUTO POSTO 043 LTDA;10.000.043/0001-01;RUA QUINZE DE NOVEMBRO;2907;;CENTRO;30052-545;ETANOL;11/09/2023;4,186;;R$ / litro;VIBRA
N;AM;MANAUS;AUTO POSTO 044 LTDA; 10.000.044/0001-08;RODOVIA BR 116;3182;;CENTRO;73372-576;GNV;11/09/2023;4,529;;R$ / m³;RAIZEN
N;AM;MANAUS;AUTO POSTO 044 LTDA;10.000.044/0001-08;RODOVIA BR 116;3182;;CENTRO;73372-576;ETANOL;11/09/2023;3,342;;R$ / litro;RAIZEN
N;AM;MANAUS;AUTO POSTO 044 LTDA; 10000044000108 ;RODOVIA BR 116;3182;;CENTRO;73372-576;GASOLINA ADITIVADA;11/09/2023;6,346;;R$ / litro;RAIZEN
SE;SP;SÃO JOSÉ DOS CAMPOS;AUTO POSTO 045 LTDA; 10000045000115 ;RUA DAS FLORES;3412;;CENTRO;21359-385;DIESEL S10;11/09/2023;6,470;5,741;R$ / litro;RAIZEN
SE;SP;SÃO JOSÉ DOS CAMPOS;AUTO POSTO 045 LTDA;10.000.045/0001-15;RUA DAS FLORES;3412;;CENTRO;21359-385;GNV;11/09/2023;4,814;;R$ / m³;RAIZEN
SE;SP;SÃO JOSÉ DOS CAMPOS;AUTO POSTO 046 LTDA;10.000.046/0001-22;AVENIDA PAULISTA;127;;CENTRO;74789-971;DIESEL S10;11/09/2023;6,772;5,866;R$ / litro;IPIRANGA
SE;SP;SÃO JOSÉ DOS CAMPOS;AUTO POSTO 046 LTDA; 10000046000122 ;AVENIDA PAULISTA;127;;CENTRO;74789-971;GASOLINA ADITIVADA;11/09/2023;6,238;5,716;R$ / litro;IPIRANGA
SE;SP;SÃO JOSÉ DOS CAMPOS;AUTO POSTO 047 LTDA; 10000047000129 ;AVENIDA PAULISTA;3277;;CENTRO;43862-448;ETANOL;11/09/2023;3,259;2,974;R$ / litro;IPIRANGA
SE;SP;SÃO JOSÉ DOS CAMPOS;AUTO POSTO 047 LTDA; 10.000.047/0001-29;AVENIDA PAULISTA;3277;;CENTRO;43862-448;GASOLINA;11/09/2023;5,580;4,838;R$ / litro;IPIRANGA
SE;SP;SÃO JOSÉ DOS CAMPOS;AUTO POSTO 047 LTDA;10.000.047/0001-29;AVENIDA PAULISTA;3277;;CENTRO;43862-448;GNV;11/09/2023;4,886;4,423;R$ / m³;IPIRANGA
SE;SP;SÃO JOSÉ DOS CAMPOS  ;AUTO POSTO 048 LTDA; 10.000.048/0001-36;RUA DAS FLORES;360;;CENTRO;41635-837;GNV;11/09/2023;5,116;;R$ / m³;RAIZEN
SE;SP;SÃO JOSÉ DOS CAMPOS;AUTO POSTO 048 LTDA; 10000048000136 ;RUA DAS FLORES;360;;CENTRO;41635-837;GASOLINA ADITIVADA;11/09/2023;6,531;;R$ / litro;RAIZEN
SE;SP;SÃO JOSÉ DOS CAMPOS;AUTO POSTO 048 LTDA; 10000048000136 ;RUA DAS FLORES;360;;CENTRO;41635-837;ETANOL;11/09/2023;4,406;3,908;R$ / litro;RAIZEN
SE;RJ;NITERÓI;AUTO POSTO 049 LTDA;10.000.049/0001-43;RUA QUINZE DE NOVEMBRO;2655;;CENTRO;74332-558;ETANOL;11/09/2023;3,471;;R$ / litro;BRANCA
SE;RJ;NITERÓI;AUTO POSTO 049 LTDA; 10.000.049/0001-43;RUA QUINZE DE NOVEMBRO;2655;;CENTRO;74332-558;GASOLINA ADITIVADA;11/09/2023;5,623;5,149;R$ / litro;BRANCA
SE;RJ;NITERÓI;AUTO POSTO 050 LTDA;10.000.050/0001-50;RUA QUINZE DE NOVEMBRO;2843;;CENTRO;41890-413;DIESEL S10;11/09/2023;6,428;5,744;R$ / litro;ALESAT
SE;RJ;NITERÓI;AUTO POSTO 050 LTDA; 10.000.050/0001-50;RUA QUINZE DE NOVEMBRO;2843;;CENTRO;41890-413;ETANOL;11/09/2023;4,123;3,496;R$ / litro;ALESAT
SE;RJ;NITERÓI;AUTO POSTO 050 LTDA; 10.000.050/0001-50;RUA QUINZE DE NOVEMBRO;2843;;CENTRO;41890-413;GASOLINA ADITIVADA;11/09/2023;5,788;4,920;R$ / litro;ALESAT
SE;RJ;NITERÓI;AUTO POSTO 051 LTDA;10.000.051/0001-57;RODOVIA BR 116;1364;;CENTRO;56112-819;ETANOL;11/09/2023;3,777;3,337;R$ / litro;RAIZEN
SE;RJ;NITERÓI;AUTO POSTO 051 LTDA; 10000051000157 ;RODOVIA BR 116;1364;;CENTRO;56112-819;GNV;11/09/2023;4,932;;R$ / m³;RAIZEN
SE;RJ;NITERÓI;AUTO POSTO 051 LTDA;10.000.051/0001-57;RODOVIA BR 116;1364;;CENTRO;56112-819;GASOLINA;11/09/2023;6,204;;R$ / litro;RAIZEN
SE;RJ;NITERÓI;AUTO POSTO 052 LTDA;10.000.052/0001-64;AVENIDA BRASIL;2964;;CENTRO;35242-423;GNV;11/09/2023;4,659;;R$ / m³;BRANCA
SE;RJ;NITERÓI  ;AUTO POSTO 052 LTDA;10.000.052/0001-64;AVENIDA BRASIL;2964;;CENTRO;35242-423;GASOLINA ADITIVADA;11/09/2023;5,917;;R$ / litro;BRANCA
SE;RJ;NITERÓI;AUTO POSTO 052 LTDA; 10.000.052/0001-64;AVENIDA BRASIL;2964;;CENTRO;35242-423;GASOLINA;11/09/2023;5,325;;R$ / litro;BRANCA
SE;SP;SAO PAULO;AUTO POSTO 001 LTDA;10.000.001/0001-07;AVENIDA BRASIL;2608;;CENTRO;65518-949;GASOLINA;25/09/2023;5,512;4,788;R$ / litro;IPIRANGA
SE;SP;SAO PAULO;AUTO POSTO 001 LTDA;10.000.001/0001-07;AVENIDA BRASIL;2608;;CENTRO;65518-949;ETANOL;25/09/2023;3,405;3,154;R$ / litro;IPIRANGA
SE;SP;SAO PAULO;AUTO POSTO 002 LTDA; 10.000.002/0001-14;RUA DAS FLORES;2619;;CENTRO;44335-265;DIESEL S10;25/09/2023;6,404;5,923;R$ / litro;RAIZEN
SE;SP;SAO PAULO;AUTO POSTO 002 LTDA;10.000.002/0001-14;RUA DAS FLORES;2619;;CENTRO;44335-265;GASOLINA;25/09/2023;5,378;;R$ / litro;RAIZEN
SE;SP;SAO PAULO;AUTO POSTO 002 LTDA;10.000.002/0001-14;RUA DAS FLORES;2619;;CENTRO;44335-265;GNV;25/09/2023;4,229;;R$ / m³;RAIZEN
SE;SP;sao paulo;AUTO POSTO 003 LTDA; 10.000.003/0001-21;AVENIDA BRASIL;3880;;CENTRO;29536-658;GASOLINA ADITIVADA;25/09/2023;6,228;5,690;R$ / litro;BRANCA
SE;SP;SAO PAULO;AUTO POSTO 003 LTDA;10.000.003/0001-21;AVENIDA BRASIL;3880;;CENTRO;29536-658;DIESEL S10;25/09/2023;6,871;;R$ / litro;BRANCA
SE;SP;SAO PAULO;AUTO POSTO 004 LTDA; 10000004000128 ;RUA DAS FLORES;181;;CENTRO;50404-473;GASOLINA ADITIVADA;25/09/2023;5,657;5,080;R$ / litro;BRANCA
SE;SP;SAO PAULO;AUTO POSTO 004 LTDA;10.000.004/0001-28;RUA DAS FLORES;181;;CENTRO;50404-473;GNV;25/09/2023;4,344;;R$ / m³;BRANCA
SE;SP;SAO PAULO;AUTO POSTO 004 LTDA;10.000.004/0001-28;RUA DAS FLORES;181;;CENTRO;50404-473;ETANOL;25/09/2023;4,109;;R$ / litro;BRANCA
SE;SP;GUARULHOS;AUTO POSTO 005 LTDA; 10000005000135 ;AVENIDA BRASIL;1458;;CENTRO;83385-995;GASOLINA ADITIVADA;25/09/2023;6,086;5,174;R$ / litro;RAIZEN
SE;SP;GUARULHOS;AUTO POSTO 005 LTDA; 10.000.005/0001-35;AVENIDA BRASIL;1458;;CENTRO;83385-995;GNV;25/09/2023;4,968;;R$ / m³;RAIZEN
SE;SP;GUARULHOS;AUTO POSTO 005 LTDA;10.000.005/0001-35;AVENIDA BRASIL;1458;;CENTRO;83385-995;GASOLINA;25/09/2023;5,658;;R$ / litro;RAIZEN
SE;SP;GUARULHOS;AUTO POSTO 006 LTDA; 10000006000142 ;RUA DAS FLORES;3620;;CENTRO;64040-125;ETANOL;25/09/2023;3,968;3,420;R$ / litro;VIBRA
SE;SP;GUARULHOS;AUTO POSTO 006 LTDA;10.000.006/0001-42;RUA DAS FLORES;3620;;CENTRO;64040-125;DIESEL S10;25/09/2023;6,175;;R$ / litro;VIBRA
SE;SP;GUARULHOS;AUTO POSTO 006 LTDA; 10000006000142 ;RUA DAS FLORES;3620;;CENTRO;64040-125;GNV;25/09/2023;4,767;4,302;R$ / m³;VIBRA
SE;SP;GUARULHOS;AUTO POSTO 007 LTDA; 10000007000149 ;RUA DAS FLORES;1102;;CENTRO;30866-906;GASOLINA;25/09/2023;5,426;;R$ / litro;BRANCA
SE;SP;GUARULHOS;AUTO POSTO 007 LTDA; 10000007000149 ;RUA DAS FLORES;1102;;CENTRO;30866-906;DIESEL S10;25/09/2023;5,994;;R$ / litro;BRANCA
SE;SP;GUARULHOS;AUTO POSTO 008 LTDA; 10000008000156 ;RUA DAS FLORES;3354;;CENTRO;70332-458;GASOLINA ADITIVADA;25/09/2023;5,910;;R$ / litro;IPIRANGA
SE;SP;CAMPINAS;AUTO POSTO 009 LTDA;10.000.009/0001-63;RUA DAS FLORES;1642;;CENTRO;53025-385;ETANOL;25/09/2023;4,184;;R$ / litro;BRANCA
SE;SP;CAMPINAS;AUTO POSTO 009 LTDA; 10000009000163 ;RUA DAS FLORES;1642;;CENTRO;53025-385;DIESEL S10;25/09/2023;6,015;;R$ / litro;BRANCA
SE;SP;CAMPINAS;AUTO POSTO 009 LTDA; 10.000.009/0001-63;RUA DAS FLORES;1642;;CENTRO;53025-385;GNV;25/09/2023;5,119;;R$ / m³;BRANCA
SE;SP;CAMPINAS;AUTO POSTO 010 LTDA;10.000.010/0001-70;RODOVIA BR 116;1366;;CENTRO;13617-218;GNV;25/09/2023;4,783;;R$ / m³;IPIRANGA
SE;SP;CAMPINAS;AUTO POSTO 010 LTDA; 10.000.010/0001-70;RODOVIA BR 116;1366;;CENTRO;13617-218;ETANOL;25/09/2023;3,281;;R$ / litro;IPIRANGA
SE;SP;CAMPINAS  ;AUTO POSTO 011 LTDA; 10.000.011/0001-77;AVENIDA BRASIL;454;;CENTRO;88193-544;ETANOL;25/09/2023;4,113;3,573;R$ / litro;IPIRANGA
SE;SP;CAMPINAS;AUTO POSTO 011 LTDA;10.000.011/0001-77;AVENIDA BRASIL;454;;CENTRO;88193-544;DIESEL S10;25/09/2023;6,529;;R$ / litro;IPIRANGA
SE;SP;CAMPINAS;AUTO POSTO 011 LTDA; 10.000.011/0001-77;AVENIDA BRASIL;454;;CENTRO;88193-544;GNV;25/09/2023;5,040;4,686;R$ / m³;IPIRANGA
SE;SP;CAMPINAS;AUTO POSTO 012 LTDA;10.000.012/0001-84;RODOVIA BR 116;483;;CENTRO;60488-690;GASOLINA;25/09/2023;6,013;5,530;R$ / litro;VIBRA
SE;SP;CAMPINAS;AUTO POSTO 012 LTDA;10.000.012/0001-84;RODOVIA BR 116;483;;CENTRO;60488-690;DIESEL S10;25/09/2023;5,893;;R$ / litro;VIBRA
SE;SP;CAMPINAS;AUTO POSTO 012 LTDA; 10000012000184 ;RODOVIA BR 116;483;;CENTRO;60488-690;GNV;25/09/2023;4,823;;R$ / m³;VIBRA
SE;RJ;RIO DE JANEIRO;AUTO POSTO 013 LTDA; 10000013000191 ;RODOVIA BR 116;3801;;CENTRO;80575-803;DIESEL S10;25/09/2023;6,191;5,537;R$ / litro;VIBRA
SE;RJ;RIO DE JANEIRO;AUTO POSTO 013 LTDA;10.000.013/0001-91;RODOVIA BR 116;3801;;CENTRO;80575-803;GASOLINA;25/09/2023;6,083;5,617;R$ / litro;VIBRA
SE;RJ;RIO DE JANEIRO  ;AUTO POSTO 013 LTDA;10.000.013/0001-91;RODOVIA BR 116;3801;;CENTRO;80575-803;ETANOL;25/09/2023;3,954;;R$ / litro;VIBRA
SE;RJ;RIO DE JANEIRO;AUTO POSTO 014 LTDA; 10.000.014/0001-98;AVENIDA PAULISTA;2562;;CENTRO;51145-779;GNV;25/09/2023;4,665;4,292;R$ / m³;BRANCA
SE;RJ;RIO DE JANEIRO;AUTO POSTO 015 LTDA;10.000.015/0001-05;RUA QUINZE DE NOVEMBRO;1346;;CENTRO;62743-813;GASOLINA ADITIVADA;25/09/2023;6,302;;R$ / litro;IPIRANGA
SE;RJ;RIO DE JANEIRO;AUTO POSTO 015 LTDA; 10.000.015/0001-05;RUA QUINZE DE NOVEMBRO;1346;;CENTRO;62743-813;GNV;25/09/2023;4,735;4,171;R$ / m³;IPIRANGA
SE;RJ;RIO DE JANEIRO;AUTO POSTO 015 LTDA; 10.000.015/0001-05;RUA QUINZE DE NOVEMBRO;1346;;CENTRO;62743-813;DIESEL S10;25/09/2023;6,263;;R$ / litro;IPIRANGA
SE;RJ;RIO DE JANEIRO;AUTO POSTO 016 LTDA;10.000.016/0001-12;RUA QUINZE DE NOVEMBRO;2784;;CENTRO;32810-730;DIESEL S10;25/09/2023;6,565;;R$ / litro;ALESAT
SE;RJ;RIO DE JANEIRO;AUTO POSTO 016 LTDA; 10.000.016/0001-12;RUA QUINZE DE NOVEMBRO;2784;;CENTRO;32810-730;GASOLINA;25/09/2023;5,368;;R$ / litro;ALESAT
SE;RJ;RIO DE JANEIRO  ;AUTO POSTO 016 LTDA; 10.000.016/0001-12;RUA QUINZE DE NOVEMBRO;2784;;CENTRO;32810-730;GASOLINA ADITIVADA;25/09/2023;6,083;5,152;R$ / litro;ALESAT
SE;MG;BELO HORIZONTE;AUTO POSTO 017 LTDA; 10.000.017/0001-19;AVENIDA PAULISTA;870;;CENTRO;66346-904;ETANOL;25/09/2023;3,558;3,226;R$ / litro;ALESAT
SE;MG;BELO HORIZONTE;AUTO POSTO 017 LTDA;10.000.017/0001-19;AVENIDA PAULISTA;870;;CENTRO;66346-904;DIESEL S10;25/09/2023;6,525;5,584;R$ / litro;ALESAT
SE;MG;BELO HORIZONTE;AUTO POSTO 017 LTDA;10.000.017/0001-19;AVENIDA PAULISTA;870;;CENTRO;66346-904;GASOLINA ADITIVADA;25/09/2023;6,429;;R$ / litro;ALESAT
SE;MG;belo horizonte;AUTO POSTO 018 LTDA; 10.000.018/0001-26;RUA QUINZE DE NOVEMBRO;2777;;CENTRO;38010-623;GASOLINA ADITIVADA;25/09/2023;6,378;;R$ / litro;RAIZEN
SE;MG;BELO HORIZONTE;AUTO POSTO 018 LTDA;10.000.018/0001-26;RUA QUINZE DE NOVEMBRO;2777;;CENTRO;38010-623;GASOLINA;25/09/2023;5,532;;R$ / litro;RAIZEN
SE;MG;BELO HORIZONTE;AUTO POSTO 018 LTDA;10.000.018/0001-26;RUA QUINZE DE NOVEMBRO;2777;;CENTRO;38010-623;GNV;25/09/2023;4,253;;R$ / m³;RAIZEN
SE;MG;BELO HORIZONTE;AUTO POSTO 019 LTDA;10.000.019/0001-33;RODOVIA BR 116;2729;;CENTRO;53933-195;ETANOL;25/09/2023;3,694;;R$ / litro;VIBRA
SE;MG;BELO HORIZONTE;AUTO POSTO 019 LTDA; 10000019000133 ;RODOVIA BR 116;2729;;CENTRO;53933-195;GASOLINA ADITIVADA;25/09/2023;5,563;;R$ / litro;VIBRA
SE;MG;BELO HORIZONTE;AUTO POSTO 019 LTDA;10.000.019/0001-33;RODOVIA BR 116;2729;;CENTRO;53933-195;GASOLINA;25/09/2023;5,407;;R$ / litro;VIBRA
SE;MG;BELO HORIZONTE;AUTO POSTO 020 LTDA; 10.000.020/0001-40;RUA DAS FLORES;110;;CENTRO;16057-350;GASOLINA;25/09/2023;5,668;4,811;R$ / litro;RAIZEN
SE;MG;BELO HORIZONTE;AUTO POSTO 020 LTDA;10.000.020/0001-40;RUA DAS FLORES;110;;CENTRO;16057-350;DIESEL S10;25/09/2023;6,608;;R$ / litro;RAIZEN
SE;MG;BELO HORIZONTE;AUTO POSTO 020 LTDA;10.000.020/0001-40;RUA DAS FLORES;110;;CENTRO;16057-350;GASOLINA ADITIVADA;25/09/2023;5,895;4,956;R$ / litro;RAIZEN
SE;MG;UBERLANDIA;AUTO POSTO 021 LTDA; 10000021000147 ;RODOVIA BR 116;806;;CENTRO;60328-606;GASOLINA;25/09/2023;5,687;;R$ / litro;RAIZEN
SE;MG;UBERLANDIA  ;AUTO POSTO 022 LTDA;10.000.022/0001-54;AVENIDA BRASIL;3198;;CENTRO;65724-324;GNV;25/09/2023;5,150;;R$ / m³;VIBRA
SE;MG;UBERLANDIA;AUTO POSTO 022 LTDA;10.000.022/0001-54;AVENIDA BRASIL;3198;;CENTRO;65724-324;DIESEL S10;25/09/2023;6,214;;R$ / litro;VIBRA
SE;MG;UBERLANDIA;AUTO POSTO 022 LTDA;10.000.022/0001-54;AVENIDA BRASIL;3198;;CENTRO;65724-324;GASOLINA;25/09/2023;6,286;;R$ / litro;VIBRA
SE;MG;UBERLANDIA;AUTO POSTO 023 LTDA;10.000.023/0001-61;RODOVIA BR 116;1030;;CENTRO;25906-567;GNV;25/09/2023;4,839;;R$ / m³;VIBRA
SE;MG;UBERLANDIA;AUTO POSTO 023 LTDA; 10.000.023/0001-61;RODOVIA BR 116;1030;;CENTRO;25906-567;ETANOL;25/09/2023;3,535;;R$ / litro;VIBRA
SE;MG;UBERLANDIA  ;AUTO POSTO 023 LTDA; 10.000.023/0001-61;RODOVIA BR 116;1030;;CENTRO;25906-567;GASOLINA ADITIVADA;25/09/2023;5,746;5,333;R$ / litro;VIBRA
SE;MG;UBERLANDIA;AUTO POSTO 024 LTDA; 10000024000168 ;RODOVIA BR 116;3348;;CENTRO;76162-536;GASOLINA ADITIVADA;25/09/2023;5,669;;R$ / litro;ALESAT
SE;MG;UBERLANDIA;AUTO POSTO 024 LTDA;10.000.024/0001-68;RODOVIA BR 116;3348;;CENTRO;76162-536;DIESEL S10;25/09/2023;6,804;;R$ / litro;ALESAT
SE;MG;UBERLANDIA  ;AUTO POSTO 024 LTDA;10.000.024/0001-68;RODOVIA BR 116;3348;;CENTRO;76162-536;GNV;25/09/2023;5,133;;R$ / m³;ALESAT
S;RS;PORTO ALEGRE;AUTO POSTO 025 LTDA; 10000025000175 ;AVENIDA PAULISTA;3089;;CENTRO;42406-960;DIESEL S10;25/09/2023;6,432;;R$ / litro;IPIRANGA
S;RS;PORTO ALEGRE;AUTO POSTO 025 LTDA; 10000025000175 ;AVENIDA PAULISTA;3089;;CENTRO;42406-960;GASOLINA ADITIVADA;25/09/2023;5,994;;R$ / litro;IPIRANGA
S;RS;PORTO ALEGRE  ;AUTO POSTO 025 LTDA; 10.000.025/0001-75;AVENIDA PAULISTA;3089;;CENTRO;42406-960;GNV;25/09/2023;4,321;;R$ / m³;IPIRANGA
S;RS;PORTO ALEGRE;AUTO POSTO 026 LTDA; 10.000.026/0001-82;RUA QUINZE DE NOVEMBRO;327;;CENTRO;47450-340;ETANOL;25/09/2023;3,721;;R$ / litro;IPIRANGA
S;RS;porto alegre;AUTO POSTO 026 LTDA; 10.000.026/0001-82;RUA QUINZE DE NOVEMBRO;327;;CENTRO;47450-340;GASOLINA;25/09/2023;6,013;5,072;R$ / litro;IPIRANGA
S;RS;PORTO ALEGRE;AUTO POSTO 026 LTDA; 10000026000182 ;RUA QUINZE DE NOVEMBRO;327;;CENTRO;47450-340;DIESEL S10;25/09/2023;6,786;;R$ / litro;IPIRANGA
S;RS;porto alegre;AUTO POSTO 027 LTDA;10.000.027/0001-89;RUA DAS FLORES;957;;CENTRO;60205-810;GASOLINA ADITIVADA;25/09/2023;6,088;5,410;R$ / litro;VIBRA
S;RS;PORTO ALEGRE;AUTO POSTO 027 LTDA; 10000027000189 ;RUA DAS FLORES;957;;CENTRO;60205-810;GASOLINA;25/09/2023;6,363;5,539;R$ / litro;VIBRA
S;RS;PORTO ALEGRE;AUTO POSTO 027 LTDA; 10000027000189 ;RUA DAS FLORES;957;;CENTRO;60205-810;GNV;25/09/2023;4,318;;R$ / m³;VIBRA
S;RS;PORTO ALEGRE;AUTO POSTO 028 LTDA;10.000.028/0001-96;RUA QUINZE DE NOVEMBRO;1365;;CENTRO;81121-577;GASOLINA ADITIVADA;25/09/2023;6,365;5,388;R$ / litro;RAIZEN
S;RS;PORTO ALEGRE;AUTO POSTO 028 LTDA;10.000.028/0001-96;RUA QUINZE DE NOVEMBRO;1365;;CENTRO;81121-577;DIESEL S10;25/09/2023;6,318;;R$ / litro;RAIZEN
S;RS;CAXIAS DO SUL;AUTO POSTO 029 LTDA;10.000.029/0001-03;RUA QUINZE DE NOVEMBRO;3716;;CENTRO;86556-812;GNV;25/09/2023;4,833;;R$ / m³;BRANCA
S;RS;CAXIAS DO SUL;AUTO POSTO 029 LTDA;10.000.029/0001-03;RUA QUINZE DE NOVEMBRO;3716;;CENTRO;86556-812;GASOLINA;25/09/2023;6,219;5,682;R$ / litro;BRANCA
S;RS;CAXIAS DO SUL;AUTO POSTO 030 LTDA;10.000.030/0001-10;AVENIDA PAULISTA;1233;;CENTRO;61116-973;GNV;25/09/2023;4,263;3,710;R$ / m³;RAIZEN
S;RS;CAXIAS DO SUL;AUTO POSTO 030 LTDA; 10000030000110 ;AVENIDA PAULISTA;1233;;CENTRO;61116-973;GASOLINA ADITIVADA;25/09/2023;5,907;;R$ / litro;RAIZEN
S;RS;CAXIAS DO SUL;AUTO POSTO 030 LTDA;10.000.030/0001-10;AVENIDA PAULISTA;1233;;CENTRO;61116-973;DIESEL S10;25/09/2023;6,641;;R$ / litro;RAIZEN
S;RS;CAXIAS DO SUL;AUTO POSTO 031 LTDA;10.000.031/0001-17;RUA DAS FLORES;1127;;CENTRO;67125-597;ETANOL;25/09/2023;4,185;3,655;R$ / litro;BRANCA
S;RS;CAXIAS DO SUL;AUTO POSTO 031 LTDA;10.000.031/0001-17;RUA DAS FLORES;1127;;CENTRO;67125-597;DIESEL S10;25/09/2023;5,947;;R$ / litro;BRANCA
S;RS;CAXIAS DO SUL;AUTO POSTO 031 LTDA;10.000.031/0001-17;RUA DAS FLORES;1127;;CENTRO;67125-597;GNV;25/09/2023;4,216;;R$ / m³;BRANCA
S;RS;caxias do sul;AUTO POSTO 032 LTDA; 10.000.032/0001-24;RUA DAS FLORES;3452;;CENTRO;71261-230;DIESEL S10;25/09/2023;6,562;5,890;R$ / litro;ALESAT
S;RS;CAXIAS DO SUL;AUTO POSTO 032 LTDA;10.000.032/0001-24;RUA DAS FLORES;3452;;CENTRO;71261-230;ETANOL;25/09/2023;3,994;3,420;R$ / litro;ALESAT
NE;BA;SALVADOR;AUTO POSTO 033 LTDA; 10.000.033/0001-31;RODOVIA BR 116;2725;;CENTRO;13552-185;DIESEL S10;25/09/2023;6,183;5,325;R$ / litro;RAIZEN
NE;BA;SALVADOR;AUTO POSTO 033 LTDA;10.000.033/0001-31;RODOVIA BR 116;2725;;CENTRO;13552-185;GASOLINA ADITIVADA;25/09/2023;6,231;;R$ / litro;RAIZEN
NE;BA;SALVADOR;AUTO POSTO 034 LTDA; 10000034000138 ;AVENIDA BRASIL;1075;;CENTRO;59689-435;ETANOL;25/09/2023;4,201;;R$ / litro;VIBRA
NE;BA;SALVADOR;AUTO POSTO 034 LTDA;10.000.034/0001-38;AVENIDA BRASIL;1075;;CENTRO;59689-435;GNV;25/09/2023;4,885;;R$ / m³;VIBRA
NE;BA;SALVADOR;AUTO POSTO 034 LTDA;10.000.034/0001-38;AVENIDA BRASIL;1075;;CENTRO;59689-435;GASOLINA ADITIVADA;25/09/2023;5,609;4,817;R$ / litro;VIBRA
NE;BA;SALVADOR;AUTO POSTO 035 LTDA; 10000035000145 ;AVENIDA PAULISTA;3090;;CENTRO;65255-358;GASOLINA;25/09/2023;5,348;;R$ / litro;BRANCA
NE;BA;SALVADOR;AUTO POSTO 035 LTDA;10.000.035/0001-45;AVENIDA PAULISTA;3090;;CENTRO;65255-358;GNV;25/09/2023;4,685;4,313;R$ / m³;BRANCA
NE;BA;SALVADOR;AUTO POSTO 035 LTDA; 10.000.035/0001-45;AVENIDA PAULISTA;3090;;CENTRO;65255-358;GASOLINA ADITIVADA;25/09/2023;6,011;;R$ / litro;BRANCA
NE;BA;SALVADOR;AUTO POSTO 036 LTDA;10.000.036/0001-52;RUA DAS FLORES;2672;;CENTRO;18993-899;GASOLINA ADITIVADA;25/09/2023;5,909;5,356;R$ / litro;BRANCA
NE;BA;SALVADOR;AUTO POSTO 036 LTDA;10.000.036/0001-52;RUA DAS FLORES;2672;;CENTRO;18993-899;GNV;25/09/2023;4,274;;R$ / m³;BRANCA
NE;BA;FEIRA DE SANTANA;AUTO POSTO 037 LTDA; 10000037000159 ;AVENIDA BRASIL;2554;;CENTRO;29973-344;GASOLINA ADITIVADA;25/09/2023;5,746;5,063;R$ / litro;VIBRA
NE;BA;FEIRA DE SANTANA;AUTO POSTO 037 LTDA; 10.000.037/0001-59;AVENIDA BRASIL;2554;;CENTRO;29973-344;DIESEL S10;25/09/2023;6,022;5,434;R$ / litro;VIBRA
NE;BA;FEIRA DE SANTANA;AUTO POSTO 038 LTDA; 10000038000166 ;AVENIDA PAULISTA;3151;;CENTRO;58351-271;GASOLINA ADITIVADA;25/09/2023;6,010;;R$ / litro;ALESAT
NE;BA;FEIRA DE SANTANA;AUTO POSTO 038 LTDA;10.000.038/0001-66;AVENIDA PAULISTA;3151;;CENTRO;58351-271;DIESEL S10;25/09/2023;6,669;;R$ / litro;ALESAT
NE;BA;FEIRA DE SANTANA;AUTO POSTO 039 LTDA;10.000.039/0001-73;AVENIDA BRASIL;2380;;CENTRO;13365-419;DIESEL S10;25/09/2023;5,895;;R$ / litro;ALESAT
NE;BA;FEIRA DE SANTANA;AUTO POSTO 039 LTDA; 10000039000173 ;AVENIDA BRASIL;2380;;CENTRO;13365-419;GNV;25/09/2023;5,037;4,562;R$ / m³;ALESAT
NE;BA;FEIRA DE SANTANA;AUTO POSTO 039 LTDA; 10.000.039/0001-73;AVENIDA BRASIL;2380;;CENTRO;13365-419;ETANOL;25/09/2023;3,765;3,477;R$ / litro;ALESAT
NE;BA;FEIRA DE SANTANA;AUTO POSTO 040 LTDA;10.000.040/0001-80;RUA DAS FLORES;321;;CENTRO;87607-807;ETANOL;25/09/2023;3,743;3,478;R$ / litro;VIBRA
NE;BA;FEIRA DE SANTANA;AUTO POSTO 040 LTDA; 10000040000180 ;RUA DAS FLORES;321;;CENTRO;87607-807;GASOLINA;25/09/2023;5,884;;R$ / litro;VIBRA
N;AM;MANAUS;AUTO POSTO 041 LTDA; 10000041000187 ;RODOVIA BR 116;3215;;CENTRO;15383-455;ETANOL;25/09/2023;3,844;3,489;R$ / litro;ALESAT
N;AM;MANAUS;AUTO POSTO 041 LTDA;10.000.041/0001-87;RODOVIA BR 116;3215;;CENTRO;15383-455;GASOLINA;25/09/2023;5,446;4,892;R$ / litro;ALESAT
N;AM;MANAUS;AUTO POSTO 042 LTDA; 10000042000194 ;AVENIDA PAULISTA;61;;CENTRO;65057-942;DIESEL S10;25/09/2023;6,744;;R$ / litro;RAIZEN
N;AM;MANAUS;AUTO POSTO 043 LTDA; 10000043000101 ;RUA QUINZE DE NOVEMBRO;2907;;CENTRO;30052-545;GNV;25/09/2023;4,385;;R$ / m³;VIBRA
N;AM;MANAUS;AUTO POSTO 043 LTDA;10.000.043/0001-01;RUA QUINZE DE NOVEMBRO;2907;;CENTRO;30052-545;ETANOL;25/09/2023;4,318;3,974;R$ / litro;VIBRA
N;AM;MANAUS  ;AUTO POSTO 043 LTDA;10.000.043/0001-01;RUA QUINZE DE NOVEMBRO;2907;;CENTRO;30052-545;DIESEL S10;25/09/2023;6,666;6,128;R$ / litro;VIBRA
N;AM;MANAUS  ;AUTO POSTO 044 LTDA;10.000.044/0001-08;RODOVIA BR 116;3182;;CENTRO;73372-576;GNV;25/09/2023;4,566;4,065;R$ / m³;RAIZEN
N;AM;MANAUS;AUTO POSTO 044 LTDA; 10.000.044/0001-08;RODOVIA BR 116;3182;;CENTRO;73372-576;GASOLINA ADITIVADA;25/09/2023;5,812;5,132;R$ / litro;RAIZEN
SE;SP;SÃO JOSÉ DOS CAMPOS;AUTO POSTO 045 LTDA;10.000.045/0001-15;RUA DAS FLORES;3412;;CENTRO;21359-385;DIESEL S10;25/09/2023;6,628;;R$ / litro;RAIZEN
SE;SP;SÃO JOSÉ DOS CAMPOS;AUTO POSTO 045 LTDA; 10000045000115 ;RUA DAS FLORES;3412;;CENTRO;21359-385;GNV;25/09/2023;4,477;3,900;R$ / m³;RAIZEN
SE;SP;SÃO JOSÉ DOS CAMPOS;AUTO POSTO 046 LTDA;10.000.046/0001-22;AVENIDA PAULISTA;127;;CENTRO;74789-971;DIESEL S10;25/09/2023;6,317;;R$ / litro;IPIRANGA
SE;SP;SÃO JOSÉ DOS CAMPOS;AUTO POSTO 046 LTDA; 10000046000122 ;AVENIDA PAULISTA;127;;CENTRO;74789-971;GASOLINA ADITIVADA;25/09/2023;6,233;;R$ / litro;IPIRANGA
SE;SP;SÃO JOSÉ DOS CAMPOS;AUTO POSTO 047 LTDA;10.000.047/0001-29;AVENIDA PAULISTA;3277;;CENTRO;43862-448;ETANOL;25/09/2023;3,445;;R$ / litro;IPIRANGA
SE;SP;SÃO JOSÉ DOS CAMPOS;AUTO POSTO 047 LTDA;10.000.047/0001-29;AVENIDA PAULISTA;3277;;CENTRO;43862-448;GNV;25/09/2023;4,309;3,890;R$ / m³;IPIRANGA
SE;SP;SÃO JOSÉ DOS CAMPOS;AUTO POSTO 048 LTDA;10.000.048/0001-36;RUA DAS FLORES;360;;CENTRO;41635-837;GNV;25/09/2023;4,493;;R$ / m³;RAIZEN
SE;SP;SÃO JOSÉ DOS CAMPOS;AUTO POSTO 048 LTDA; 10.000.048/0001-36;RUA DAS FLORES;360;;CENTRO;41635-837;GASOLINA ADITIVADA;25/09/2023;6,012;;R$ / litro;RAIZEN
SE;RJ;NITERÓI  ;AUTO POSTO 049 LTDA; 10.000.049/0001-43;RUA QUINZE DE NOVEMBRO;2655;;CENTRO;74332-558;ETANOL;25/09/2023;3,735;3,355;R$ / litro;BRANCA
SE;RJ;NITERÓI;AUTO POSTO 049 LTDA; 10000049000143 ;RUA QUINZE DE NOVEMBRO;2655;;CENTRO;74332-558;GASOLINA ADITIVADA;25/09/2023;6,054;;R$ / litro;BRANCA
SE;RJ;NITERÓI;AUTO POSTO 050 LTDA; 10.000.050/0001-50;RUA QUINZE DE NOVEMBRO;2843;;CENTRO;41890-413;DIESEL S10;25/09/2023;6,049;5,238;R$ / litro;ALESAT
SE;RJ;NITERÓI;AUTO POSTO 050 LTDA; 10.000.050/0001-50;RUA QUINZE DE NOVEMBRO;2843;;CENTRO;41890-413;ETANOL;25/09/2023;3,793;3,502;R$ / litro;ALESAT
SE;RJ;NITERÓI;AUTO POSTO 050 LTDA;10.000.050/0001-50;RUA QUINZE DE NOVEMBRO;2843;;CENTRO;41890-413;GASOLINA ADITIVADA;25/09/2023;6,473;;R$ / litro;ALESAT
SE;RJ;NITERÓI;AUTO POSTO 051 LTDA;10.000.051/0001-57;RODOVIA BR 116;1364;;CENTRO;56112-819;ETANOL;25/09/2023;3,352;;R$ / litro;RAIZEN
SE;RJ;NITERÓI;AUTO POSTO 051 LTDA; 10.000.051/0001-57;RODOVIA BR 116;1364;;CENTRO;56112-819;GNV;25/09/2023;4,384;;R$ / m³;RAIZEN
SE;RJ;NITERÓI;AUTO POSTO 052 LTDA; 10.000.052/0001-64;AVENIDA BRASIL;2964;;CENTRO;35242-423;GNV;25/09/2023;4,648;;R$ / m³;BRANCA
SE;RJ;NITERÓI;AUTO POSTO 052 LTDA;10.000.052/0001-64;AVENIDA BRASIL;2964;;CENTRO;35242-423;GASOLINA ADITIVADA;25/09/2023;5,995;;R$ / litro;BRANCA
SE;RJ;NITERÓI;AUTO POSTO 052 LTDA; 10.000.052/0001-64;AVENIDA BRASIL;2964;;CENTRO;35242-423;GASOLINA;25/09/2023;5,472;;R$ / litro;BRANCA
SE;SP;SAO PAULO;AUTO POSTO 001 LTDA; 10.000.001/0001-07;AVENIDA BRASIL;2608;;CENTRO;65518-949;GASOLINA;09/10/2023;5,821;5,384;R$ / litro;IPIRANGA
SE;SP;SAO PAULO;AUTO POSTO 001 LTDA;10.000.001/0001-07;AVENIDA BRASIL;2608;;CENTRO;65518-949;ETANOL;09/10/2023;4,239;;R$ / litro;IPIRANGA
SE;SP;SAO PAULO;AUTO POSTO 002 LTDA;10.000.002/0001-14;RUA DAS FLORES;2619;;CENTRO;44335-265;DIESEL S10;09/10/2023;6,605;;R$ / litro;RAIZEN
SE;SP;SAO PAULO;AUTO POSTO 002 LTDA; 10.000.002/0001-14;RUA DAS FLORES;2619;;CENTRO;44335-265;GASOLINA;09/10/2023;5,327;;R$ / litro;RAIZEN
SE;SP;SAO PAULO;AUTO POSTO 002 LTDA; 10.000.002/0001-14;RUA DAS FLORES;2619;;CENTRO;44335-265;GNV;09/10/2023;4,255;;R$ / m³;RAIZEN
SE;SP;SAO PAULO;AUTO POSTO 003 LTDA; 10.000.003/0001-21;AVENIDA BRASIL;3880;;CENTRO;29536-658;GNV;09/10/2023;4,396;4,029;R$ / m³;BRANCA
SE;SP;SAO PAULO;AUTO POSTO 003 LTDA; 10000003000121 ;AVENIDA BRASIL;3880;;CENTRO;29536-658;GASOLINA ADITIVADA;09/10/2023;5,764;5,156;R$ / litro;BRANCA
SE;SP;SAO PAULO;AUTO POSTO 003 LTDA; 10.000.003/0001-21;AVENIDA BRASIL;3880;;CENTRO;29536-658;DIESEL S10;09/10/2023;6,237;;R$ / litro;BRANCA
SE;SP;SAO PAULO;AUTO POSTO 004 LTDA;10.000.004/0001-28;RUA DAS FLORES;181;;CENTRO;50404-473;GASOLINA ADITIVADA;09/10/2023;5,863;5,441;R$ / litro;BRANCA
SE;SP;sao paulo;AUTO POSTO 004 LTDA; 10.000.004/0001-28;RUA DAS FLORES;181;;CENTRO;50404-473;GNV;09/10/2023;4,489;;R$ / m³;BRANCA
SE;SP;SAO PAULO;AUTO POSTO 004 LTDA; 10000004000128 ;RUA DAS FLORES;181;;CENTRO;50404-473;ETANOL;09/10/2023;3,381;;R$ / litro;BRANCA
SE;SP;GUARULHOS;AUTO POSTO 005 LTDA; 10.000.005/0001-35;AVENIDA BRASIL;1458;;CENTRO;83385-995;GNV;09/10/2023;4,266;;R$ / m³;RAIZEN
SE;SP;guarulhos;AUTO POSTO 005 LTDA; 10.000.005/0001-35;AVENIDA BRASIL;1458;;CENTRO;83385-995;GASOLINA;09/10/2023;6,081;;R$ / litro;RAIZEN
SE;SP;GUARULHOS;AUTO POSTO 006 LTDA; 10000006000142 ;RUA DAS FLORES;3620;;CENTRO;64040-125;ETANOL;09/10/2023;3,576;;R$ / litro;VIBRA
SE;SP;GUARULHOS;AUTO POSTO 006 LTDA; 10.000.006/0001-42;RUA DAS FLORES;3620;;CENTRO;64040-125;DIESEL S10;09/10/2023;6,344;;R$ / litro;VIBRA
SE;SP;GUARULHOS;AUTO POSTO 006 LTDA;10.000.006/0001-42;RUA DAS FLORES;3620;;CENTRO;64040-125;GNV;09/10/2023;4,463;;R$ / m³;VIBRA
SE;SP;GUARULHOS;AUTO POSTO 007 LTDA; 10.000.007/0001-49;RUA DAS FLORES;1102;;CENTRO;30866-906;GASOLINA;09/10/2023;5,759;;R$ / litro;BRANCA
SE;SP;GUARULHOS;AUTO POSTO 007 LTDA;10.000.007/0001-49;RUA DAS FLORES;1102;;CENTRO;30866-906;DIESEL S10;09/10/2023;6,641;;R$ / litro;BRANCA
SE;SP;GUARULHOS;AUTO POSTO 007 LTDA; 10.000.007/0001-49;RUA DAS FLORES;1102;;CENTRO;30866-906;GNV;09/10/2023;4,781;;R$ / m³;BRANCA
SE;SP;GUARULHOS;AUTO POSTO 008 LTDA; 10000008000156 ;RUA DAS FLORES;3354;;CENTRO;70332-458;GASOLINA ADITIVADA;09/10/2023;6,622;;R$ / litro;IPIRANGA
SE;SP;GUARULHOS;AUTO POSTO 008 LTDA;10.000.008/0001-56;RUA DAS FLORES;3354;;CENTRO;70332-458;GASOLINA;09/10/2023;6,230;5,266;R$ / litro;IPIRANGA
SE;SP;CAMPINAS;AUTO POSTO 009 LTDA;10.000.009/0001-63;RUA DAS FLORES;1642;;CENTRO;53025-385;ETANOL;09/10/2023;3,665;3,198;R$ / litro;BRANCA
SE;SP;CAMPINAS;AUTO POSTO 009 LTDA;10.000.009/0001-63;RUA DAS FLORES;1642;;CENTRO;53025-385;DIESEL S10;09/10/2023;6,119;;R$ / litro;BRANCA
SE;SP;CAMPINAS;AUTO POSTO 009 LTDA;10.000.009/0001-63;RUA DAS FLORES;1642;;CENTRO;53025-385;GNV;09/10/2023;4,965;;R$ / m³;BRANCA
SE;SP;CAMPINAS;AUTO POSTO 010 LTDA; 10.000.010/0001-70;RODOVIA BR 116;1366;;CENTRO;13617-218;GNV;09/10/2023;5,027;;R$ / m³;IPIRANGA
SE;SP;CAMPINAS;AUTO POSTO 010 LTDA; 10.000.010/0001-70;RODOVIA BR 116;1366;;CENTRO;13617-218;ETANOL;09/10/2023;3,325;;R$ / litro;IPIRANGA
SE;SP;CAMPINAS  ;AUTO POSTO 011 LTDA; 10.000.011/0001-77;AVENIDA BRASIL;454;;CENTRO;88193-544;ETANOL;09/10/2023;4,397;3,780;R$ / litro;IPIRANGA
SE;SP;CAMPINAS;AUTO POSTO 011 LTDA;10.000.011/0001-77;AVENIDA BRASIL;454;;CENTRO;88193-544;DIESEL S10;09/10/2023;6,259;;R$ / litro;IPIRANGA
SE;SP;CAMPINAS;AUTO POSTO 011 LTDA;10.000.011/0001-77;AVENIDA BRASIL;454;;CENTRO;88193-544;GNV;09/10/2023;4,680;4,084;R$ / m³;IPIRANGA
SE;SP;CAMPINAS;AUTO POSTO 012 LTDA; 10.000.012/0001-84;RODOVIA BR 116;483;;CENTRO;60488-690;GASOLINA;09/10/2023;5,489;4,979;R$ / litro;VIBRA
SE;SP;CAMPINAS;AUTO POSTO 012 LTDA;10.000.012/0001-84;RODOVIA BR 116;483;;CENTRO;60488-690;DIESEL S10;09/10/2023;6,557;5,632;R$ / litro;VIBRA
SE;SP;CAMPINAS;AUTO POSTO 012 LTDA;10.000.012/0001-84;RODOVIA BR 116;483;;CENTRO;60488-690;GNV;09/10/2023;4,278;;R$ / m³;VIBRA
SE;RJ;RIO DE JANEIRO  ;AUTO POSTO 013 LTDA;10.000.013/0001-91;RODOVIA BR 116;3801;;CENTRO;80575-803;DIESEL S10;09/10/2023;6,316;;R$ / litro;VIBRA
SE;RJ;RIO DE JANEIRO  ;AUTO POSTO 013 LTDA;10.000.013/0001-91;RODOVIA BR 116;3801;;CENTRO;80575-803;ETANOL;09/10/2023;3,964;3,569;R$ / litro;VIBRA
SE;RJ;RIO DE JANEIRO;AUTO POSTO 014 LTDA; 10.000.014/0001-98;AVENIDA PAULISTA;2562;;CENTRO;51145-779;GNV;09/10/2023;5,149;4,400;R$ / m³;BRANCA
SE;RJ;RIO DE JANEIRO;AUTO POSTO 014 LTDA;10.000.014/0001-98;AVENIDA PAULISTA;2562;;CENTRO;51145-779;DIESEL S10;09/10/2023;6,355;5,807;R$ / litro;BRANCA
SE;RJ;RIO DE JANEIRO;AUTO POSTO 015 LTDA;10.000.015/0001-05;RUA QUINZE DE NOVEMBRO;1346;;CENTRO;62743-813;GASOLINA ADITIVADA;09/10/2023;6,611;6,002;R$ / litro;IPIRANGA
SE;RJ;RIO DE JANEIRO;AUTO POSTO 015 LTDA; 10000015000105 ;RUA QUINZE DE NOVEMBRO;1346;;CENTRO;62743-813;DIESEL S10;09/10/2023;6,203;;R$ / litro;IPIRANGA
SE;RJ;RIO DE JANEIRO;AUTO POSTO 016 LTDA;10.000.016/0001-12;RUA QUINZE DE NOVEMBRO;2784;;CENTRO;32810-730;DIESEL S10;09/10/2023;6,718;;R$ / litro;ALESAT
SE;RJ;RIO DE JANEIRO;AUTO POSTO 016 LTDA; 10000016000112 ;RUA QUINZE DE NOVEMBRO;2784;;CENTRO;32810-730;GASOLINA;09/10/2023;5,424;;R$ / litro;ALESAT
SE;RJ;RIO DE JANEIRO;AUTO POSTO 016 LTDA;10.000.016/0001-12;RUA QUINZE DE NOVEMBRO;2784;;CENTRO;32810-730;GASOLINA ADITIVADA;09/10/2023;6,095;5,278;R$ / litro;ALESAT
SE;MG;belo horizonte;AUTO POSTO 017 LTDA; 10.000.017/0001-19;AVENIDA PAULISTA;870;;CENTRO;66346-904;ETANOL;09/10/2023;4,093;;R$ / litro;ALESAT
SE;MG;BELO HORIZONTE;AUTO POSTO 017 LTDA; 10000017000119 ;AVENIDA PAULISTA;870;;CENTRO;66346-904;DIESEL S10;09/10/2023;6,008;5,501;R$ / litro;ALESAT
SE;MG;BELO HORIZONTE;AUTO POSTO 017 LTDA;10.000.017/0001-19;AVENIDA PAULISTA;870;;CENTRO;66346-904;GASOLINA ADITIVADA;09/10/2023;5,564;;R$ / litro;ALESAT
SE;MG;BELO HORIZONTE;AUTO POSTO 018 LTDA;10.000.018/0001-26;RUA QUINZE DE NOVEMBRO;2777;;CENTRO;38010-623;GASOLINA ADITIVADA;09/10/2023;5,681;5,127;R$ / litro;RAIZEN
SE;MG;BELO HORIZONTE;AUTO POSTO 018 LTDA;10.000.018/0001-26;RUA QUINZE DE NOVEMBRO;2777;;CENTRO;38010-623;GASOLINA;09/10/2023;5,371;;R$ / litro;RAIZEN
SE;MG;BELO HORIZONTE;AUTO POSTO 018 LTDA; 10000018000126 ;RUA QUINZE DE NOVEMBRO;2777;;CENTRO;38010-623;GNV;09/10/2023;4,323;;R$ / m³;RAIZEN
SE;MG;BELO HORIZONTE;AUTO POSTO 019 LTDA; 10.000.019/0001-33;RODOVIA BR 116;2729;;CENTRO;53933-195;ETANOL;09/10/2023;4,183;;R$ / litro;VIBRA
SE;MG;BELO HORIZONTE;AUTO POSTO 019 LTDA; 10000019000133 ;RODOVIA BR 116;2729;;CENTRO;53933-195;GASOLINA ADITIVADA;09/10/2023;6,636;;R$ / litro;VIBRA
SE;MG;BELO HORIZONTE;AUTO POSTO 019 LTDA;10.000.019/0001-33;RODOVIA BR 116;2729;;CENTRO;53933-195;GASOLINA;09/10/2023;5,576;;R$ / litro;VIBRA
SE;MG;BELO HORIZONTE;AUTO POSTO 020 LTDA;10.000.020/0001-40;RUA DAS FLORES;110;;CENTRO;16057-350;GASOLINA;09/10/2023;6,112;;R$ / litro;RAIZEN
SE;MG;BELO HORIZONTE  ;AUTO POSTO 020 LTDA;10.000.020/0001-40;RUA DAS FLORES;110;;CENTRO;16057-350;DIESEL S10;09/10/2023;6,133;;R$ / litro;RAIZEN
SE;MG;BELO HORIZONTE;AUTO POSTO 020 LTDA; 10000020000140 ;RUA DAS FLORES;110;;CENTRO;16057-350;GASOLINA ADITIVADA;09/10/2023;6,422;5,777;R$ / litro;RAIZEN
SE;MG;UBERLANDIA;AUTO POSTO 021 LTDA; 10.000.021/0001-47;RODOVIA BR 116;806;;CENTRO;60328-606;GASOLINA ADITIVADA;09/10/2023;6,440;;R$ / litro;RAIZEN
SE;MG;UBERLANDIA;AUTO POSTO 022 LTDA;10.000.022/0001-54;AVENIDA BRASIL;3198;;CENTRO;65724-324;GNV;09/10/2023;4,584;4,006;R$ / m³;VIBRA
SE;MG;UBERLANDIA  ;AUTO POSTO 022 LTDA; 10.000.022/0001-54;AVENIDA BRASIL;3198;;CENTRO;65724-324;DIESEL S10;09/10/2023;6,587;;R$ / litro;VIBRA
SE;MG;UBERLANDIA;AUTO POSTO 022 LTDA; 10000022000154 ;AVENIDA BRASIL;3198;;CENTRO;65724-324;GASOLINA;09/10/2023;5,824;;R$ / litro;VIBRA
SE;MG;UBERLANDIA;AUTO POSTO 023 LTDA; 10000023000161 ;RODOVIA BR 116;1030;;CENTRO;25906-567;GNV;09/10/2023;4,791;4,316;R$ / m³;VIBRA
SE;MG;UBERLANDIA;AUTO POSTO 023 LTDA;10.000.023/0001-61;RODOVIA BR 116;1030;;CENTRO;25906-567;ETANOL;09/10/2023;3,237;2,963;R$ / litro;VIBRA
SE;MG;UBERLANDIA;AUTO POSTO 023 LTDA;10.000.023/0001-61;RODOVIA BR 116;1030;;CENTRO;25906-567;GASOLINA ADITIVADA;09/10/2023;6,392;;R$ / litro;VIBRA
SE;MG;UBERLANDIA;AUTO POSTO 024 LTDA; 10.000.024/0001-68;RODOVIA BR 116;3348;;CENTRO;76162-536;GASOLINA ADITIVADA;09/10/2023;6,003;5,174;R$ / litro;ALESAT
SE;MG;UBERLANDIA;AUTO POSTO 024 LTDA;10.000.024/0001-68;RODOVIA BR 116;3348;;CENTRO;76162-536;DIESEL S10;09/10/2023;6,801;5,899;R$ / litro;ALESAT
SE;MG;UBERLANDIA  ;AUTO POSTO 024 LTDA; 10.000.024/0001-68;RODOVIA BR 116;3348;;CENTRO;76162-536;GNV;09/10/2023;4,768;;R$ / m³;ALESAT
S;RS;PORTO ALEGRE;AUTO POSTO 025 LTDA;10.000.025/0001-75;AVENIDA PAULISTA;3089;;CENTRO;42406-960;DIESEL S10;09/10/2023;6,884;6,024;R$ / litro;IPIRANGA
S;RS;PORTO ALEGRE;AUTO POSTO 025 LTDA;10.000.025/0001-75;AVENIDA PAULISTA;3089;;CENTRO;42406-960;GASOLINA ADITIVADA;09/10/2023;6,310;5,582;R$ / litro;IPIRANGA
S;RS;PORTO ALEGRE;AUTO POSTO 025 LTDA;10.000.025/0001-75;AVENIDA PAULISTA;3089;;CENTRO;42406-960;GNV;09/10/2023;4,815;4,234;R$ / m³;IPIRANGA
S;RS;PORTO ALEGRE;AUTO POSTO 026 LTDA;10.000.026/0001-82;RUA QUINZE DE NOVEMBRO;327;;CENTRO;47450-340;ETANOL;09/10/2023;4,292;;R$ / litro;IPIRANGA
S;RS;PORTO ALEGRE  ;AUTO POSTO 026 LTDA;10.000.026/0001-82;RUA QUINZE DE NOVEMBRO;327;;CENTRO;47450-340;GASOLINA;09/10/2023;6,089;;R$ / litro;IPIRANGA
S;RS;PORTO ALEGRE;AUTO POSTO 026 LTDA; 10000026000182 ;RUA QUINZE DE NOVEMBRO;327;;CENTRO;47450-340;DIESEL S10;09/10/2023;6,270;5,310;R$ / litro;IPIRANGA
S;RS;PORTO ALEGRE;AUTO POSTO 027 LTDA; 10.000.027/0001-89;RUA DAS FLORES;957;;CENTRO;60205-810;GASOLINA ADITIVADA;09/10/2023;6,026;;R$ / litro;VIBRA
S;RS;PORTO ALEGRE;AUTO POSTO 027 LTDA; 10000027000189 ;RUA DAS FLORES;957;;CENTRO;60205-810;GASOLINA;09/10/2023;6,039;;R$ / litro;VIBRA
S;RS;PORTO ALEGRE;AUTO POSTO 027 LTDA;10.000.027/0001-89;RUA DAS FLORES;957;;CENTRO;60205-810;GNV;09/10/2023;4,777;4,426;R$ / m³;VIBRA
S;RS;PORTO ALEGRE;AUTO POSTO 028 LTDA; 10000028000196 ;RUA QUINZE DE NOVEMBRO;1365;;CENTRO;81121-577;GASOLINA ADITIVADA;09/10/2023;6,578;;R$ / litro;RAIZEN
S;RS;CAXIAS DO SUL;AUTO POSTO 029 LTDA;10.000.029/0001-03;RUA QUINZE DE NOVEMBRO;3716;;CENTRO;86556-812;DIESEL S10;09/10/2023;5,966;;R$ / litro;BRANCA
S;RS;CAXIAS DO SUL;AUTO POSTO 029 LTDA; 10.000.029/0001-03;RUA QUINZE DE NOVEMBRO;3716;;CENTRO;86556-812;GNV;09/10/2023;5,060;;R$ / m³;BRANCA
S;RS;CAXIAS DO SUL;AUTO POSTO 029 LTDA; 10.000.029/0001-03;RUA QUINZE DE NOVEMBRO;3716;;CENTRO;86556-812;GASOLINA;09/10/2023;6,206;;R$ / litro;BRANCA
S;RS;CAXIAS DO SUL;AUTO POSTO 030 LTDA; 10000030000110 ;AVENIDA PAULISTA;1233;;CENTRO;61116-973;GNV;09/10/2023;4,438;3,739;R$ / m³;RAIZEN
S;RS;CAXIAS DO SUL;AUTO POSTO 030 LTDA; 10000030000110 ;AVENIDA PAULISTA;1233;;CENTRO;61116-973;GASOLINA ADITIVADA;09/10/2023;6,166;;R$ / litro;RAIZEN
S;RS;CAXIAS DO SUL  ;AUTO POSTO 030 LTDA; 10.000.030/0001-10;AVENIDA PAULISTA;1233;;CENTRO;61116-973;DIESEL S10;09/10/2023;6,525;5,982;R$ / litro;RAIZEN
S;RS;CAXIAS DO SUL;AUTO POSTO 031 LTDA;10.000.031/0001-17;RUA DAS FLORES;1127;;CENTRO;67125-597;ETANOL;09/10/2023;3,272;;R$ / litro;BRANCA
S;RS;CAXIAS DO SUL;AUTO POSTO 031 LTDA;10.000.031/0001-17;RUA DAS FLORES;1127;;CENTRO;67125-597;DIESEL S10;09/10/2023;6,791;;R$ / litro;BRANCA
S;RS;CAXIAS DO SUL;AUTO POSTO 031 LTDA;10.000.031/0001-17;RUA DAS FLORES;1127;;CENTRO;67125-597;GNV;09/10/2023;4,597;;R$ / m³;BRANCA
S;RS;CAXIAS DO SUL;AUTO POSTO 032 LTDA;10.000.032/0001-24;RUA DAS FLORES;3452;;CENTRO;71261-230;GASOLINA;09/10/2023;5,874;;R$ / litro;ALESAT
S;RS;CAXIAS DO SUL;AUTO POSTO 032 LTDA; 10.000.032/0001-24;RUA DAS FLORES;3452;;CENTRO;71261-230;DIESEL S10;09/10/2023;6,346;5,673;R$ / litro;ALESAT
S;RS;CAXIAS DO SUL;AUTO POSTO 032 LTDA; 10000032000124 ;RUA DAS FLORES;3452;;CENTRO;71261-230;ETANOL;09/10/2023;4,248;;R$ / litro;ALESAT
NE;BA;SALVADOR;AUTO POSTO 033 LTDA;10.000.033/0001-31;RODOVIA BR 116;2725;;CENTRO;13552-185;DIESEL S10;09/10/2023;5,993;;R$ / litro;RAIZEN
NE;BA;SALVADOR;AUTO POSTO 033 LTDA;10.000.033/0001-31;RODOVIA BR 116;2725;;CENTRO;13552-185;GASOLINA ADITIVADA;09/10/2023;6,089;5,635;R$ / litro;RAIZEN
NE;BA;SALVADOR;AUTO POSTO 034 LTDA;10.000.034/0001-38;AVENIDA BRASIL;1075;;CENTRO;59689-435;ETANOL;09/10/2023;4,452;;R$ / litro;VIBRA
NE;BA;SALVADOR;AUTO POSTO 034 LTDA; 10.000.034/0001-38;AVENIDA BRASIL;1075;;CENTRO;59689-435;GNV;09/10/2023;5,021;4,655;R$ / m³;VIBRA
NE;BA;SALVADOR;AUTO POSTO 034 LTDA;10.000.034/0001-38;AVENIDA BRASIL;1075;;CENTRO;59689-435;GASOLINA ADITIVADA;09/10/2023;6,310;;R$ / litro;VIBRA
NE;BA;SALVADOR;AUTO POSTO 035 LTDA; 10.000.035/0001-45;AVENIDA PAULISTA;3090;;CENTRO;65255-358;GASOLINA;09/10/2023;6,003;;R$ / litro;BRANCA
NE;BA;SALVADOR;AUTO POSTO 035 LTDA;10.000.035/0001-45;AVENIDA PAULISTA;3090;;CENTRO;65255-358;GNV;09/10/2023;5,058;4,663;R$ / m³;BRANCA
NE;BA;SALVADOR;AUTO POSTO 035 LTDA; 10.000.035/0001-45;AVENIDA PAULISTA;3090;;CENTRO;65255-358;GASOLINA ADITIVADA;09/10/2023;5,881;;R$ / litro;BRANCA
NE;BA;SALVADOR;AUTO POSTO 036 LTDA;10.000.036/0001-52;RUA DAS FLORES;2672;;CENTRO;18993-899;GASOLINA ADITIVADA;09/10/2023;6,557;;R$ / litro;BRANCA
NE;BA;SALVADOR;AUTO POSTO 036 LTDA; 10000036000152 ;RUA DAS FLORES;2672;;CENTRO;18993-899;GNV;09/10/2023;4,989;4,227;R$ / m³;BRANCA
NE;BA;FEIRA DE SANTANA;AUTO POSTO 037 LTDA; 10000037000159 ;AVENIDA BRASIL;2554;;CENTRO;29973-344;GASOLINA;09/10/2023;6,319;5,548;R$ / litro;VIBRA
NE;BA;FEIRA DE SANTANA;AUTO POSTO 037 LTDA;10.000.037/0001-59;AVENIDA BRASIL;2554;;CENTRO;29973-344;GASOLINA ADITIVADA;09/10/2023;6,318;;R$ / litro;VIBRA
NE;BA;FEIRA DE SANTANA;AUTO POSTO 037 LTDA; 10.000.037/0001-59;AVENIDA BRASIL;2554;;CENTRO;29973-344;DIESEL S10;09/10/2023;6,299;5,321;R$ / litro;VIBRA
NE;BA;FEIRA DE SANTANA;AUTO POSTO 038 LTDA;10.000.038/0001-66;AVENIDA PAULISTA;3151;;CENTRO;58351-271;GASOLINA;09/10/2023;5,303;4,600;R$ / litro;ALESAT
NE;BA;FEIRA DE SANTANA;AUTO POSTO 038 LTDA;10.000.038/0001-66;AVENIDA PAULISTA;3151;;CENTRO;58351-271;GASOLINA ADITIVADA;09/10/2023;6,118;;R$ / litro;ALESAT
NE;BA;FEIRA DE SANTANA;AUTO POSTO 038 LTDA; 10000038000166 ;AVENIDA PAULISTA;3151;;CENTRO;58351-271;DIESEL S10;09/10/2023;6,672;5,892;R$ / litro;ALESAT
NE;BA;FEIRA DE SANTANA;AUTO POSTO 039 LTDA; 10.000.039/0001-73;AVENIDA BRASIL;2380;;CENTRO;13365-419;DIESEL S10;09/10/2023;6,679;5,860;R$ / litro;ALESAT
NE;BA;FEIRA DE SANTANA;AUTO POSTO 039 LTDA;10.000.039/0001-73;AVENIDA BRASIL;2380;;CENTRO;13365-419;GNV;09/10/2023;4,221;3,758;R$ / m³;ALESAT
NE;BA;FEIRA DE SANTANA;AUTO POSTO 039 LTDA;10.000.039/0001-73;AVENIDA BRASIL;2380;;CENTRO;13365-419;ETANOL;09/10/2023;4,466;4,033;R$ / litro;ALESAT
NE;BA;FEIRA DE SANTANA;AUTO POSTO 040 LTDA; 10000040000180 ;RUA DAS FLORES;321;;CENTRO;87607-807;ETANOL;09/10/2023;3,981;3,687;R$ / litro;VIBRA
NE;BA;FEIRA DE SANTANA;AUTO POSTO 040 LTDA;10.000.040/0001-80;RUA DAS FLORES;321;;CENTRO;87607-807;GASOLINA;09/10/2023;6,090;;R$ / litro;VIBRA
N;AM;MANAUS;AUTO POSTO 041 LTDA; 10000041000187 ;RODOVIA BR 116;3215;;CENTRO;15383-455;ETANOL;09/10/2023;3,354;;R$ / litro;ALESAT
N;AM;MANAUS;AUTO POSTO 041 LTDA; 10.000.041/0001-87;RODOVIA BR 116;3215;;CENTRO;15383-455;GASOLINA;09/10/2023;5,617;;R$ / litro;ALESAT
N;AM;MANAUS;AUTO POSTO 041 LTDA;10.000.041/0001-87;RODOVIA BR 116;3215;;CENTRO;15383-455;GNV;09/10/2023;5,195;4,680;R$ / m³;ALESAT
N;AM;MANAUS;AUTO POSTO 042 LTDA;10.000.042/0001-94;AVENIDA PAULISTA;61;;CENTRO;65057-942;DIESEL S10;09/10/2023;5,832;;R$ / litro;RAIZEN
N;AM;MANAUS;AUTO POSTO 042 LTDA;10.000.042/0001-94;AVENIDA PAULISTA;61;;CENTRO;65057-942;ETANOL;09/10/2023;3,681;;R$ / litro;RAIZEN
N;AM;MANAUS  ;AUTO POSTO 043 LTDA; 10.000.043/0001-01;RUA QUINZE DE NOVEMBRO;2907;;CENTRO;30052-545;GNV;09/10/2023;4,887;;R$ / m³;VIBRA
N;AM;MANAUS;AUTO POSTO 043 LTDA; 10.000.043/0001-01;RUA QUINZE DE NOVEMBRO;2907;;CENTRO;30052-545;ETANOL;09/10/2023;3,295;;R$ / litro;VIBRA
N;AM;MANAUS;AUTO POSTO 044 LTDA; 10.000.044/0001-08;RODOVIA BR 116;3182;;CENTRO;73372-576;GNV;09/10/2023;5,197;;R$ / m³;RAIZEN
N;AM;MANAUS;AUTO POSTO 044 LTDA;10.000.044/0001-08;RODOVIA BR 116;3182;;CENTRO;73372-576;ETANOL;09/10/2023;3,207;;R$ / litro;RAIZEN
N;AM;MANAUS;AUTO POSTO 044 LTDA; 10.000.044/0001-08;RODOVIA BR 116;3182;;CENTRO;73372-576;GASOLINA ADITIVADA;09/10/2023;5,695;;R$ / litro;RAIZEN
SE;SP;SÃO JOSÉ DOS CAMPOS;AUTO POSTO 045 LTDA; 10000045000115 ;RUA DAS FLORES;3412;;CENTRO;21359-385;GNV;09/10/2023;5,130;;R$ / m³;RAIZEN
SE;SP;SÃO JOSÉ DOS CAMPOS;AUTO POSTO 046 LTDA; 10000046000122 ;AVENIDA PAULISTA;127;;CENTRO;74789-971;DIESEL S10;09/10/2023;5,956;5,027;R$ / litro;IPIRANGA
SE;SP;SÃO JOSÉ DOS CAMPOS;AUTO POSTO 046 LTDA; 10.000.046/0001-22;AVENIDA PAULISTA;127;;CENTRO;74789-971;GASOLINA ADITIVADA;09/10/2023;6,373;;R$ / litro;IPIRANGA
SE;SP;SÃO JOSÉ DOS CAMPOS;AUTO POSTO 047 LTDA; 10.000.047/0001-29;AVENIDA PAULISTA;3277;;CENTRO;43862-448;ETANOL;09/10/2023;3,872;;R$ / litro;IPIRANGA
SE;SP;SÃO JOSÉ DOS CAMPOS;AUTO POSTO 047 LTDA; 10000047000129 ;AVENIDA PAULISTA;3277;;CENTRO;43862-448;GASOLINA;09/10/2023;6,140;5,629;R$ / litro;IPIRANGA
SE;SP;SÃO JOSÉ DOS CAMPOS;AUTO POSTO 047 LTDA;10.000.047/0001-29;AVENIDA PAULISTA;3277;;CENTRO;43862-448;GNV;09/10/2023;4,389;3,759;R$ / m³;IPIRANGA
SE;SP;SÃO JOSÉ DOS CAMPOS;AUTO POSTO 048 LTDA; 10000048000136 ;RUA DAS FLORES;360;;CENTRO;41635-837;GNV;09/10/2023;4,636;;R$ / m³;RAIZEN
SE;SP;SÃO JOSÉ DOS CAMPOS  ;AUTO POSTO 048 LTDA; 10.000.048/0001-36;RUA DAS FLORES;360;;CENTRO;41635-837;GASOLINA ADITIVADA;09/10/2023;6,092;;R$ / litro;RAIZEN
SE;SP;SÃO JOSÉ DOS CAMPOS;AUTO POSTO 048 LTDA;10.000.048/0001-36;RUA DAS FLORES;360;;CENTRO;41635-837;ETANOL;09/10/2023;3,465;3,171;R$ / litro;RAIZEN
SE;RJ;NITERÓI;AUTO POSTO 049 LTDA;10.000.049/0001-43;RUA QUINZE DE NOVEMBRO;2655;;CENTRO;74332-558;ETANOL;09/10/2023;3,959;;R$ / litro;BRANCA
SE;RJ;NITERÓI;AUTO POSTO 049 LTDA; 10000049000143 ;RUA QUINZE DE NOVEMBRO;2655;;CENTRO;74332-558;GASOLINA ADITIVADA;09/10/2023;6,562;5,806;R$ / litro;BRANCA
SE;RJ;NITERÓI;AUTO POSTO 050 LTDA;10.000.050/0001-50;RUA QUINZE DE NOVEMBRO;2843;;CENTRO;41890-413;ETANOL;09/10/2023;3,712;;R$ / litro;ALESAT
SE;RJ;NITERÓI;AUTO POSTO 050 LTDA;10.000.050/0001-50;RUA QUINZE DE NOVEMBRO;2843;;CENTRO;41890-413;GASOLINA ADITIVADA;09/10/2023;5,582;;R$ / litro;ALESAT
SE;RJ;NITERÓI;AUTO POSTO 051 LTDA; 10.000.051/0001-57;RODOVIA BR 116;1364;;CENTRO;56112-819;ETANOL;09/10/2023;3,972;3,683;R$ / litro;RAIZEN
SE;RJ;NITERÓI;AUTO POSTO 051 LTDA; 10.000.051/0001-57;RODOVIA BR 116;1364;;CENTRO;56112-819;GNV;09/10/2023;5,147;;R$ / m³;RAIZEN
SE;RJ;NITERÓI;AUTO POSTO 051 LTDA;10.000.051/0001-57;RODOVIA BR 116;1364;;CENTRO;56112-819;GASOLINA;09/10/2023;5,533;4,968;R$ / litro;RAIZEN
SE;RJ;NITERÓI  ;AUTO POSTO 052 LTDA;10.000.052/0001-64;AVENIDA BRASIL;2964;;CENTRO;35242-423;GNV;09/10/2023;4,599;4,263;R$ / m³;BRANCA
SE;RJ;niterói;AUTO POSTO 052 LTDA; 10.000.052/0001-64;AVENIDA BRASIL;2964;;CENTRO;35242-423;GASOLINA ADITIVADA;09/10/2023;6,262;;R$ / litro;BRANCA
SE;RJ;NITERÓI;AUTO POSTO 052 LTDA; 10000052000164 ;AVENIDA BRASIL;2964;;CENTRO;35242-423;GASOLINA;09/10/2023;6,109;;R$ / litro;BRANCA
SE;SP;SAO PAULO;AUTO POSTO 001 LTDA; 10.000.001/0001-07;AVENIDA BRASIL;2608;;CENTRO;65518-949;GASOLINA;23/10/2023;6,032;;R$ / litro;IPIRANGA
SE;SP;SAO PAULO;AUTO POSTO 001 LTDA; 10000001000107 ;AVENIDA BRASIL;2608;;CENTRO;65518-949;ETANOL;23/10/2023;3,819;;R$ / litro;IPIRANGA
SE;SP;SAO PAULO;AUTO POSTO 002 LTDA; 10.000.002/0001-14;RUA DAS FLORES;2619;;CENTRO;44335-265;DIESEL S10;23/10/2023;6,475;;R$ / litro;RAIZEN
SE;SP;SAO PAULO  ;AUTO POSTO 002 LTDA;10.000.002/0001-14;RUA DAS FLORES;2619;;CENTRO;44335-265;GASOLINA;23/10/2023;6,324;;R$ / litro;RAIZEN
SE;SP;sao paulo;AUTO POSTO 002 LTDA; 10.000.002/0001-14;RUA DAS FLORES;2619;;CENTRO;44335-265;GNV;23/10/2023;4,500;;R$ / m³;RAIZEN
SE;SP;SAO PAULO;AUTO POSTO 003 LTDA;10.000.003/0001-21;AVENIDA BRASIL;3880;;CENTRO;29536-658;GNV;23/10/2023;4,723;3,988;R$ / m³;BRANCA
SE;SP;SAO PAULO;AUTO POSTO 004 LTDA;10.000.004/0001-28;RUA DAS FLORES;181;;CENTRO;50404-473;GASOLINA ADITIVADA;23/10/2023;6,061;;R$ / litro;BRANCA
SE;SP;SAO PAULO;AUTO POSTO 004 LTDA;10.000.004/0001-28;RUA DAS FLORES;181;;CENTRO;50404-473;GNV;23/10/2023;4,969;4,505;R$ / m³;BRANCA
SE;SP;SAO PAULO;AUTO POSTO 004 LTDA; 10000004000128 ;RUA DAS FLORES;181;;CENTRO;50404-473;ETANOL;23/10/2023;3,259;;R$ / litro;BRANCA
SE;SP;GUARULHOS;AUTO POSTO 005 LTDA; 10000005000135 ;AVENIDA BRASIL;1458;;CENTRO;83385-995;GASOLINA ADITIVADA;23/10/2023;6,383;;R$ / litro;RAIZEN
SE;SP;GUARULHOS;AUTO POSTO 005 LTDA;10.000.005/0001-35;AVENIDA BRASIL;1458;;CENTRO;83385-995;GNV;23/10/2023;4,411;4,095;R$ / m³;RAIZEN
SE;SP;GUARULHOS;AUTO POSTO 005 LTDA; 10000005000135 ;AVENIDA BRASIL;1458;;CENTRO;83385-995;GASOLINA;23/10/2023;5,888;5,008;R$ / litro;RAIZEN
SE;SP;GUARULHOS;AUTO POSTO 006 LTDA; 10000006000142 ;RUA DAS FLORES;3620;;CENTRO;64040-125;ETANOL;23/10/2023;4,329;;R$ / litro;VIBRA
SE;SP;GUARULHOS;AUTO POSTO 006 LTDA; 10.000.006/0001-42;RUA DAS FLORES;3620;;CENTRO;64040-125;DIESEL S10;23/10/2023;6,560;;R$ / litro;VIBRA
SE;SP;GUARULHOS;AUTO POSTO 006 LTDA;10.000.006/0001-42;RUA DAS FLORES;3620;;CENTRO;64040-125;GNV;23/10/2023;4,325;3,677;R$ / m³;VIBRA
SE;SP;GUARULHOS;AUTO POSTO 007 LTDA;10.000.007/0001-49;RUA DAS FLORES;1102;;CENTRO;30866-906;DIESEL S10;23/10/2023;6,329;5,454;R$ / litro;BRANCA
SE;SP;GUARULHOS;AUTO POSTO 007 LTDA;10.000.007/0001-49;RUA DAS FLORES;1102;;CENTRO;30866-906;GNV;23/10/2023;4,286;;R$ / m³;BRANCA
SE;SP;GUARULHOS;AUTO POSTO 008 LTDA;10.000.008/0001-56;RUA DAS FLORES;3354;;CENTRO;70332-458;GASOLINA ADITIVADA;23/10/2023;5,733;5,178;R$ / litro;IPIRANGA
SE;SP;GUARULHOS;AUTO POSTO 008 LTDA; 10000008000156 ;RUA DAS FLORES;3354;;CENTRO;70332-458;GASOLINA;23/10/2023;5,944;5,298;R$ / litro;IPIRANGA
SE;SP;CAMPINAS  ;AUTO POSTO 009 LTDA; 10.000.009/0001-63;RUA DAS FLORES;1642;;CENTRO;53025-385;ETANOL;23/10/2023;4,473;;R$ / litro;BRANCA
SE;SP;CAMPINAS;AUTO POSTO 009 LTDA; 10.000.009/0001-63;RUA DAS FLORES;1642;;CENTRO;53025-385;DIESEL S10;23/10/2023;5,841;5,176;R$ / litro;BRANCA
SE;SP;CAMPINAS;AUTO POSTO 009 LTDA; 10000009000163 ;RUA DAS FLORES;1642;;CENTRO;53025-385;GNV;23/10/2023;4,432;3,730;R$ / m³;BRANCA
SE;SP;CAMPINAS;AUTO POSTO 010 LTDA; 10.000.010/0001-70;RODOVIA BR 116;1366;;CENTRO;13617-218;GNV;23/10/2023;5,093;;R$ / m³;IPIRANGA
SE;SP;CAMPINAS;AUTO POSTO 010 LTDA; 10.000.010/0001-70;RODOVIA BR 116;1366;;CENTRO;13617-218;ETANOL;23/10/2023;3,783;;R$ / litro;IPIRANGA
SE;SP;CAMPINAS;AUTO POSTO 011 LTDA; 10000011000177 ;AVENIDA BRASIL;454;;CENTRO;88193-544;ETANOL;23/10/2023;3,647;3,136;R$ / litro;IPIRANGA
SE;SP;CAMPINAS;AUTO POSTO 011 LTDA; 10000011000177 ;AVENIDA BRASIL;454;;CENTRO;88193-544;DIESEL S10;23/10/2023;5,944;5,374;R$ / litro;IPIRANGA
SE;SP;CAMPINAS;AUTO POSTO 011 LTDA; 10.000.011/0001-77;AVENIDA BRASIL;454;;CENTRO;88193-544;GNV;23/10/2023;4,996;;R$ / m³;IPIRANGA
SE;SP;CAMPINAS;AUTO POSTO 012 LTDA; 10.000.012/0001-84;RODOVIA BR 116;483;;CENTRO;60488-690;GASOLINA;23/10/2023;6,060;5,354;R$ / litro;VIBRA
SE;SP;CAMPINAS;AUTO POSTO 012 LTDA; 10000012000184 ;RODOVIA BR 116;483;;CENTRO;60488-690;DIESEL S10;23/10/2023;5,911;;R$ / litro;VIBRA
SE;SP;CAMPINAS;AUTO POSTO 012 LTDA;10.000.012/0001-84;RODOVIA BR 116;483;;CENTRO;60488-690;GNV;23/10/2023;4,757;;R$ / m³;VIBRA
SE;RJ;RIO DE JANEIRO;AUTO POSTO 013 LTDA;10.000.013/0001-91;RODOVIA BR 116;3801;;CENTRO;80575-803;DIESEL S10;23/10/2023;5,992;;R$ / litro;VIBRA
SE;RJ;RIO DE JANEIRO;AUTO POSTO 013 LTDA; 10.000.013/0001-91;RODOVIA BR 116;3801;;CENTRO;80575-803;GASOLINA;23/10/2023;5,774;;R$ / litro;VIBRA
SE;RJ;RIO DE JANEIRO;AUTO POSTO 013 LTDA; 10.000.013/0001-91;RODOVIA BR 116;3801;;CENTRO;80575-803;ETANOL;23/10/2023;4,492;;R$ / litro;VIBRA
SE;RJ;RIO DE JANEIRO;AUTO POSTO 014 LTDA; 10.000.014/0001-98;AVENIDA PAULISTA;2562;;CENTRO;51145-779;ETANOL;23/10/2023;4,365;;R$ / litro;BRANCA
SE;RJ;RIO DE JANEIRO;AUTO POSTO 014 LTDA;10.000.014/0001-98;AVENIDA PAULISTA;2562;;CENTRO;51145-779;GNV;23/10/2023;4,906;;R$ / m³;BRANCA
SE;RJ;RIO DE JANEIRO;AUTO POSTO 014 LTDA;10.000.014/0001-98;AVENIDA PAULISTA;2562;;CENTRO;51145-779;DIESEL S10;23/10/2023;6,872;;R$ / litro;BRANCA
SE;RJ;RIO DE JANEIRO;AUTO POSTO 015 LTDA;10.000.015/0001-05;RUA QUINZE DE NOVEMBRO;1346;;CENTRO;62743-813;GASOLINA ADITIVADA;23/10/2023;6,456;5,484;R$ / litro;IPIRANGA
SE;RJ;RIO DE JANEIRO;AUTO POSTO 015 LTDA; 10.000.015/0001-05;RUA QUINZE DE NOVEMBRO;1346;;CENTRO;62743-813;GNV;23/10/2023;4,357;3,833;R$ / m³;IPIRANGA
SE;RJ;RIO DE JANEIRO;AUTO POSTO 015 LTDA;10.000.015/0001-05;RUA QUINZE DE NOVEMBRO;1346;;CENTRO;62743-813;DIESEL S10;23/10/2023;5,970;5,455;R$ / litro;IPIRANGA
SE;RJ;RIO DE JANEIRO;AUTO POSTO 016 LTDA; 10000016000112 ;RUA QUINZE DE NOVEMBRO;2784;;CENTRO;32810-730;DIESEL S10;23/10/2023;6,646;6,082;R$ / litro;ALESAT
SE;RJ;RIO DE JANEIRO;AUTO POSTO 016 LTDA;10.000.016/0001-12;RUA QUINZE DE NOVEMBRO;2784;;CENTRO;32810-730;GASOLINA;23/10/2023;5,394;4,897;R$ / litro;ALESAT
SE;RJ;RIO DE JANEIRO;AUTO POSTO 016 LTDA;10.000.016/0001-12;RUA QUINZE DE NOVEMBRO;2784;;CENTRO;32810-730;GASOLINA ADITIVADA;23/10/2023;6,379;;R$ / litro;ALESAT
SE;MG;BELO HORIZONTE;AUTO POSTO 017 LTDA; 10000017000119 ;AVENIDA PAULISTA;870;;CENTRO;66346-904;ETANOL;23/10/2023;3,737;;R$ / litro;ALESAT
SE;MG;BELO HORIZONTE;AUTO POSTO 017 LTDA; 10.000.017/0001-19;AVENIDA PAULISTA;870;;CENTRO;66346-904;DIESEL S10;23/10/2023;6,838;;R$ / litro;ALESAT
SE;MG;BELO HORIZONTE;AUTO POSTO 017 LTDA;10.000.017/0001-19;AVENIDA PAULISTA;870;;CENTRO;66346-904;GASOLINA ADITIVADA;23/10/2023;5,643;5,239;R$ / litro;ALESAT
SE;MG;BELO HORIZONTE  ;AUTO POSTO 018 LTDA;10.000.018/0001-26;RUA QUINZE DE NOVEMBRO;2777;;CENTRO;38010-623;GASOLINA ADITIVADA;23/10/2023;6,626;;R$ / litro;RAIZEN
SE;MG;BELO HORIZONTE;AUTO POSTO 018 LTDA; 10.000.018/0001-26;RUA QUINZE DE NOVEMBRO;2777;;CENTRO;38010-623;GASOLINA;23/10/2023;5,761;;R$ / litro;RAIZEN
SE;MG;BELO HORIZONTE;AUTO POSTO 018 LTDA; 10.000.018/0001-26;RUA QUINZE DE NOVEMBRO;2777;;CENTRO;38010-623;GNV;23/10/2023;5,109;4,420;R$ / m³;RAIZEN
SE;MG;BELO HORIZONTE;AUTO POSTO 019 LTDA; 10000019000133 ;RODOVIA BR 116;2729;;CENTRO;53933-195;ETANOL;23/10/2023;3,780;3,360;R$ / litro;VIBRA
SE;MG;BELO HORIZONTE;AUTO POSTO 019 LTDA; 10.000.019/0001-33;RODOVIA BR 116;2729;;CENTRO;53933-195;GASOLINA ADITIVADA;23/10/2023;6,526;;R$ / litro;VIBRA
SE;MG;BELO HORIZONTE;AUTO POSTO 019 LTDA; 10.000.019/0001-33;RODOVIA BR 116;2729;;CENTRO;53933-195;GASOLINA;23/10/2023;5,393;;R$ / litro;VIBRA
SE;MG;BELO HORIZONTE;AUTO POSTO 020 LTDA;10.000.020/0001-40;RUA DAS FLORES;110;;CENTRO;16057-350;GASOLINA;23/10/2023;5,873;;R$ / litro;RAIZEN
SE;MG;BELO HORIZONTE;AUTO POSTO 020 LTDA; 10.000.020/0001-40;RUA DAS FLORES;110;;CENTRO;16057-350;DIESEL S10;23/10/2023;6,373;;R$ / litro;RAIZEN
SE;MG;BELO HORIZONTE  ;AUTO POSTO 020 LTDA; 10.000.020/0001-40;RUA DAS FLORES;110;;CENTRO;16057-350;GASOLINA ADITIVADA;23/10/2023;6,636;5,610;R$ / litro;RAIZEN
SE;MG;UBERLANDIA;AUTO POSTO 021 LTDA; 10.000.021/0001-47;RODOVIA BR 116;806;;CENTRO;60328-606;GASOLINA ADITIVADA;23/10/2023;5,686;;R$ / litro;RAIZEN
SE;MG;UBERLANDIA;AUTO POSTO 021 LTDA;10.000.021/0001-47;RODOVIA BR 116;806;;CENTRO;60328-606;GASOLINA;23/10/2023;5,798;;R$ / litro;RAIZEN
SE;MG;UBERLANDIA;AUTO POSTO 022 LTDA;10.000.022/0001-54;AVENIDA BRASIL;3198;;CENTRO;65724-324;GNV;23/10/2023;4,550;4,143;R$ / m³;VIBRA
SE;MG;UBERLANDIA;AUTO POSTO 022 LTDA; 10000022000154 ;AVENIDA BRASIL;3198;;CENTRO;65724-324;DIESEL S10;23/10/2023;6,372;5,540;R$ / litro;VIBRA
SE;MG;UBERLANDIA;AUTO POSTO 022 LTDA; 10.000.022/0001-54;AVENIDA BRASIL;3198;;CENTRO;65724-324;GASOLINA;23/10/2023;5,800;5,094;R$ / litro;VIBRA
SE;MG;uberlandia;AUTO POSTO 023 LTDA; 10.000.023/0001-61;RODOVIA BR 116;1030;;CENTRO;25906-567;GNV;23/10/2023;4,278;;R$ / m³;VIBRA
SE;MG;UBERLANDIA;AUTO POSTO 023 LTDA; 10000023000161 ;RODOVIA BR 116;1030;;CENTRO;25906-567;ETANOL;23/10/2023;4,334;;R$ / litro;VIBRA
SE;MG;UBERLANDIA;AUTO POSTO 023 LTDA; 10000023000161 ;RODOVIA BR 116;1030;;CENTRO;25906-567;GASOLINA ADITIVADA;23/10/2023;6,355;;R$ / litro;VIBRA
SE;MG;UBERLANDIA;AUTO POSTO 024 LTDA; 10000024000168 ;RODOVIA BR 116;3348;;CENTRO;76162-536;GASOLINA ADITIVADA;23/10/2023;6,332;5,720;R$ / litro;ALESAT
SE;MG;UBERLANDIA;AUTO POSTO 024 LTDA;10.000.024/0001-68;RODOVIA BR 116;3348;;CENTRO;76162-536;DIESEL S10;23/10/2023;6,301;5,382;R$ / litro;ALESAT
SE;MG;UBERLANDIA;AUTO POSTO 024 LTDA;10.000.024/0001-68;RODOVIA BR 116;3348;;CENTRO;76162-536;GNV;23/10/2023;4,802;;R$ / m³;ALESAT
S;RS;PORTO ALEGRE;AUTO POSTO 025 LTDA;10.000.025/0001-75;AVENIDA PAULISTA;3089;;CENTRO;42406-960;DIESEL S10;23/10/2023;6,375;5,530;R$ / litro;IPIRANGA
S;RS;PORTO ALEGRE;AUTO POSTO 025 LTDA;10.000.025/0001-75;AVENIDA PAULISTA;3089;;CENTRO;42406-960;GASOLINA ADITIVADA;23/10/2023;6,420;5,733;R$ / litro;IPIRANGA
S;RS;PORTO ALEGRE;AUTO POSTO 026 LTDA;10.000.026/0001-82;RUA QUINZE DE NOVEMBRO;327;;CENTRO;47450-340;ETANOL;23/10/2023;3,438;;R$ / litro;IPIRANGA
S;RS;PORTO ALEGRE  ;AUTO POSTO 026 LTDA; 10.000.026/0001-82;RUA QUINZE DE NOVEMBRO;327;;CENTRO;47450-340;DIESEL S10;23/10/2023;6,790;;R$ / litro;IPIRANGA
S;RS;PORTO ALEGRE;AUTO POSTO 027 LTDA;10.000.027/0001-89;RUA DAS FLORES;957;;CENTRO;60205-810;GASOLINA ADITIVADA;23/10/2023;6,388;;R$ / litro;VIBRA
S;RS;PORTO ALEGRE;AUTO POSTO 027 LTDA; 10000027000189 ;RUA DAS FLORES;957;;CENTRO;60205-810;GASOLINA;23/10/2023;5,464;;R$ / litro;VIBRA
S;RS;PORTO ALEGRE;AUTO POSTO 028 LTDA; 10000028000196 ;RUA QUINZE DE NOVEMBRO;1365;;CENTRO;81121-577;GASOLINA ADITIVADA;23/10/2023;5,806;5,160;R$ / litro;RAIZEN
S;RS;PORTO ALEGRE;AUTO POSTO 028 LTDA; 10.000.028/0001-96;RUA QUINZE DE NOVEMBRO;1365;;CENTRO;81121-577;DIESEL S10;23/10/2023;6,511;;R$ / litro;RAIZEN
S;RS;CAXIAS DO SUL;AUTO POSTO 029 LTDA; 10.000.029/0001-03;RUA QUINZE DE NOVEMBRO;3716;;CENTRO;86556-812;DIESEL S10;23/10/2023;6,417;5,713;R$ / litro;BRANCA
S;RS;CAXIAS DO SUL;AUTO POSTO 029 LTDA;10.000.029/0001-03;RUA QUINZE DE NOVEMBRO;3716;;CENTRO;86556-812;GNV;23/10/2023;5,157;;R$ / m³;BRANCA
S;RS;CAXIAS DO SUL;AUTO POSTO 029 LTDA;10.000.029/0001-03;RUA QUINZE DE NOVEMBRO;3716;;CENTRO;86556-812;GASOLINA;23/10/2023;5,432;;R$ / litro;BRANCA
S;RS;CAXIAS DO SUL  ;AUTO POSTO 030 LTDA; 10.000.030/0001-10;AVENIDA PAULISTA;1233;;CENTRO;61116-973;GNV;23/10/2023;4,285;;R$ / m³;RAIZEN
S;RS;CAXIAS DO SUL;AUTO POSTO 030 LTDA; 10000030000110 ;AVENIDA PAULISTA;1233;;CENTRO;61116-973;GASOLINA ADITIVADA;23/10/2023;6,498;5,714;R$ / litro;RAIZEN
S;RS;CAXIAS DO SUL;AUTO POSTO 030 LTDA; 10.000.030/0001-10;AVENIDA PAULISTA;1233;;CENTRO;61116-973;DIESEL S10;23/10/2023;6,220;5,773;R$ / litro;RAIZEN
S;RS;CAXIAS DO SUL;AUTO POSTO 031 LTDA;10.000.031/0001-17;RUA DAS FLORES;1127;;CENTRO;67125-597;ETANOL;23/10/2023;3,532;3,064;R$ / litro;BRANCA
S;RS;CAXIAS DO SUL;AUTO POSTO 031 LTDA; 10.000.031/0001-17;RUA DAS FLORES;1127;;CENTRO;67125-597;DIESEL S10;23/10/2023;6,000;;R$ / litro;BRANCA
S;RS;CAXIAS DO SUL;AUTO POSTO 031 LTDA;10.000.031/0001-17;RUA DAS FLORES;1127;;CENTRO;67125-597;GNV;23/10/2023;4,613;4,031;R$ / m³;BRANCA
S;RS;CAXIAS DO SUL;AUTO POSTO 032 LTDA;10.000.032/0001-24;RUA DAS FLORES;3452;;CENTRO;71261-230;GASOLINA;23/10/2023;5,564;;R$ / litro;ALESAT
S;RS;CAXIAS DO SUL;AUTO POSTO 032 LTDA; 10000032000124 ;RUA DAS FLORES;3452;;CENTRO;71261-230;DIESEL S10;23/10/2023;6,844;5,945;R$ / litro;ALESAT
S;RS;CAXIAS DO SUL  ;AUTO POSTO 032 LTDA; 10.000.032/0001-24;RUA DAS FLORES;3452;;CENTRO;71261-230;ETANOL;23/10/2023;3,920;;R$ / litro;ALESAT
NE;BA;SALVADOR;AUTO POSTO 033 LTDA;10.000.033/0001-31;RODOVIA BR 116;2725;;CENTRO;13552-185;DIESEL S10;23/10/2023;6,135;;R$ / litro;RAIZEN
NE;BA;SALVADOR;AUTO POSTO 034 LTDA;10.000.034/0001-38;AVENIDA BRASIL;1075;;CENTRO;59689-435;ETANOL;23/10/2023;3,685;;R$ / litro;VIBRA
NE;BA;SALVADOR;AUTO POSTO 034 LTDA; 10000034000138 ;AVENIDA BRASIL;1075;;CENTRO;59689-435;GNV;23/10/2023;5,161;;R$ / m³;VIBRA
NE;BA;SALVADOR;AUTO POSTO 035 LTDA; 10.000.035/0001-45;AVENIDA PAULISTA;3090;;CENTRO;65255-358;GASOLINA;23/10/2023;6,018;5,088;R$ / litro;BRANCA
NE;BA;SALVADOR;AUTO POSTO 035 LTDA; 10.000.035/0001-45;AVENIDA PAULISTA;3090;;CENTRO;65255-358;GNV;23/10/2023;5,039;4,392;R$ / m³;BRANCA
NE;BA;SALVADOR;AUTO POSTO 035 LTDA; 10.000.035/0001-45;AVENIDA PAULISTA;3090;;CENTRO;65255-358;GASOLINA ADITIVADA;23/10/2023;5,600;;R$ / litro;BRANCA
NE;BA;SALVADOR;AUTO POSTO 036 LTDA; 10000036000152 ;RUA DAS FLORES;2672;;CENTRO;18993-899;GASOLINA ADITIVADA;23/10/2023;6,318;;R$ / litro;BRANCA
NE;BA;SALVADOR;AUTO POSTO 036 LTDA; 10000036000152 ;RUA DAS FLORES;2672;;CENTRO;18993-899;GNV;23/10/2023;4,411;;R$ / m³;BRANCA
NE;BA;FEIRA DE SANTANA;AUTO POSTO 037 LTDA; 10.000.037/0001-59;AVENIDA BRASIL;2554;;CENTRO;29973-344;GASOLINA;23/10/2023;5,999;;R$ / litro;VIBRA
NE;BA;FEIRA DE SANTANA;AUTO POSTO 037 LTDA; 10.000.037/0001-59;AVENIDA BRASIL;2554;;CENTRO;29973-344;GASOLINA ADITIVADA;23/10/2023;5,926;;R$ / litro;VIBRA
NE;BA;FEIRA DE SANTANA  ;AUTO POSTO 037 LTDA;10.000.037/0001-59;AVENIDA BRASIL;2554;;CENTRO;29973-344;DIESEL S10;23/10/2023;6,540;;R$ / litro;VIBRA
NE;BA;FEIRA DE SANTANA;AUTO POSTO 038 LTDA; 10000038000166 ;AVENIDA PAULISTA;3151;;CENTRO;58351-271;GASOLINA;23/10/2023;5,892;;R$ / litro;ALESAT
NE;BA;FEIRA DE SANTANA  ;AUTO POSTO 038 LTDA; 10.000.038/0001-66;AVENIDA PAULISTA;3151;;CENTRO;58351-271;GASOLINA ADITIVADA;23/10/2023;6,289;5,743;R$ / litro;ALESAT
NE;BA;FEIRA DE SANTANA;AUTO POSTO 038 LTDA;10.000.038/0001-66;AVENIDA PAULISTA;3151;;CENTRO;58351-271;DIESEL S10;23/10/2023;6,723;;R$ / litro;ALESAT
NE;BA;FEIRA DE SANTANA;AUTO POSTO 039 LTDA; 10.000.039/0001-73;AVENIDA BRASIL;2380;;CENTRO;13365-419;DIESEL S10;23/10/2023;6,830;;R$ / litro;ALESAT
NE;BA;FEIRA DE SANTANA  ;AUTO POSTO 039 LTDA;10.000.039/0001-73;AVENIDA BRASIL;2380;;CENTRO;13365-419;GNV;23/10/2023;4,290;;R$ / m³;ALESAT
NE;BA;FEIRA DE SANTANA;AUTO POSTO 039 LTDA;10.000.039/0001-73;AVENIDA BRASIL;2380;;CENTRO;13365-419;ETANOL;23/10/2023;4,474;;R$ / litro;ALESAT
NE;BA;FEIRA DE SANTANA;AUTO POSTO 040 LTDA;10.000.040/0001-80;RUA DAS FLORES;321;;CENTRO;87607-807;GASOLINA;23/10/2023;5,308;;R$ / litro;VIBRA
N;AM;MANAUS;AUTO POSTO 041 LTDA; 10.000.041/0001-87;RODOVIA BR 116;3215;;CENTRO;15383-455;ETANOL;23/10/2023;3,940;;R$ / litro;ALESAT
N;AM;MANAUS;AUTO POSTO 041 LTDA;10.000.041/0001-87;RODOVIA BR 116;3215;;CENTRO;15383-455;GASOLINA;23/10/2023;5,372;4,544;R$ / litro;ALESAT
N;AM;MANAUS;AUTO POSTO 041 LTDA;10.000.041/0001-87;RODOVIA BR 116;3215;;CENTRO;15383-455;GNV;23/10/2023;5,081;;R$ / m³;ALESAT
N;AM;MANAUS;AUTO POSTO 042 LTDA;10.000.042/0001-94;AVENIDA PAULISTA;61;;CENTRO;65057-942;DIESEL S10;23/10/2023;6,891;;R$ / litro;RAIZEN
N;AM;MANAUS;AUTO POSTO 042 LTDA; 10000042000194 ;AVENIDA PAULISTA;61;;CENTRO;65057-942;ETANOL;23/10/2023;3,203;;R$ / litro;RAIZEN
N;AM;MANAUS;AUTO POSTO 043 LTDA; 10.000.043/0001-01;RUA QUINZE DE NOVEMBRO;2907;;CENTRO;30052-545;GNV;23/10/2023;4,633;;R$ / m³;VIBRA
N;AM;MANAUS;AUTO POSTO 043 LTDA; 10000043000101 ;RUA QUINZE DE NOVEMBRO;2907;;CENTRO;30052-545;ETANOL;23/10/2023;3,844;;R$ / litro;VIBRA
N;AM;MANAUS  ;AUTO POSTO 044 LTDA; 10.000.044/0001-08;RODOVIA BR 116;3182;;CENTRO;73372-576;GNV;23/10/2023;4,282;;R$ / m³;RAIZEN
N;AM;MANAUS;AUTO POSTO 044 LTDA; 10000044000108 ;RODOVIA BR 116;3182;;CENTRO;73372-576;GASOLINA ADITIVADA;23/10/2023;6,604;;R$ / litro;RAIZEN
SE;SP;SÃO JOSÉ DOS CAMPOS;AUTO POSTO 045 LTDA;10.000.045/0001-15;RUA DAS FLORES;3412;;CENTRO;21359-385;DIESEL S10;23/10/2023;6,489;5,731;R$ / litro;RAIZEN
SE;SP;SÃO JOSÉ DOS CAMPOS;AUTO POSTO 045 LTDA; 10.000.045/0001-15;RUA DAS FLORES;3412;;CENTRO;21359-385;GNV;23/10/2023;5,041;4,449;R$ / m³;RAIZEN
SE;SP;SÃO JOSÉ DOS CAMPOS;AUTO POSTO 046 LTDA; 10.000.046/0001-22;AVENIDA PAULISTA;127;;CENTRO;74789-971;DIESEL S10;23/10/2023;6,372;5,394;R$ / litro;IPIRANGA
SE;SP;SÃO JOSÉ DOS CAMPOS;AUTO POSTO 046 LTDA;10.000.046/0001-22;AVENIDA PAULISTA;127;;CENTRO;74789-971;GASOLINA ADITIVADA;23/10/2023;6,238;;R$ / litro;IPIRANGA
SE;SP;SÃO JOSÉ DOS CAMPOS;AUTO POSTO 048 LTDA;10.000.048/0001-36;RUA DAS FLORES;360;;CENTRO;41635-837;GNV;23/10/2023;4,983;4,546;R$ / m³;RAIZEN
SE;SP;SÃO JOSÉ DOS CAMPOS;AUTO POSTO 048 LTDA;10.000.048/0001-36;RUA DAS FLORES;360;;CENTRO;41635-837;ETANOL;23/10/2023;4,081;;R$ / litro;RAIZEN
SE;RJ;NITERÓI;AUTO POSTO 049 LTDA;10.000.049/0001-43;RUA QUINZE DE NOVEMBRO;2655;;CENTRO;74332-558;ETANOL;23/10/2023;4,002;;R$ / litro;BRANCA
SE;RJ;NITERÓI;AUTO POSTO 049 LTDA;10.000.049/0001-43;RUA QUINZE DE NOVEMBRO;2655;;CENTRO;74332-558;GASOLINA ADITIVADA;23/10/2023;6,049;;R$ / litro;BRANCA
SE;RJ;NITERÓI;AUTO POSTO 050 LTDA;10.000.050/0001-50;RUA QUINZE DE NOVEMBRO;2843;;CENTRO;41890-413;DIESEL S10;23/10/2023;6,174;;R$ / litro;ALESAT
SE;RJ;NITERÓI;AUTO POSTO 050 LTDA; 10.000.050/0001-50;RUA QUINZE DE NOVEMBRO;2843;;CENTRO;41890-413;ETANOL;23/10/2023;3,964;3,334;R$ / litro;ALESAT
SE;RJ;NITERÓI;AUTO POSTO 050 LTDA;10.000.050/0001-50;RUA QUINZE DE NOVEMBRO;2843;;CENTRO;41890-413;GASOLINA ADITIVADA;23/10/2023;6,545;5,798;R$ / litro;ALESAT
SE;RJ;NITERÓI;AUTO POSTO 051 LTDA; 10000051000157 ;RODOVIA BR 116;1364;;CENTRO;56112-819;ETANOL;23/10/2023;3,442;2,905;R$ / litro;RAIZEN
SE;RJ;NITERÓI;AUTO POSTO 051 LTDA; 10.000.051/0001-57;RODOVIA BR 116;1364;;CENTRO;56112-819;GNV;23/10/2023;4,511;;R$ / m³;RAIZEN
SE;RJ;NITERÓI;AUTO POSTO 051 LTDA; 10.000.051/0001-57;RODOVIA BR 116;1364;;CENTRO;56112-819;GASOLINA;23/10/2023;5,964;5,531;R$ / litro;RAIZEN
SE;RJ;NITERÓI;AUTO POSTO 052 LTDA;10.000.052/0001-64;AVENIDA BRASIL;2964;;CENTRO;35242-423;GNV;23/10/2023;4,257;;R$ / m³;BRANCA
SE;RJ;NITERÓI;AUTO POSTO 052 LTDA; 10000052000164 ;AVENIDA BRASIL;2964;;CENTRO;35242-423;GASOLINA ADITIVADA;23/10/2023;5,928;;R$ / litro;BRANCA
SE;RJ;NITERÓI;AUTO POSTO 052 LTDA;10.000.052/0001-64;AVENIDA BRASIL;2964;;CENTRO;35242-423;GASOLINA;23/10/2023;5,676;;R$ / litro;BRANCA
SE;SP;SAO PAULO;AUTO POSTO 001 LTDA; 10.000.001/0001-07;AVENIDA BRASIL;2608;;CENTRO;65518-949;GASOLINA;06/11/2023;6,237;;R$ / litro;IPIRANGA
SE;SP;SAO PAULO;AUTO POSTO 001 LTDA; 10.000.001/0001-07;AVENIDA BRASIL;2608;;CENTRO;65518-949;ETANOL;06/11/2023;3,411;;R$ / litro;IPIRANGA
SE;SP;SAO PAULO  ;AUTO POSTO 002 LTDA;10.000.002/0001-14;RUA DAS FLORES;2619;;CENTRO;44335-265;DIESEL S10;06/11/2023;6,313;5,576;R$ / litro;RAIZEN
SE;SP;SAO PAULO;AUTO POSTO 002 LTDA; 10000002000114 ;RUA DAS FLORES;2619;;CENTRO;44335-265;GASOLINA;06/11/2023;5,526;5,134;R$ / litro;RAIZEN
SE;SP;SAO PAULO  ;AUTO POSTO 002 LTDA; 10.000.002/0001-14;RUA DAS FLORES;2619;;CENTRO;44335-265;GNV;06/11/2023;4,244;3,641;R$ / m³;RAIZEN
SE;SP;SAO PAULO;AUTO POSTO 003 LTDA;10.000.003/0001-21;AVENIDA BRASIL;3880;;CENTRO;29536-658;GNV;06/11/2023;4,540;;R$ / m³;BRANCA
SE;SP;SAO PAULO  ;AUTO POSTO 003 LTDA; 10.000.003/0001-21;AVENIDA BRASIL;3880;;CENTRO;29536-658;GASOLINA ADITIVADA;06/11/2023;6,270;;R$ / litro;BRANCA
SE;SP;SAO PAULO;AUTO POSTO 003 LTDA; 10000003000121 ;AVENIDA BRASIL;3880;;CENTRO;29536-658;DIESEL S10;06/11/2023;6,064;;R$ / litro;BRANCA
SE;SP;SAO PAULO;AUTO POSTO 004 LTDA; 10000004000128 ;RUA DAS FLORES;181;;CENTRO;50404-473;GASOLINA ADITIVADA;06/11/2023;6,516;5,558;R$ / litro;BRANCA
SE;SP;SAO PAULO;AUTO POSTO 004 LTDA;10.000.004/0001-28;RUA DAS FLORES;181;;CENTRO;50404-473;GNV;06/11/2023;4,733;;R$ / m³;BRANCA
SE;SP;SAO PAULO;AUTO POSTO 004 LTDA;10.000.004/0001-28;RUA DAS FLORES;181;;CENTRO;50404-473;ETANOL;06/11/2023;4,397;;R$ / litro;BRANCA
SE;SP;GUARULHOS;AUTO POSTO 005 LTDA; 10.000.005/0001-35;AVENIDA BRASIL;1458;;CENTRO;83385-995;GASOLINA ADITIVADA;06/11/2023;6,419;5,423;R$ / litro;RAIZEN
SE;SP;GUARULHOS;AUTO POSTO 005 LTDA; 10000005000135 ;AVENIDA BRASIL;1458;;CENTRO;83385-995;GNV;06/11/2023;4,409;3,890;R$ / m³;RAIZEN
SE;SP;GUARULHOS  ;AUTO POSTO 005 LTDA; 10.000.005/0001-35;AVENIDA BRASIL;1458;;CENTRO;83385-995;GASOLINA;06/11/2023;5,848;;R$ / litro;RAIZEN
SE;SP;GUARULHOS;AUTO POSTO 006 LTDA; 10000006000142 ;RUA DAS FLORES;3620;;CENTRO;64040-125;ETANOL;06/11/2023;4,130;;R$ / litro;VIBRA
SE;SP;GUARULHOS;AUTO POSTO 006 LTDA;10.000.006/0001-42;RUA DAS FLORES;3620;;CENTRO;64040-125;DIESEL S10;06/11/2023;6,028;;R$ / litro;VIBRA
SE;SP;GUARULHOS;AUTO POSTO 006 LTDA;10.000.006/0001-42;RUA DAS FLORES;3620;;CENTRO;64040-125;GNV;06/11/2023;4,506;;R$ / m³;VIBRA
SE;SP;GUARULHOS;AUTO POSTO 007 LTDA; 10.000.007/0001-49;RUA DAS FLORES;1102;;CENTRO;30866-906;GASOLINA;06/11/2023;5,580;5,065;R$ / litro;BRANCA
SE;SP;GUARULHOS;AUTO POSTO 007 LTDA;10.000.007/0001-49;RUA DAS FLORES;1102;;CENTRO;30866-906;DIESEL S10;06/11/2023;6,442;;R$ / litro;BRANCA
SE;SP;GUARULHOS;AUTO POSTO 007 LTDA; 10000007000149 ;RUA DAS FLORES;1102;;CENTRO;30866-906;GNV;06/11/2023;4,633;4,099;R$ / m³;BRANCA
SE;SP;GUARULHOS  ;AUTO POSTO 008 LTDA; 10.000.008/0001-56;RUA DAS FLORES;3354;;CENTRO;70332-458;GASOLINA ADITIVADA;06/11/2023;6,542;5,791;R$ / litro;IPIRANGA
SE;SP;GUARULHOS  ;AUTO POSTO 008 LTDA;10.000.008/0001-56;RUA DAS FLORES;3354;;CENTRO;70332-458;GASOLINA;06/11/2023;5,901;5,315;R$ / litro;IPIRANGA
SE;SP;CAMPINAS;AUTO POSTO 009 LTDA; 10.000.009/0001-63;RUA DAS FLORES;1642;;CENTRO;53025-385;ETANOL;06/11/2023;3,448;;R$ / litro;BRANCA
SE;SP;CAMPINAS;AUTO POSTO 009 LTDA; 10.000.009/0001-63;RUA DAS FLORES;1642;;CENTRO;53025-385;DIESEL S10;06/11/2023;5,809;5,309;R$ / litro;BRANCA
SE;SP;CAMPINAS;AUTO POSTO 009 LTDA; 10000009000163 ;RUA DAS FLORES;1642;;CENTRO;53025-385;GNV;06/11/2023;5,022;;R$ / m³;BRANCA
SE;SP;CAMPINAS;AUTO POSTO 010 LTDA;10.000.010/0001-70;RODOVIA BR 116;1366;;CENTRO;13617-218;ETANOL;06/11/2023;4,325;3,915;R$ / litro;IPIRANGA
SE;SP;CAMPINAS;AUTO POSTO 011 LTDA; 10000011000177 ;AVENIDA BRASIL;454;;CENTRO;88193-544;ETANOL;06/11/2023;4,139;;R$ / litro;IPIRANGA
SE;SP;CAMPINAS;AUTO POSTO 011 LTDA;10.000.011/0001-77;AVENIDA BRASIL;454;;CENTRO;88193-544;DIESEL S10;06/11/2023;6,272;;R$ / litro;IPIRANGA
SE;SP;CAMPINAS;AUTO POSTO 011 LTDA;10.000.011/0001-77;AVENIDA BRASIL;454;;CENTRO;88193-544;GNV;06/11/2023;4,575;;R$ / m³;IPIRANGA
SE;SP;CAMPINAS;AUTO POSTO 012 LTDA;10.000.012/0001-84;RODOVIA BR 116;483;;CENTRO;60488-690;GASOLINA;06/11/2023;5,850;;R$ / litro;VIBRA
SE;SP;CAMPINAS;AUTO POSTO 012 LTDA; 10000012000184 ;RODOVIA BR 116;483;;CENTRO;60488-690;DIESEL S10;06/11/2023;6,554;;R$ / litro;VIBRA
SE;SP;CAMPINAS;AUTO POSTO 012 LTDA; 10.000.012/0001-84;RODOVIA BR 116;483;;CENTRO;60488-690;GNV;06/11/2023;4,787;;R$ / m³;VIBRA
SE;RJ;RIO DE JANEIRO;AUTO POSTO 013 LTDA; 10.000.013/0001-91;RODOVIA BR 116;3801;;CENTRO;80575-803;GASOLINA;06/11/2023;5,925;;R$ / litro;VIBRA
SE;RJ;RIO DE JANEIRO;AUTO POSTO 013 LTDA; 10000013000191 ;RODOVIA BR 116;3801;;CENTRO;80575-803;ETANOL;06/11/2023;4,474;3,915;R$ / litro;VIBRA
SE;RJ;RIO DE JANEIRO;AUTO POSTO 014 LTDA;10.000.014/0001-98;AVENIDA PAULISTA;2562;;CENTRO;51145-779;ETANOL;06/11/2023;3,627;;R$ / litro;BRANCA
SE;RJ;RIO DE JANEIRO;AUTO POSTO 014 LTDA;10.000.014/0001-98;AVENIDA PAULISTA;2562;;CENTRO;51145-779;GNV;06/11/2023;4,304;;R$ / m³;BRANCA
SE;RJ;RIO DE JANEIRO;AUTO POSTO 015 LTDA;10.000.015/0001-05;RUA QUINZE DE NOVEMBRO;1346;;CENTRO;62743-813;GASOLINA ADITIVADA;06/11/2023;5,769;;R$ / litro;IPIRANGA
SE;RJ;RIO DE JANEIRO;AUTO POSTO 015 LTDA; 10.000.015/0001-05;RUA QUINZE DE NOVEMBRO;1346;;CENTRO;62743-813;GNV;06/11/2023;4,860;4,108;R$ / m³;IPIRANGA
SE;RJ;RIO DE JANEIRO;AUTO POSTO 015 LTDA; 10000015000105 ;RUA QUINZE DE NOVEMBRO;1346;;CENTRO;62743-813;DIESEL S10;06/11/2023;6,230;;R$ / litro;IPIRANGA
SE;RJ;RIO DE JANEIRO;AUTO POSTO 016 LTDA;10.000.016/0001-12;RUA QUINZE DE NOVEMBRO;2784;;CENTRO;32810-730;DIESEL S10;06/11/2023;6,228;;R$ / litro;ALESAT
SE;RJ;RIO DE JANEIRO;AUTO POSTO 016 LTDA; 10.000.016/0001-12;RUA QUINZE DE NOVEMBRO;2784;;CENTRO;32810-730;GASOLINA;06/11/2023;5,775;;R$ / litro;ALESAT
SE;RJ;RIO DE JANEIRO;AUTO POSTO 016 LTDA; 10.000.016/0001-12;RUA QUINZE DE NOVEMBRO;2784;;CENTRO;32810-730;GASOLINA ADITIVADA;06/11/2023;6,196;;R$ / litro;ALESAT
SE;MG;BELO HORIZONTE;AUTO POSTO 017 LTDA;10.000.017/0001-19;AVENIDA PAULISTA;870;;CENTRO;66346-904;ETANOL;06/11/2023;4,488;;R$ / litro;ALESAT
SE;MG;BELO HORIZONTE;AUTO POSTO 017 LTDA;10.000.017/0001-19;AVENIDA PAULISTA;870;;CENTRO;66346-904;DIESEL S10;06/11/2023;6,378;;R$ / litro;ALESAT
SE;MG;BELO HORIZONTE;AUTO POSTO 017 LTDA;10.000.017/0001-19;AVENIDA PAULISTA;870;;CENTRO;66346-904;GASOLINA ADITIVADA;06/11/2023;6,361;5,848;R$ / litro;ALESAT
SE;MG;BELO HORIZONTE;AUTO POSTO 018 LTDA; 10.000.018/0001-26;RUA QUINZE DE NOVEMBRO;2777;;CENTRO;38010-623;GASOLINA ADITIVADA;06/11/2023;5,980;;R$ / litro;RAIZEN
SE;MG;BELO HORIZONTE;AUTO POSTO 018 LTDA;10.000.018/0001-26;RUA QUINZE DE NOVEMBRO;2777;;CENTRO;38010-623;GASOLINA;06/11/2023;6,290;;R$ / litro;RAIZEN
SE;MG;BELO HORIZONTE;AUTO POSTO 018 LTDA;10.000.018/0001-26;RUA QUINZE DE NOVEMBRO;2777;;CENTRO;38010-623;GNV;06/11/2023;4,899;4,423;R$ / m³;RAIZEN
SE;MG;BELO HORIZONTE;AUTO POSTO 019 LTDA; 10.000.019/0001-33;RODOVIA BR 116;2729;;CENTRO;53933-195;GASOLINA ADITIVADA;06/11/2023;6,283;5,689;R$ / litro;VIBRA
SE;MG;BELO HORIZONTE;AUTO POSTO 019 LTDA; 10000019000133 ;RODOVIA BR 116;2729;;CENTRO;53933-195;GASOLINA;06/11/2023;6,392;;R$ / litro;VIBRA
SE;MG;BELO HORIZONTE  ;AUTO POSTO 020 LTDA; 10.000.020/0001-40;RUA DAS FLORES;110;;CENTRO;16057-350;GASOLINA;06/11/2023;5,796;5,133;R$ / litro;RAIZEN
SE;MG;BELO HORIZONTE  ;AUTO POSTO 020 LTDA;10.000.020/0001-40;RUA DAS FLORES;110;;CENTRO;16057-350;DIESEL S10;06/11/2023;6,236;5,303;R$ / litro;RAIZEN
SE;MG;BELO HORIZONTE;AUTO POSTO 020 LTDA; 10000020000140 ;RUA DAS FLORES;110;;CENTRO;16057-350;GASOLINA ADITIVADA;06/11/2023;6,083;5,410;R$ / litro;RAIZEN
SE;MG;UBERLANDIA;AUTO POSTO 021 LTDA;10.000.021/0001-47;RODOVIA BR 116;806;;CENTRO;60328-606;GASOLINA ADITIVADA;06/11/2023;6,068;5,185;R$ / litro;RAIZEN
SE;MG;UBERLANDIA;AUTO POSTO 021 LTDA;10.000.021/0001-47;RODOVIA BR 116;806;;CENTRO;60328-606;GASOLINA;06/11/2023;5,624;;R$ / litro;RAIZEN
SE;MG;UBERLANDIA  ;AUTO POSTO 022 LTDA;10.000.022/0001-54;AVENIDA BRASIL;3198;;CENTRO;65724-324;GNV;06/11/2023;4,914;;R$ / m³;VIBRA
SE;MG;UBERLANDIA;AUTO POSTO 022 LTDA;10.000.022/0001-54;AVENIDA BRASIL;3198;;CENTRO;65724-324;DIESEL S10;06/11/2023;6,720;;R$ / litro;VIBRA
SE;MG;UBERLANDIA;AUTO POSTO 022 LTDA;10.000.022/0001-54;AVENIDA BRASIL;3198;;CENTRO;65724-324;GASOLINA;06/11/2023;5,730;4,840;R$ / litro;VIBRA
SE;MG;UBERLANDIA;AUTO POSTO 023 LTDA;10.000.023/0001-61;RODOVIA BR 116;1030;;CENTRO;25906-567;ETANOL;06/11/2023;3,687;3,127;R$ / litro;VIBRA
SE;MG;UBERLANDIA;AUTO POSTO 023 LTDA; 10.000.023/0001-61;RODOVIA BR 116;1030;;CENTRO;25906-567;GASOLINA ADITIVADA;06/11/2023;6,453;;R$ / litro;VIBRA
SE;MG;UBERLANDIA;AUTO POSTO 024 LTDA;10.000.024/0001-68;RODOVIA BR 116;3348;;CENTRO;76162-536;DIESEL S10;06/11/2023;6,596;5,845;R$ / litro;ALESAT
SE;MG;UBERLANDIA;AUTO POSTO 024 LTDA;10.000.024/0001-68;RODOVIA BR 116;3348;;CENTRO;76162-536;GNV;06/11/2023;4,825;;R$ / m³;ALESAT
S;RS;PORTO ALEGRE;AUTO POSTO 025 LTDA;10.000.025/0001-75;AVENIDA PAULISTA;3089;;CENTRO;42406-960;DIESEL S10;06/11/2023;6,035;5,164;R$ / litro;IPIRANGA
S;RS;PORTO ALEGRE;AUTO POSTO 025 LTDA; 10000025000175 ;AVENIDA PAULISTA;3089;;CENTRO;42406-960;GASOLINA ADITIVADA;06/11/2023;5,784;5,201;R$ / litro;IPIRANGA
S;RS;PORTO ALEGRE;AUTO POSTO 025 LTDA;10.000.025/0001-75;AVENIDA PAULISTA;3089;;CENTRO;42406-960;GNV;06/11/2023;4,267;3,700;R$ / m³;IPIRANGA
S;RS;PORTO ALEGRE;AUTO POSTO 026 LTDA;10.000.026/0001-82;RUA QUINZE DE NOVEMBRO;327;;CENTRO;47450-340;ETANOL;06/11/2023;4,126;;R$ / litro;IPIRANGA
S;RS;PORTO ALEGRE;AUTO POSTO 026 LTDA; 10.000.026/0001-82;RUA QUINZE DE NOVEMBRO;327;;CENTRO;47450-340;GASOLINA;06/11/2023;6,355;;R$ / litro;IPIRANGA
S;RS;PORTO ALEGRE;AUTO POSTO 026 LTDA;10.000.026/0001-82;RUA QUINZE DE NOVEMBRO;327;;CENTRO;47450-340;DIESEL S10;06/11/2023;6,165;;R$ / litro;IPIRANGA
S;RS;PORTO ALEGRE;AUTO POSTO 027 LTDA; 10000027000189 ;RUA DAS FLORES;957;;CENTRO;60205-810;GASOLINA ADITIVADA;06/11/2023;5,624;5,186;R$ / litro;VIBRA
S;RS;PORTO ALEGRE;AUTO POSTO 027 LTDA;10.000.027/0001-89;RUA DAS FLORES;957;;CENTRO;60205-810;GASOLINA;06/11/2023;5,854;;R$ / litro;VIBRA
S;RS;PORTO ALEGRE;AUTO POSTO 028 LTDA;10.000.028/0001-96;RUA QUINZE DE NOVEMBRO;1365;;CENTRO;81121-577;DIESEL S10;06/11/2023;6,612;;R$ / litro;RAIZEN
S;RS;CAXIAS DO SUL  ;AUTO POSTO 029 LTDA;10.000.029/0001-03;RUA QUINZE DE NOVEMBRO;3716;;CENTRO;86556-812;DIESEL S10;06/11/2023;6,062;;R$ / litro;BRANCA
S;RS;CAXIAS DO SUL;AUTO POSTO 029 LTDA; 10.000.029/0001-03;RUA QUINZE DE NOVEMBRO;3716;;CENTRO;86556-812;GNV;06/11/2023;4,334;3,948;R$ / m³;BRANCA
S;RS;CAXIAS DO SUL;AUTO POSTO 030 LTDA; 10.000.030/0001-10;AVENIDA PAULISTA;1233;;CENTRO;61116-973;GNV;06/11/2023;4,951;4,485;R$ / m³;RAIZEN
S;RS;CAXIAS DO SUL;AUTO POSTO 030 LTDA;10.000.030/0001-10;AVENIDA PAULISTA;1233;;CENTRO;61116-973;GASOLINA ADITIVADA;06/11/2023;6,547;;R$ / litro;RAIZEN
S;RS;CAXIAS DO SUL;AUTO POSTO 030 LTDA;10.000.030/0001-10;AVENIDA PAULISTA;1233;;CENTRO;61116-973;DIESEL S10;06/11/2023;6,469;5,621;R$ / litro;RAIZEN
S;RS;CAXIAS DO SUL  ;AUTO POSTO 031 LTDA;10.000.031/0001-17;RUA DAS FLORES;1127;;CENTRO;67125-597;ETANOL;06/11/2023;4,420;3,782;R$ / litro;BRANCA
S;RS;CAXIAS DO SUL;AUTO POSTO 031 LTDA;10.000.031/0001-17;RUA DAS FLORES;1127;;CENTRO;67125-597;DIESEL S10;06/11/2023;6,060;5,486;R$ / litro;BRANCA
S;RS;CAXIAS DO SUL;AUTO POSTO 031 LTDA;10.000.031/0001-17;RUA DAS FLORES;1127;;CENTRO;67125-597;GNV;06/11/2023;4,624;;R$ / m³;BRANCA
S;RS;CAXIAS DO SUL;AUTO POSTO 032 LTDA;10.000.032/0001-24;RUA DAS FLORES;3452;;CENTRO;71261-230;GASOLINA;06/11/2023;5,599;;R$ / litro;ALESAT
S;RS;CAXIAS DO SUL;AUTO POSTO 032 LTDA;10.000.032/0001-24;RUA DAS FLORES;3452;;CENTRO;71261-230;ETANOL;06/11/2023;3,812;;R$ / litro;ALESAT
NE;BA;SALVADOR;AUTO POSTO 033 LTDA;10.000.033/0001-31;RODOVIA BR 116;2725;;CENTRO;13552-185;DIESEL S10;06/11/2023;6,702;;R$ / litro;RAIZEN
NE;BA;SALVADOR;AUTO POSTO 034 LTDA; 10.000.034/0001-38;AVENIDA BRASIL;1075;;CENTRO;59689-435;ETANOL;06/11/2023;3,974;3,598;R$ / litro;VIBRA
NE;BA;SALVADOR;AUTO POSTO 034 LTDA; 10000034000138 ;AVENIDA BRASIL;1075;;CENTRO;59689-435;GNV;06/11/2023;4,483;;R$ / m³;VIBRA
NE;BA;SALVADOR;AUTO POSTO 034 LTDA; 10000034000138 ;AVENIDA BRASIL;1075;;CENTRO;59689-435;GASOLINA ADITIVADA;06/11/2023;5,765;;R$ / litro;VIBRA
NE;BA;SALVADOR;AUTO POSTO 035 LTDA; 10.000.035/0001-45;AVENIDA PAULISTA;3090;;CENTRO;65255-358;GNV;06/11/2023;4,691;;R$ / m³;BRANCA
NE;BA;SALVADOR;AUTO POSTO 035 LTDA; 10.000.035/0001-45;AVENIDA PAULISTA;3090;;CENTRO;65255-358;GASOLINA ADITIVADA;06/11/2023;5,972;5,547;R$ / litro;BRANCA
NE;BA;SALVADOR;AUTO POSTO 036 LTDA;10.000.036/0001-52;RUA DAS FLORES;2672;;CENTRO;18993-899;GNV;06/11/2023;4,585;;R$ / m³;BRANCA
NE;BA;FEIRA DE SANTANA;AUTO POSTO 037 LTDA; 10.000.037/0001-59;AVENIDA BRASIL;2554;;CENTRO;29973-344;GASOLINA;06/11/2023;6,148;;R$ / litro;VIBRA
NE;BA;FEIRA DE SANTANA;AUTO POSTO 037 LTDA; 10.000.037/0001-59;AVENIDA BRASIL;2554;;CENTRO;29973-344;GASOLINA ADITIVADA;06/11/2023;6,316;;R$ / litro;VIBRA
NE;BA;FEIRA DE SANTANA;AUTO POSTO 037 LTDA;10.000.037/0001-59;AVENIDA BRASIL;2554;;CENTRO;29973-344;DIESEL S10;06/11/2023;6,325;;R$ / litro;VIBRA
NE;BA;FEIRA DE SANTANA;AUTO POSTO 038 LTDA;10.000.038/0001-66;AVENIDA PAULISTA;3151;;CENTRO;58351-271;GASOLINA;06/11/2023;6,067;;R$ / litro;ALESAT
NE;BA;FEIRA DE SANTANA;AUTO POSTO 038 LTDA;10.000.038/0001-66;AVENIDA PAULISTA;3151;;CENTRO;58351-271;GASOLINA ADITIVADA;06/11/2023;5,830;;R$ / litro;ALESAT
NE;BA;FEIRA DE SANTANA;AUTO POSTO 038 LTDA;10.000.038/0001-66;AVENIDA PAULISTA;3151;;CENTRO;58351-271;DIESEL S10;06/11/2023;5,928;5,359;R$ / litro;ALESAT
NE;BA;FEIRA DE SANTANA;AUTO POSTO 039 LTDA;10.000.039/0001-73;AVENIDA BRASIL;2380;;CENTRO;13365-419;DIESEL S10;06/11/2023;6,370;5,593;R$ / litro;ALESAT
NE;BA;FEIRA DE SANTANA;AUTO POSTO 039 LTDA; 10.000.039/0001-73;AVENIDA BRASIL;2380;;CENTRO;13365-419;GNV;06/11/2023;4,701;;R$ / m³;ALESAT
NE;BA;FEIRA DE SANTANA;AUTO POSTO 039 LTDA; 10000039000173 ;AVENIDA BRASIL;2380;;CENTRO;13365-419;ETANOL;06/11/2023;4,178;;R$ / litro;ALESAT
NE;BA;FEIRA DE SANTANA;AUTO POSTO 040 LTDA; 10.000.040/0001-80;RUA DAS FLORES;321;;CENTRO;87607-807;ETANOL;06/11/2023;4,258;3,657;R$ / litro;VIBRA
NE;BA;FEIRA DE SANTANA;AUTO POSTO 040 LTDA;10.000.040/0001-80;RUA DAS FLORES;321;;CENTRO;87607-807;GASOLINA;06/11/2023;6,386;;R$ / litro;VIBRA
N;AM;MANAUS;AUTO POSTO 041 LTDA; 10.000.041/0001-87;RODOVIA BR 116;3215;;CENTRO;15383-455;GNV;06/11/2023;4,933;4,310;R$ / m³;ALESAT
N;AM;MANAUS;AUTO POSTO 042 LTDA;10.000.042/0001-94;AVENIDA PAULISTA;61;;CENTRO;65057-942;DIESEL S10;06/11/2023;6,353;5,661;R$ / litro;RAIZEN
N;AM;MANAUS;AUTO POSTO 042 LTDA;10.000.042/0001-94;AVENIDA PAULISTA;61;;CENTRO;65057-942;ETANOL;06/11/2023;4,252;3,948;R$ / litro;RAIZEN
N;AM;MANAUS;AUTO POSTO 043 LTDA;10.000.043/0001-01;RUA QUINZE DE NOVEMBRO;2907;;CENTRO;30052-545;GNV;06/11/2023;5,068;4,391;R$ / m³;VIBRA
N;AM;MANAUS;AUTO POSTO 043 LTDA; 10.000.043/0001-01;RUA QUINZE DE NOVEMBRO;2907;;CENTRO;30052-545;ETANOL;06/11/2023;3,239;2,862;R$ / litro;VIBRA
N;AM;MANAUS  ;AUTO POSTO 043 LTDA;10.000.043/0001-01;RUA QUINZE DE NOVEMBRO;2907;;CENTRO;30052-545;DIESEL S10;06/11/2023;5,907;;R$ / litro;VIBRA
N;AM;MANAUS;AUTO POSTO 044 LTDA; 10.000.044/0001-08;RODOVIA BR 116;3182;;CENTRO;73372-576;ETANOL;06/11/2023;4,412;;R$ / litro;RAIZEN
N;AM;MANAUS;AUTO POSTO 044 LTDA; 10.000.044/0001-08;RODOVIA BR 116;3182;;CENTRO;73372-576;GASOLINA ADITIVADA;06/11/2023;6,300;5,471;R$ / litro;RAIZEN
SE;SP;SÃO JOSÉ DOS CAMPOS;AUTO POSTO 045 LTDA; 10000045000115 ;RUA DAS FLORES;3412;;CENTRO;21359-385;DIESEL S10;06/11/2023;6,216;5,421;R$ / litro;RAIZEN
SE;SP;SÃO JOSÉ DOS CAMPOS;AUTO POSTO 045 LTDA; 10000045000115 ;RUA DAS FLORES;3412;;CENTRO;21359-385;GNV;06/11/2023;5,071;;R$ / m³;RAIZEN
SE;SP;SÃO JOSÉ DOS CAMPOS;AUTO POSTO 046 LTDA;10.000.046/0001-22;AVENIDA PAULISTA;127;;CENTRO;74789-971;DIESEL S10;06/11/2023;6,462;;R$ / litro;IPIRANGA
SE;SP;SÃO JOSÉ DOS CAMPOS;AUTO POSTO 046 LTDA;10.000.046/0001-22;AVENIDA PAULISTA;127;;CENTRO;74789-971;GASOLINA ADITIVADA;06/11/2023;5,955;;R$ / litro;IPIRANGA
SE;SP;SÃO JOSÉ DOS CAMPOS;AUTO POSTO 047 LTDA; 10000047000129 ;AVENIDA PAULISTA;3277;;CENTRO;43862-448;ETANOL;06/11/2023;4,058;3,642;R$ / litro;IPIRANGA
SE;SP;SÃO JOSÉ DOS CAMPOS;AUTO POSTO 047 LTDA; 10.000.047/0001-29;AVENIDA PAULISTA;3277;;CENTRO;43862-448;GASOLINA;06/11/2023;6,261;;R$ / litro;IPIRANGA
SE;SP;SÃO JOSÉ DOS CAMPOS;AUTO POSTO 047 LTDA;10.000.047/0001-29;AVENIDA PAULISTA;3277;;CENTRO;43862-448;GNV;06/11/2023;4,807;;R$ / m³;IPIRANGA
SE;SP;são josé dos campos;AUTO POSTO 048 LTDA; 10.000.048/0001-36;RUA DAS FLORES;360;;CENTRO;41635-837;GNV;06/11/2023;5,187;;R$ / m³;RAIZEN
SE;SP;SÃO JOSÉ DOS CAMPOS;AUTO POSTO 048 LTDA; 10.000.048/0001-36;RUA DAS FLORES;360;;CENTRO;41635-837;GASOLINA ADITIVADA;06/11/2023;6,218;;R$ / litro;RAIZEN
SE;SP;SÃO JOSÉ DOS CAMPOS;AUTO POSTO 048 LTDA;10.000.048/0001-36;RUA DAS FLORES;360;;CENTRO;41635-837;ETANOL;06/11/2023;3,366;;R$ / litro;RAIZEN
SE;RJ;NITERÓI;AUTO POSTO 049 LTDA; 10000049000143 ;RUA QUINZE DE NOVEMBRO;2655;;CENTRO;74332-558;ETANOL;06/11/2023;3,418;;R$ / litro;BRANCA
SE;RJ;NITERÓI;AUTO POSTO 049 LTDA;10.000.049/0001-43;RUA QUINZE DE NOVEMBRO;2655;;CENTRO;74332-558;GASOLINA ADITIVADA;06/11/2023;5,818;5,382;R$ / litro;BRANCA
SE;RJ;NITERÓI;AUTO POSTO 050 LTDA;10.000.050/0001-50;RUA QUINZE DE NOVEMBRO;2843;;CENTRO;41890-413;DIESEL S10;06/11/2023;5,976;;R$ / litro;ALESAT
SE;RJ;NITERÓI;AUTO POSTO 050 LTDA;10.000.050/0001-50;RUA QUINZE DE NOVEMBRO;2843;;CENTRO;41890-413;ETANOL;06/11/2023;4,135;;R$ / litro;ALESAT
SE;RJ;NITERÓI;AUTO POSTO 050 LTDA;10.000.050/0001-50;RUA QUINZE DE NOVEMBRO;2843;;CENTRO;41890-413;GASOLINA ADITIVADA;06/11/2023;6,565;;R$ / litro;ALESAT
SE;RJ;NITERÓI;AUTO POSTO 051 LTDA; 10.000.051/0001-57;RODOVIA BR 116;1364;;CENTRO;56112-819;ETANOL;06/11/2023;4,334;;R$ / litro;RAIZEN
SE;RJ;NITERÓI;AUTO POSTO 051 LTDA; 10.000.051/0001-57;RODOVIA BR 116;1364;;CENTRO;56112-819;GNV;06/11/2023;4,577;;R$ / m³;RAIZEN
SE;RJ;NITERÓI;AUTO POSTO 051 LTDA; 10000051000157 ;RODOVIA BR 116;1364;;CENTRO;56112-819;GASOLINA;06/11/2023;6,189;5,263;R$ / litro;RAIZEN
SE;RJ;NITERÓI;AUTO POSTO 052 LTDA;10.000.052/0001-64;AVENIDA BRASIL;2964;;CENTRO;35242-423;GASOLINA;06/11/2023;5,930;5,148;R$ / litro;BRANCA
SE;SP;SAO PAULO;AUTO POSTO 001 LTDA; 10.000.001/0001-07;AVENIDA BRASIL;2608;;CENTRO;65518-949;GASOLINA;20/11/2023;5,368;;R$ / litro;IPIRANGA
SE;SP;SAO PAULO;AUTO POSTO 001 LTDA; 10.000.001/0001-07;AVENIDA BRASIL;2608;;CENTRO;65518-949;ETANOL;20/11/2023;4,203;;R$ / litro;IPIRANGA
SE;SP;SAO PAULO;AUTO POSTO 002 LTDA;10.000.002/0001-14;RUA DAS FLORES;2619;;CENTRO;44335-265;DIESEL S10;20/11/2023;5,917;5,424;R$ / litro;RAIZEN
SE;SP;SAO PAULO;AUTO POSTO 002 LTDA; 10.000.002/0001-14;RUA DAS FLORES;2619;;CENTRO;44335-265;GASOLINA;20/11/2023;6,221;;R$ / litro;RAIZEN
SE;SP;SAO PAULO;AUTO POSTO 002 LTDA;10.000.002/0001-14;RUA DAS FLORES;2619;;CENTRO;44335-265;GNV;20/11/2023;4,947;;R$ / m³;RAIZEN
SE;SP;SAO PAULO  ;AUTO POSTO 003 LTDA;10.000.003/0001-21;AVENIDA BRASIL;3880;;CENTRO;29536-658;GNV;20/11/2023;4,473;;R$ / m³;BRANCA
SE;SP;SAO PAULO;AUTO POSTO 003 LTDA;10.000.003/0001-21;AVENIDA BRASIL;3880;;CENTRO;29536-658;GASOLINA ADITIVADA;20/11/2023;6,095;;R$ / litro;BRANCA
SE;SP;SAO PAULO;AUTO POSTO 003 LTDA; 10.000.003/0001-21;AVENIDA BRASIL;3880;;CENTRO;29536-658;DIESEL S10;20/11/2023;5,968;;R$ / litro;BRANCA
SE;SP;SAO PAULO;AUTO POSTO 004 LTDA;10.000.004/0001-28;RUA DAS FLORES;181;;CENTRO;50404-473;GASOLINA ADITIVADA;20/11/2023;6,320;5,801;R$ / litro;BRANCA
SE;SP;SAO PAULO;AUTO POSTO 004 LTDA; 10000004000128 ;RUA DAS FLORES;181;;CENTRO;50404-473;GNV;20/11/2023;4,499;;R$ / m³;BRANCA
SE;SP;SAO PAULO;AUTO POSTO 004 LTDA;10.000.004/0001-28;RUA DAS FLORES;181;;CENTRO;50404-473;ETANOL;20/11/2023;3,912;3,525;R$ / litro;BRANCA
SE;SP;GUARULHOS;AUTO POSTO 005 LTDA; 10000005000135 ;AVENIDA BRASIL;1458;;CENTRO;83385-995;GASOLINA ADITIVADA;20/11/2023;5,629;;R$ / litro;RAIZEN
SE;SP;GUARULHOS;AUTO POSTO 005 LTDA; 10000005000135 ;AVENIDA BRASIL;1458;;CENTRO;83385-995;GNV;20/11/2023;4,297;3,915;R$ / m³;RAIZEN
SE;SP;GUARULHOS  ;AUTO POSTO 005 LTDA; 10.000.005/0001-35;AVENIDA BRASIL;1458;;CENTRO;83385-995;GASOLINA;20/11/2023;5,620;4,831;R$ / litro;RAIZEN
SE;SP;GUARULHOS;AUTO POSTO 006 LTDA;10.000.006/0001-42;RUA DAS FLORES;3620;;CENTRO;64040-125;ETANOL;20/11/2023;3,671;;R$ / litro;VIBRA
SE;SP;GUARULHOS;AUTO POSTO 006 LTDA;10.000.006/0001-42;RUA DAS FLORES;3620;;CENTRO;64040-125;DIESEL S10;20/11/2023;6,214;;R$ / litro;VIBRA
SE;SP;GUARULHOS;AUTO POSTO 006 LTDA;10.000.006/0001-42;RUA DAS FLORES;3620;;CENTRO;64040-125;GNV;20/11/2023;4,296;;R$ / m³;VIBRA
SE;SP;GUARULHOS  ;AUTO POSTO 007 LTDA; 10.000.007/0001-49;RUA DAS FLORES;1102;;CENTRO;30866-906;GASOLINA;20/11/2023;5,570;4,878;R$ / litro;BRANCA
SE;SP;GUARULHOS;AUTO POSTO 007 LTDA;10.000.007/0001-49;RUA DAS FLORES;1102;;CENTRO;30866-906;DIESEL S10;20/11/2023;6,518;5,881;R$ / litro;BRANCA
SE;SP;GUARULHOS;AUTO POSTO 007 LTDA; 10000007000149 ;RUA DAS FLORES;1102;;CENTRO;30866-906;GNV;20/11/2023;5,065;;R$ / m³;BRANCA
SE;SP;GUARULHOS;AUTO POSTO 008 LTDA; 10.000.008/0001-56;RUA DAS FLORES;3354;;CENTRO;70332-458;GASOLINA ADITIVADA;20/11/2023;5,563;4,734;R$ / litro;IPIRANGA
SE;SP;GUARULHOS;AUTO POSTO 008 LTDA;10.000.008/0001-56;RUA DAS FLORES;3354;;CENTRO;70332-458;GASOLINA;20/11/2023;5,325;;R$ / litro;IPIRANGA
SE;SP;CAMPINAS;AUTO POSTO 009 LTDA;10.000.009/0001-63;RUA DAS FLORES;1642;;CENTRO;53025-385;ETANOL;20/11/2023;4,233;3,740;R$ / litro;BRANCA
SE;SP;CAMPINAS;AUTO POSTO 009 LTDA;10.000.009/0001-63;RUA DAS FLORES;1642;;CENTRO;53025-385;DIESEL S10;20/11/2023;5,909;5,447;R$ / litro;BRANCA
SE;SP;CAMPINAS;AUTO POSTO 009 LTDA;10.000.009/0001-63;RUA DAS FLORES;1642;;CENTRO;53025-385;GNV;20/11/2023;4,594;;R$ / m³;BRANCA
SE;SP;CAMPINAS;AUTO POSTO 010 LTDA;10.000.010/0001-70;RODOVIA BR 116;1366;;CENTRO;13617-218;GNV;20/11/2023;4,719;;R$ / m³;IPIRANGA
SE;SP;CAMPINAS;AUTO POSTO 010 LTDA;10.000.010/0001-70;RODOVIA BR 116;1366;;CENTRO;13617-218;ETANOL;20/11/2023;4,180;3,759;R$ / litro;IPIRANGA
SE;SP;CAMPINAS;AUTO POSTO 011 LTDA;10.000.011/0001-77;AVENIDA BRASIL;454;;CENTRO;88193-544;ETANOL;20/11/2023;3,207;;R$ / litro;IPIRANGA
SE;SP;CAMPINAS  ;AUTO POSTO 011 LTDA;10.000.011/0001-77;AVENIDA BRASIL;454;;CENTRO;88193-544;DIESEL S10;20/11/2023;5,893;5,108;R$ / litro;IPIRANGA
SE;SP;CAMPINAS;AUTO POSTO 011 LTDA;10.000.011/0001-77;AVENIDA BRASIL;454;;CENTRO;88193-544;GNV;20/11/2023;4,448;4,115;R$ / m³;IPIRANGA
SE;SP;CAMPINAS;AUTO POSTO 012 LTDA; 10000012000184 ;RODOVIA BR 116;483;;CENTRO;60488-690;GASOLINA;20/11/2023;5,454;;R$ / litro;VIBRA
SE;SP;CAMPINAS;AUTO POSTO 012 LTDA; 10.000.012/0001-84;RODOVIA BR 116;483;;CENTRO;60488-690;DIESEL S10;20/11/2023;6,467;;R$ / litro;VIBRA
SE;SP;CAMPINAS;AUTO POSTO 012 LTDA;10.000.012/0001-84;RODOVIA BR 116;483;;CENTRO;60488-690;GNV;20/11/2023;4,437;3,847;R$ / m³;VIBRA
SE;RJ;RIO DE JANEIRO;AUTO POSTO 013 LTDA;10.000.013/0001-91;RODOVIA BR 116;3801;;CENTRO;80575-803;DIESEL S10;20/11/2023;6,451;5,842;R$ / litro;VIBRA
SE;RJ;RIO DE JANEIRO;AUTO POSTO 013 LTDA; 10.000.013/0001-91;RODOVIA BR 116;3801;;CENTRO;80575-803;GASOLINA;20/11/2023;5,720;;R$ / litro;VIBRA
SE;RJ;rio de janeiro;AUTO POSTO 013 LTDA;10.000.013/0001-91;RODOVIA BR 116;3801;;CENTRO;80575-803;ETANOL;20/11/2023;3,897;3,530;R$ / litro;VIBRA
SE;RJ;RIO DE JANEIRO;AUTO POSTO 014 LTDA;10.000.014/0001-98;AVENIDA PAULISTA;2562;;CENTRO;51145-779;ETANOL;20/11/2023;4,129;;R$ / litro;BRANCA
SE;RJ;RIO DE JANEIRO;AUTO POSTO 014 LTDA;10.000.014/0001-98;AVENIDA PAULISTA;2562;;CENTRO;51145-779;GNV;20/11/2023;4,620;4,293;R$ / m³;BRANCA
SE;RJ;RIO DE JANEIRO  ;AUTO POSTO 014 LTDA; 10.000.014/0001-98;AVENIDA PAULISTA;2562;;CENTRO;51145-779;DIESEL S10;20/11/2023;5,873;;R$ / litro;BRANCA
SE;RJ;RIO DE JANEIRO;AUTO POSTO 015 LTDA; 10.000.015/0001-05;RUA QUINZE DE NOVEMBRO;1346;;CENTRO;62743-813;GASOLINA ADITIVADA;20/11/2023;5,711;;R$ / litro;IPIRANGA
SE;RJ;RIO DE JANEIRO;AUTO POSTO 015 LTDA;10.000.015/0001-05;RUA QUINZE DE NOVEMBRO;1346;;CENTRO;62743-813;GNV;20/11/2023;4,579;4,228;R$ / m³;IPIRANGA
SE;RJ;RIO DE JANEIRO;AUTO POSTO 015 LTDA; 10.000.015/0001-05;RUA QUINZE DE NOVEMBRO;1346;;CENTRO;62743-813;DIESEL S10;20/11/2023;6,448;;R$ / litro;IPIRANGA
SE;RJ;RIO DE JANEIRO;AUTO POSTO 016 LTDA; 10.000.016/0001-12;RUA QUINZE DE NOVEMBRO;2784;;CENTRO;32810-730;GASOLINA;20/11/2023;5,907;;R$ / litro;ALESAT
SE;RJ;RIO DE JANEIRO;AUTO POSTO 016 LTDA; 10000016000112 ;RUA QUINZE DE NOVEMBRO;2784;;CENTRO;32810-730;GASOLINA ADITIVADA;20/11/2023;5,749;;R$ / litro;ALESAT
SE;MG;BELO HORIZONTE;AUTO POSTO 017 LTDA; 10000017000119 ;AVENIDA PAULISTA;870;;CENTRO;66346-904;ETANOL;20/11/2023;3,820;3,212;R$ / litro;ALESAT
SE;MG;BELO HORIZONTE;AUTO POSTO 017 LTDA;10.000.017/0001-19;AVENIDA PAULISTA;870;;CENTRO;66346-904;DIESEL S10;20/11/2023;5,957;;R$ / litro;ALESAT
SE;MG;BELO HORIZONTE;AUTO POSTO 017 LTDA; 10.000.017/0001-19;AVENIDA PAULISTA;870;;CENTRO;66346-904;GASOLINA ADITIVADA;20/11/2023;6,328;5,662;R$ / litro;ALESAT
SE;MG;BELO HORIZONTE;AUTO POSTO 018 LTDA; 10.000.018/0001-26;RUA QUINZE DE NOVEMBRO;2777;;CENTRO;38010-623;GASOLINA ADITIVADA;20/11/2023;6,428;;R$ / litro;RAIZEN
SE;MG;BELO HORIZONTE;AUTO POSTO 018 LTDA;10.000.018/0001-26;RUA QUINZE DE NOVEMBRO;2777;;CENTRO;38010-623;GASOLINA;20/11/2023;5,636;;R$ / litro;RAIZEN
SE;MG;BELO HORIZONTE;AUTO POSTO 018 LTDA; 10.000.018/0001-26;RUA QUINZE DE NOVEMBRO;2777;;CENTRO;38010-623;GNV;20/11/2023;5,045;;R$ / m³;RAIZEN
SE;MG;belo horizonte;AUTO POSTO 019 LTDA;10.000.019/0001-33;RODOVIA BR 116;2729;;CENTRO;53933-195;GASOLINA ADITIVADA;20/11/2023;6,608;;R$ / litro;VIBRA
SE;MG;BELO HORIZONTE;AUTO POSTO 019 LTDA; 10000019000133 ;RODOVIA BR 116;2729;;CENTRO;53933-195;GASOLINA;20/11/2023;5,848;;R$ / litro;VIBRA
SE;MG;BELO HORIZONTE;AUTO POSTO 020 LTDA;10.000.020/0001-40;RUA DAS FLORES;110;;CENTRO;16057-350;GASOLINA;20/11/2023;5,746;;R$ / litro;RAIZEN
SE;MG;BELO HORIZONTE;AUTO POSTO 020 LTDA; 10000020000140 ;RUA DAS FLORES;110;;CENTRO;16057-350;DIESEL S10;20/11/2023;6,573;;R$ / litro;RAIZEN
SE;MG;BELO HORIZONTE;AUTO POSTO 020 LTDA;10.000.020/0001-40;RUA DAS FLORES;110;;CENTRO;16057-350;GASOLINA ADITIVADA;20/11/2023;6,218;;R$ / litro;RAIZEN
SE;MG;UBERLANDIA;AUTO POSTO 021 LTDA;10.000.021/0001-47;RODOVIA BR 116;806;;CENTRO;60328-606;GASOLINA ADITIVADA;20/11/2023;5,742;4,892;R$ / litro;RAIZEN
SE;MG;UBERLANDIA  ;AUTO POSTO 021 LTDA;10.000.021/0001-47;RODOVIA BR 116;806;;CENTRO;60328-606;GASOLINA;20/11/2023;6,215;;R$ / litro;RAIZEN
SE;MG;UBERLANDIA;AUTO POSTO 022 LTDA; 10000022000154 ;AVENIDA BRASIL;3198;;CENTRO;65724-324;GNV;20/11/2023;4,494;4,073;R$ / m³;VIBRA
SE;MG;UBERLANDIA;AUTO POSTO 022 LTDA; 10.000.022/0001-54;AVENIDA BRASIL;3198;;CENTRO;65724-324;DIESEL S10;20/11/2023;6,822;;R$ / litro;VIBRA
SE;MG;UBERLANDIA;AUTO POSTO 022 LTDA; 10000022000154 ;AVENIDA BRASIL;3198;;CENTRO;65724-324;GASOLINA;20/11/2023;6,282;;R$ / litro;VIBRA
SE;MG;UBERLANDIA;AUTO POSTO 023 LTDA;10.000.023/0001-61;RODOVIA BR 116;1030;;CENTRO;25906-567;GASOLINA ADITIVADA;20/11/2023;5,556;;R$ / litro;VIBRA
SE;MG;UBERLANDIA;AUTO POSTO 024 LTDA;10.000.024/0001-68;RODOVIA BR 116;3348;;CENTRO;76162-536;GASOLINA ADITIVADA;20/11/2023;6,024;5,347;R$ / litro;ALESAT
SE;MG;UBERLANDIA;AUTO POSTO 024 LTDA; 10000024000168 ;RODOVIA BR 116;3348;;CENTRO;76162-536;DIESEL S10;20/11/2023;5,808;;R$ / litro;ALESAT
SE;MG;UBERLANDIA;AUTO POSTO 024 LTDA; 10.000.024/0001-68;RODOVIA BR 116;3348;;CENTRO;76162-536;GNV;20/11/2023;4,499;;R$ / m³;ALESAT
S;RS;PORTO ALEGRE;AUTO POSTO 025 LTDA;10.000.025/0001-75;AVENIDA PAULISTA;3089;;CENTRO;42406-960;DIESEL S10;20/11/2023;6,888;;R$ / litro;IPIRANGA
S;RS;PORTO ALEGRE;AUTO POSTO 025 LTDA; 10000025000175 ;AVENIDA PAULISTA;3089;;CENTRO;42406-960;GASOLINA ADITIVADA;20/11/2023;5,556;;R$ / litro;IPIRANGA
S;RS;PORTO ALEGRE;AUTO POSTO 025 LTDA; 10.000.025/0001-75;AVENIDA PAULISTA;3089;;CENTRO;42406-960;GNV;20/11/2023;4,240;3,845;R$ / m³;IPIRANGA
S;RS;PORTO ALEGRE;AUTO POSTO 026 LTDA;10.000.026/0001-82;RUA QUINZE DE NOVEMBRO;327;;CENTRO;47450-340;ETANOL;20/11/2023;4,433;;R$ / litro;IPIRANGA
S;RS;PORTO ALEGRE;AUTO POSTO 026 LTDA; 10000026000182 ;RUA QUINZE DE NOVEMBRO;327;;CENTRO;47450-340;GASOLINA;20/11/2023;5,905;;R$ / litro;IPIRANGA
S;RS;PORTO ALEGRE;AUTO POSTO 026 LTDA; 10000026000182 ;RUA QUINZE DE NOVEMBRO;327;;CENTRO;47450-340;DIESEL S10;20/11/2023;6,352;;R$ / litro;IPIRANGA
S;RS;PORTO ALEGRE;AUTO POSTO 027 LTDA;10.000.027/0001-89;RUA DAS FLORES;957;;CENTRO;60205-810;GASOLINA ADITIVADA;20/11/2023;6,603;;R$ / litro;VIBRA
S;RS;PORTO ALEGRE;AUTO POSTO 027 LTDA;10.000.027/0001-89;RUA DAS FLORES;957;;CENTRO;60205-810;GASOLINA;20/11/2023;6,144;5,536;R$ / litro;VIBRA
S;RS;PORTO ALEGRE;AUTO POSTO 027 LTDA;10.000.027/0001-89;RUA DAS FLORES;957;;CENTRO;60205-810;GNV;20/11/2023;4,634;4,095;R$ / m³;VIBRA
S;RS;PORTO ALEGRE;AUTO POSTO 028 LTDA;10.000.028/0001-96;RUA QUINZE DE NOVEMBRO;1365;;CENTRO;81121-577;GASOLINA ADITIVADA;20/11/2023;6,352;5,496;R$ / litro;RAIZEN
S;RS;PORTO ALEGRE;AUTO POSTO 028 LTDA;10.000.028/0001-96;RUA QUINZE DE NOVEMBRO;1365;;CENTRO;81121-577;DIESEL S10;20/11/2023;6,533;;R$ / litro;RAIZEN
S;RS;CAXIAS DO SUL;AUTO POSTO 029 LTDA;10.000.029/0001-03;RUA QUINZE DE NOVEMBRO;3716;;CENTRO;86556-812;DIESEL S10;20/11/2023;6,571;;R$ / litro;BRANCA
S;RS;CAXIAS DO SUL;AUTO POSTO 029 LTDA;10.000.029/0001-03;RUA QUINZE DE NOVEMBRO;3716;;CENTRO;86556-812;GNV;20/11/2023;4,429;3,736;R$ / m³;BRANCA
S;RS;CAXIAS DO SUL;AUTO POSTO 029 LTDA; 10000029000103 ;RUA QUINZE DE NOVEMBRO;3716;;CENTRO;86556-812;GASOLINA;20/11/2023;5,319;4,882;R$ / litro;BRANCA
S;RS;CAXIAS DO SUL;AUTO POSTO 030 LTDA;10.000.030/0001-10;AVENIDA PAULISTA;1233;;CENTRO;61116-973;GNV;20/11/2023;4,422;;R$ / m³;RAIZEN
S;RS;CAXIAS DO SUL  ;AUTO POSTO 030 LTDA; 10.000.030/0001-10;AVENIDA PAULISTA;1233;;CENTRO;61116-973;DIESEL S10;20/11/2023;6,072;;R$ / litro;RAIZEN
S;RS;CAXIAS DO SUL  ;AUTO POSTO 031 LTDA;10.000.031/0001-17;RUA DAS FLORES;1127;;CENTRO;67125-597;ETANOL;20/11/2023;3,760;3,325;R$ / litro;BRANCA
S;RS;CAXIAS DO SUL;AUTO POSTO 031 LTDA;10.000.031/0001-17;RUA DAS FLORES;1127;;CENTRO;67125-597;DIESEL S10;20/11/2023;6,551;;R$ / litro;BRANCA
S;RS;CAXIAS DO SUL;AUTO POSTO 031 LTDA; 10.000.031/0001-17;RUA DAS FLORES;1127;;CENTRO;67125-597;GNV;20/11/2023;4,943;;R$ / m³;BRANCA
S;RS;CAXIAS DO SUL;AUTO POSTO 032 LTDA; 10.000.032/0001-24;RUA DAS FLORES;3452;;CENTRO;71261-230;GASOLINA;20/11/2023;5,531;5,088;R$ / litro;ALESAT
S;RS;CAXIAS DO SUL;AUTO POSTO 032 LTDA;10.000.032/0001-24;RUA DAS FLORES;3452;;CENTRO;71261-230;DIESEL S10;20/11/2023;5,845;;R$ / litro;ALESAT
S;RS;CAXIAS DO SUL;AUTO POSTO 032 LTDA;10.000.032/0001-24;RUA DAS FLORES;3452;;CENTRO;71261-230;ETANOL;20/11/2023;4,116;;R$ / litro;ALESAT
NE;BA;SALVADOR;AUTO POSTO 033 LTDA; 10000033000131 ;RODOVIA BR 116;2725;;CENTRO;13552-185;GASOLINA ADITIVADA;20/11/2023;6,639;6,007;R$ / litro;RAIZEN
NE;BA;SALVADOR;AUTO POSTO 034 LTDA; 10.000.034/0001-38;AVENIDA BRASIL;1075;;CENTRO;59689-435;GNV;20/11/2023;5,092;;R$ / m³;VIBRA
NE;BA;SALVADOR;AUTO POSTO 034 LTDA; 10.000.034/0001-38;AVENIDA BRASIL;1075;;CENTRO;59689-435;GASOLINA ADITIVADA;20/11/2023;6,534;;R$ / litro;VIBRA
NE;BA;SALVADOR;AUTO POSTO 035 LTDA;10.000.035/0001-45;AVENIDA PAULISTA;3090;;CENTRO;65255-358;GASOLINA;20/11/2023;5,831;;R$ / litro;BRANCA
NE;BA;SALVADOR;AUTO POSTO 035 LTDA;10.000.035/0001-45;AVENIDA PAULISTA;3090;;CENTRO;65255-358;GNV;20/11/2023;4,799;;R$ / m³;BRANCA
NE;BA;SALVADOR  ;AUTO POSTO 035 LTDA; 10.000.035/0001-45;AVENIDA PAULISTA;3090;;CENTRO;65255-358;GASOLINA ADITIVADA;20/11/2023;6,095;;R$ / litro;BRANCA
NE;BA;SALVADOR  ;AUTO POSTO 036 LTDA; 10.000.036/0001-52;RUA DAS FLORES;2672;;CENTRO;18993-899;GASOLINA ADITIVADA;20/11/2023;6,218;5,225;R$ / litro;BRANCA
NE;BA;SALVADOR;AUTO POSTO 036 LTDA;10.000.036/0001-52;RUA DAS FLORES;2672;;CENTRO;18993-899;GNV;20/11/2023;5,079;;R$ / m³;BRANCA
NE;BA;FEIRA DE SANTANA;AUTO POSTO 037 LTDA; 10.000.037/0001-59;AVENIDA BRASIL;2554;;CENTRO;29973-344;GASOLINA;20/11/2023;5,634;5,092;R$ / litro;VIBRA
NE;BA;FEIRA DE SANTANA;AUTO POSTO 037 LTDA;10.000.037/0001-59;AVENIDA BRASIL;2554;;CENTRO;29973-344;GASOLINA ADITIVADA;20/11/2023;6,137;5,508;R$ / litro;VIBRA
NE;BA;FEIRA DE SANTANA;AUTO POSTO 037 LTDA;10.000.037/0001-59;AVENIDA BRASIL;2554;;CENTRO;29973-344;DIESEL S10;20/11/2023;6,097;;R$ / litro;VIBRA
NE;BA;FEIRA DE SANTANA;AUTO POSTO 038 LTDA;10.000.038/0001-66;AVENIDA PAULISTA;3151;;CENTRO;58351-271;GASOLINA;20/11/2023;5,888;5,130;R$ / litro;ALESAT
NE;BA;FEIRA DE SANTANA;AUTO POSTO 038 LTDA;10.000.038/0001-66;AVENIDA PAULISTA;3151;;CENTRO;58351-271;GASOLINA ADITIVADA;20/11/2023;6,591;;R$ / litro;ALESAT
NE;BA;FEIRA DE SANTANA;AUTO POSTO 038 LTDA; 10.000.038/0001-66;AVENIDA PAULISTA;3151;;CENTRO;58351-271;DIESEL S10;20/11/2023;6,157;5,624;R$ / litro;ALESAT
NE;BA;FEIRA DE SANTANA;AUTO POSTO 039 LTDA; 10.000.039/0001-73;AVENIDA BRASIL;2380;;CENTRO;13365-419;DIESEL S10;20/11/2023;5,994;;R$ / litro;ALESAT
NE;BA;FEIRA DE SANTANA;AUTO POSTO 039 LTDA;10.000.039/0001-73;AVENIDA BRASIL;2380;;CENTRO;13365-419;GNV;20/11/2023;4,923;;R$ / m³;ALESAT
NE;BA;FEIRA DE SANTANA;AUTO POSTO 039 LTDA;10.000.039/0001-73;AVENIDA BRASIL;2380;;CENTRO;13365-419;ETANOL;20/11/2023;4,262;3,683;R$ / litro;ALESAT
NE;BA;FEIRA DE SANTANA;AUTO POSTO 040 LTDA; 10000040000180 ;RUA DAS FLORES;321;;CENTRO;87607-807;ETANOL;20/11/2023;3,402;3,080;R$ / litro;VIBRA
NE;BA;FEIRA DE SANTANA;AUTO POSTO 040 LTDA;10.000.040/0001-80;RUA DAS FLORES;321;;CENTRO;87607-807;GASOLINA;20/11/2023;5,846;;R$ / litro;VIBRA
N;AM;MANAUS;AUTO POSTO 041 LTDA; 10000041000187 ;RODOVIA BR 116;3215;;CENTRO;15383-455;ETANOL;20/11/2023;4,426;3,830;R$ / litro;ALESAT
N;AM;MANAUS;AUTO POSTO 041 LTDA; 10000041000187 ;RODOVIA BR 116;3215;;CENTRO;15383-455;GASOLINA;20/11/2023;6,056;5,165;R$ / litro;ALESAT
N;AM;MANAUS;AUTO POSTO 041 LTDA; 10000041000187 ;RODOVIA BR 116;3215;;CENTRO;15383-455;GNV;20/11/2023;4,300;;R$ / m³;ALESAT
N;AM;MANAUS;AUTO POSTO 042 LTDA;10.000.042/0001-94;AVENIDA PAULISTA;61;;CENTRO;65057-942;DIESEL S10;20/11/2023;6,216;5,684;R$ / litro;RAIZEN
N;AM;MANAUS;AUTO POSTO 042 LTDA;10.000.042/0001-94;AVENIDA PAULISTA;61;;CENTRO;65057-942;ETANOL;20/11/2023;3,372;;R$ / litro;RAIZEN
N;AM;MANAUS;AUTO POSTO 043 LTDA;10.000.043/0001-01;RUA QUINZE DE NOVEMBRO;2907;;CENTRO;30052-545;GNV;20/11/2023;4,992;4,549;R$ / m³;VIBRA
N;AM;MANAUS;AUTO POSTO 043 LTDA;10.000.043/0001-01;RUA QUINZE DE NOVEMBRO;2907;;CENTRO;30052-545;ETANOL;20/11/2023;3,463;;R$ / litro;VIBRA
N;AM;MANAUS;AUTO POSTO 043 LTDA;10.000.043/0001-01;RUA QUINZE DE NOVEMBRO;2907;;CENTRO;30052-545;DIESEL S10;20/11/2023;6,138;;R$ / litro;VIBRA
N;AM;MANAUS;AUTO POSTO 044 LTDA; 10.000.044/0001-08;RODOVIA BR 116;3182;;CENTRO;73372-576;GNV;20/11/2023;4,827;4,413;R$ / m³;RAIZEN
N;AM;MANAUS;AUTO POSTO 044 LTDA; 10000044000108 ;RODOVIA BR 116;3182;;CENTRO;73372-576;ETANOL;20/11/2023;3,384;;R$ / litro;RAIZEN
SE;SP;SÃO JOSÉ DOS CAMPOS;AUTO POSTO 045 LTDA; 10.000.045/0001-15;RUA DAS FLORES;3412;;CENTRO;21359-385;DIESEL S10;20/11/2023;6,048;;R$ / litro;RAIZEN
SE;SP;SÃO JOSÉ DOS CAMPOS;AUTO POSTO 045 LTDA;10.000.045/0001-15;RUA DAS FLORES;3412;;CENTRO;21359-385;GNV;20/11/2023;4,692;;R$ / m³;RAIZEN
SE;SP;SÃO JOSÉ DOS CAMPOS;AUTO POSTO 046 LTDA; 10.000.046/0001-22;AVENIDA PAULISTA;127;;CENTRO;74789-971;DIESEL S10;20/11/2023;6,193;;R$ / litro;IPIRANGA
SE;SP;SÃO JOSÉ DOS CAMPOS;AUTO POSTO 046 LTDA;10.000.046/0001-22;AVENIDA PAULISTA;127;;CENTRO;74789-971;GASOLINA ADITIVADA;20/11/2023;6,535;;R$ / litro;IPIRANGA
SE;SP;SÃO JOSÉ DOS CAMPOS;AUTO POSTO 047 LTDA;10.000.047/0001-29;AVENIDA PAULISTA;3277;;CENTRO;43862-448;ETANOL;20/11/2023;4,083;3,675;R$ / litro;IPIRANGA
SE;SP;SÃO JOSÉ DOS CAMPOS;AUTO POSTO 047 LTDA; 10.000.047/0001-29;AVENIDA PAULISTA;3277;;CENTRO;43862-448;GASOLINA;20/11/2023;6,263;5,542;R$ / litro;IPIRANGA
SE;SP;SÃO JOSÉ DOS CAMPOS;AUTO POSTO 047 LTDA;10.000.047/0001-29;AVENIDA PAULISTA;3277;;CENTRO;43862-448;GNV;20/11/2023;4,989;;R$ / m³;IPIRANGA
SE;SP;SÃO JOSÉ DOS CAMPOS;AUTO POSTO 048 LTDA;10.000.048/0001-36;RUA DAS FLORES;360;;CENTRO;41635-837;GNV;20/11/2023;4,520;4,090;R$ / m³;RAIZEN
SE;SP;SÃO JOSÉ DOS CAMPOS;AUTO POSTO 048 LTDA;10.000.048/0001-36;RUA DAS FLORES;360;;CENTRO;41635-837;GASOLINA ADITIVADA;20/11/2023;5,674;;R$ / litro;RAIZEN
SE;SP;SÃO JOSÉ DOS CAMPOS;AUTO POSTO 048 LTDA; 10.000.048/0001-36;RUA DAS FLORES;360;;CENTRO;41635-837;ETANOL;20/11/2023;4,493;3,930;R$ / litro;RAIZEN
SE;RJ;NITERÓI;AUTO POSTO 049 LTDA; 10000049000143 ;RUA QUINZE DE NOVEMBRO;2655;;CENTRO;74332-558;ETANOL;20/11/2023;3,982;;R$ / litro;BRANCA
SE;RJ;NITERÓI;AUTO POSTO 049 LTDA;10.000.049/0001-43;RUA QUINZE DE NOVEMBRO;2655;;CENTRO;74332-558;GASOLINA ADITIVADA;20/11/2023;5,972;;R$ / litro;BRANCA
SE;RJ;NITERÓI;AUTO POSTO 050 LTDA;10.000.050/0001-50;RUA QUINZE DE NOVEMBRO;2843;;CENTRO;41890-413;DIESEL S10;20/11/2023;6,223;;R$ / litro;ALESAT
SE;RJ;NITERÓI;AUTO POSTO 050 LTDA;10.000.050/0001-50;RUA QUINZE DE NOVEMBRO;2843;;CENTRO;41890-413;ETANOL;20/11/2023;4,114;3,457;R$ / litro;ALESAT
SE;RJ;NITERÓI  ;AUTO POSTO 050 LTDA;10.000.050/0001-50;RUA QUINZE DE NOVEMBRO;2843;;CENTRO;41890-413;GASOLINA ADITIVADA;20/11/2023;6,552;6,005;R$ / litro;ALESAT
SE;RJ;NITERÓI;AUTO POSTO 051 LTDA; 10000051000157 ;RODOVIA BR 116;1364;;CENTRO;56112-819;ETANOL;20/11/2023;3,387;;R$ / litro;RAIZEN
SE;RJ;NITERÓI;AUTO POSTO 051 LTDA;10.000.051/0001-57;RODOVIA BR 116;1364;;CENTRO;56112-819;GNV;20/11/2023;4,411;4,002;R$ / m³;RAIZEN
SE;RJ;NITERÓI;AUTO POSTO 051 LTDA;10.000.051/0001-57;RODOVIA BR 116;1364;;CENTRO;56112-819;GASOLINA;20/11/2023;5,715;5,297;R$ / litro;RAIZEN
SE;RJ;NITERÓI;AUTO POSTO 052 LTDA;10.000.052/0001-64;AVENIDA BRASIL;2964;;CENTRO;35242-423;GNV;20/11/2023;4,677;;R$ / m³;BRANCA
SE;RJ;NITERÓI;AUTO POSTO 052 LTDA;10.000.052/0001-64;AVENIDA BRASIL;2964;;CENTRO;35242-423;GASOLINA ADITIVADA;20/11/2023;5,637;5,024;R$ / litro;BRANCA
SE;RJ;NITERÓI;AUTO POSTO 052 LTDA;10.000.052/0001-64;AVENIDA BRASIL;2964;;CENTRO;35242-423;GASOLINA;20/11/2023;5,817;5,162;R$ / litro;BRANCA
SE;SP;SAO PAULO;AUTO POSTO 001 LTDA; 10.000.001/0001-07;AVENIDA BRASIL;2608;;CENTRO;65518-949;GASOLINA;04/12/2023;5,788;;R$ / litro;IPIRANGA
SE;SP;SAO PAULO  ;AUTO POSTO 002 LTDA; 10.000.002/0001-14;RUA DAS FLORES;2619;;CENTRO;44335-265;DIESEL S10;04/12/2023;6,716;;R$ / litro;RAIZEN
SE;SP;SAO PAULO;AUTO POSTO 002 LTDA; 10.000.002/0001-14;RUA DAS FLORES;2619;;CENTRO;44335-265;GASOLINA;04/12/2023;6,311;;R$ / litro;RAIZEN
SE;SP;SAO PAULO;AUTO POSTO 002 LTDA;10.000.002/0001-14;RUA DAS FLORES;2619;;CENTRO;44335-265;GNV;04/12/2023;4,472;3,908;R$ / m³;RAIZEN
SE;SP;SAO PAULO;AUTO POSTO 003 LTDA; 10000003000121 ;AVENIDA BRASIL;3880;;CENTRO;29536-658;GNV;04/12/2023;4,819;4,128;R$ / m³;BRANCA
SE;SP;SAO PAULO;AUTO POSTO 003 LTDA;10.000.003/0001-21;AVENIDA BRASIL;3880;;CENTRO;29536-658;GASOLINA ADITIVADA;04/12/2023;6,448;;R$ / litro;BRANCA
SE;SP;SAO PAULO;AUTO POSTO 003 LTDA; 10000003000121 ;AVENIDA BRASIL;3880;;CENTRO;29536-658;DIESEL S10;04/12/2023;5,981;;R$ / litro;BRANCA
SE;SP;SAO PAULO;AUTO POSTO 004 LTDA;10.000.004/0001-28;RUA DAS FLORES;181;;CENTRO;50404-473;GASOLINA ADITIVADA;04/12/2023;5,665;5,156;R$ / litro;BRANCA
SE;SP;SAO PAULO;AUTO POSTO 004 LTDA;10.000.004/0001-28;RUA DAS FLORES;181;;CENTRO;50404-473;GNV;04/12/2023;4,742;4,238;R$ / m³;BRANCA
SE;SP;SAO PAULO;AUTO POSTO 004 LTDA;10.000.004/0001-28;RUA DAS FLORES;181;;CENTRO;50404-473;ETANOL;04/12/2023;4,030;3,483;R$ / litro;BRANCA
SE;SP;GUARULHOS;AUTO POSTO 005 LTDA; 10000005000135 ;AVENIDA BRASIL;1458;;CENTRO;83385-995;GASOLINA ADITIVADA;04/12/2023;5,600;5,180;R$ / litro;RAIZEN
SE;SP;GUARULHOS;AUTO POSTO 005 LTDA; 10000005000135 ;AVENIDA BRASIL;1458;;CENTRO;83385-995;GASOLINA;04/12/2023;5,850;5,120;R$ / litro;RAIZEN
SE;SP;GUARULHOS;AUTO POSTO 006 LTDA;10.000.006/0001-42;RUA DAS FLORES;3620;;CENTRO;64040-125;ETANOL;04/12/2023;3,631;;R$ / litro;VIBRA
SE;SP;GUARULHOS;AUTO POSTO 006 LTDA;10.000.006/0001-42;RUA DAS FLORES;3620;;CENTRO;64040-125;DIESEL S10;04/12/2023;5,826;;R$ / litro;VIBRA
SE;SP;GUARULHOS;AUTO POSTO 006 LTDA;10.000.006/0001-42;RUA DAS FLORES;3620;;CENTRO;64040-125;GNV;04/12/2023;4,490;3,959;R$ / m³;VIBRA
SE;SP;guarulhos;AUTO POSTO 007 LTDA;10.000.007/0001-49;RUA DAS FLORES;1102;;CENTRO;30866-906;GASOLINA;04/12/2023;6,146;5,696;R$ / litro;BRANCA
SE;SP;GUARULHOS;AUTO POSTO 007 LTDA; 10.000.007/0001-49;RUA DAS FLORES;1102;;CENTRO;30866-906;DIESEL S10;04/12/2023;6,292;5,450;R$ / litro;BRANCA
SE;SP;GUARULHOS;AUTO POSTO 007 LTDA;10.000.007/0001-49;RUA DAS FLORES;1102;;CENTRO;30866-906;GNV;04/12/2023;5,091;;R$ / m³;BRANCA
SE;SP;GUARULHOS;AUTO POSTO 008 LTDA;10.000.008/0001-56;RUA DAS FLORES;3354;;CENTRO;70332-458;GASOLINA ADITIVADA;04/12/2023;6,604;;R$ / litro;IPIRANGA
SE;SP;GUARULHOS;AUTO POSTO 008 LTDA;10.000.008/0001-56;RUA DAS FLORES;3354;;CENTRO;70332-458;GASOLINA;04/12/2023;5,457;;R$ / litro;IPIRANGA
SE;SP;CAMPINAS;AUTO POSTO 009 LTDA;10.000.009/0001-63;RUA DAS FLORES;1642;;CENTRO;53025-385;ETANOL;04/12/2023;3,849;;R$ / litro;BRANCA
SE;SP;CAMPINAS;AUTO POSTO 009 LTDA;10.000.009/0001-63;RUA DAS FLORES;1642;;CENTRO;53025-385;DIESEL S10;04/12/2023;6,108;5,180;R$ / litro;BRANCA
SE;SP;CAMPINAS;AUTO POSTO 009 LTDA; 10.000.009/0001-63;RUA DAS FLORES;1642;;CENTRO;53025-385;GNV;04/12/2023;5,186;;R$ / m³;BRANCA
SE;SP;CAMPINAS;AUTO POSTO 010 LTDA;10.000.010/0001-70;RODOVIA BR 116;1366;;CENTRO;13617-218;GNV;04/12/2023;5,140;;R$ / m³;IPIRANGA
SE;SP;CAMPINAS;AUTO POSTO 010 LTDA; 10.000.010/0001-70;RODOVIA BR 116;1366;;CENTRO;13617-218;ETANOL;04/12/2023;3,721;;R$ / litro;IPIRANGA
SE;SP;CAMPINAS;AUTO POSTO 011 LTDA; 10.000.011/0001-77;AVENIDA BRASIL;454;;CENTRO;88193-544;ETANOL;04/12/2023;3,866;;R$ / litro;IPIRANGA
SE;SP;campinas;AUTO POSTO 011 LTDA;10.000.011/0001-77;AVENIDA BRASIL;454;;CENTRO;88193-544;DIESEL S10;04/12/2023;6,483;;R$ / litro;IPIRANGA
SE;SP;CAMPINAS;AUTO POSTO 011 LTDA;10.000.011/0001-77;AVENIDA BRASIL;454;;CENTRO;88193-544;GNV;04/12/2023;4,355;3,806;R$ / m³;IPIRANGA
SE;SP;CAMPINAS;AUTO POSTO 012 LTDA;10.000.012/0001-84;RODOVIA BR 116;483;;CENTRO;60488-690;GASOLINA;04/12/2023;5,727;;R$ / litro;VIBRA
SE;SP;CAMPINAS;AUTO POSTO 012 LTDA; 10000012000184 ;RODOVIA BR 116;483;;CENTRO;60488-690;GNV;04/12/2023;4,309;3,662;R$ / m³;VIBRA
SE;RJ;RIO DE JANEIRO;AUTO POSTO 013 LTDA; 10000013000191 ;RODOVIA BR 116;3801;;CENTRO;80575-803;DIESEL S10;04/12/2023;6,019;5,228;R$ / litro;VIBRA
SE;RJ;RIO DE JANEIRO;AUTO POSTO 013 LTDA; 10000013000191 ;RODOVIA BR 116;3801;;CENTRO;80575-803;GASOLINA;04/12/2023;5,426;;R$ / litro;VIBRA
SE;RJ;RIO DE JANEIRO;AUTO POSTO 013 LTDA;10.000.013/0001-91;RODOVIA BR 116;3801;;CENTRO;80575-803;ETANOL;04/12/2023;4,032;3,398;R$ / litro;VIBRA
SE;RJ;RIO DE JANEIRO;AUTO POSTO 014 LTDA; 10.000.014/0001-98;AVENIDA PAULISTA;2562;;CENTRO;51145-779;ETANOL;04/12/2023;4,226;;R$ / litro;BRANCA
SE;RJ;RIO DE JANEIRO;AUTO POSTO 014 LTDA;10.000.014/0001-98;AVENIDA PAULISTA;2562;;CENTRO;51145-779;GNV;04/12/2023;5,153;;R$ / m³;BRANCA
SE;RJ;RIO DE JANEIRO;AUTO POSTO 014 LTDA;10.000.014/0001-98;AVENIDA PAULISTA;2562;;CENTRO;51145-779;DIESEL S10;04/12/2023;5,956;5,047;R$ / litro;BRANCA
SE;RJ;RIO DE JANEIRO;AUTO POSTO 015 LTDA; 10000015000105 ;RUA QUINZE DE NOVEMBRO;1346;;CENTRO;62743-813;GASOLINA ADITIVADA;04/12/2023;6,127;;R$ / litro;IPIRANGA
SE;RJ;RIO DE JANEIRO;AUTO POSTO 015 LTDA;10.000.015/0001-05;RUA QUINZE DE NOVEMBRO;1346;;CENTRO;62743-813;GNV;04/12/2023;5,095;;R$ / m³;IPIRANGA
SE;RJ;RIO DE JANEIRO;AUTO POSTO 015 LTDA;10.000.015/0001-05;RUA QUINZE DE NOVEMBRO;1346;;CENTRO;62743-813;DIESEL S10;04/12/2023;6,184;;R$ / litro;IPIRANGA
SE;RJ;RIO DE JANEIRO;AUTO POSTO 016 LTDA;10.000.016/0001-12;RUA QUINZE DE NOVEMBRO;2784;;CENTRO;32810-730;DIESEL S10;04/12/2023;6,862;;R$ / litro;ALESAT
SE;RJ;RIO DE JANEIRO;AUTO POSTO 016 LTDA;10.000.016/0001-12;RUA QUINZE DE NOVEMBRO;2784;;CENTRO;32810-730;GASOLINA;04/12/2023;5,917;;R$ / litro;ALESAT
SE;RJ;RIO DE JANEIRO;AUTO POSTO 016 LTDA;10.000.016/0001-12;RUA QUINZE DE NOVEMBRO;2784;;CENTRO;32810-730;GASOLINA ADITIVADA;04/12/2023;5,906;;R$ / litro;ALESAT
SE;MG;BELO HORIZONTE;AUTO POSTO 017 LTDA; 10.000.017/0001-19;AVENIDA PAULISTA;870;;CENTRO;66346-904;ETANOL;04/12/2023;3,218;;R$ / litro;ALESAT
SE;MG;BELO HORIZONTE;AUTO POSTO 017 LTDA; 10.000.017/0001-19;AVENIDA PAULISTA;870;;CENTRO;66346-904;DIESEL S10;04/12/2023;5,925;;R$ / litro;ALESAT
SE;MG;BELO HORIZONTE;AUTO POSTO 017 LTDA;10.000.017/0001-19;AVENIDA PAULISTA;870;;CENTRO;66346-904;GASOLINA ADITIVADA;04/12/2023;6,637;;R$ / litro;ALESAT
SE;MG;BELO HORIZONTE;AUTO POSTO 018 LTDA;10.000.018/0001-26;RUA QUINZE DE NOVEMBRO;2777;;CENTRO;38010-623;GASOLINA ADITIVADA;04/12/2023;5,590;;R$ / litro;RAIZEN
SE;MG;BELO HORIZONTE;AUTO POSTO 018 LTDA;10.000.018/0001-26;RUA QUINZE DE NOVEMBRO;2777;;CENTRO;38010-623;GASOLINA;04/12/2023;5,961;5,120;R$ / litro;RAIZEN
SE;MG;BELO HORIZONTE;AUTO POSTO 018 LTDA;10.000.018/0001-26;RUA QUINZE DE NOVEMBRO;2777;;CENTRO;38010-623;GNV;04/12/2023;4,570;3,963;R$ / m³;RAIZEN
SE;MG;BELO HORIZONTE;AUTO POSTO 019 LTDA;10.000.019/0001-33;RODOVIA BR 116;2729;;CENTRO;53933-195;ETANOL;04/12/2023;4,109;;R$ / litro;VIBRA
SE;MG;BELO HORIZONTE;AUTO POSTO 019 LTDA; 10.000.019/0001-33;RODOVIA BR 116;2729;;CENTRO;53933-195;GASOLINA ADITIVADA;04/12/2023;6,461;;R$ / litro;VIBRA
SE;MG;BELO HORIZONTE;AUTO POSTO 019 LTDA;10.000.019/0001-33;RODOVIA BR 116;2729;;CENTRO;53933-195;GASOLINA;04/12/2023;5,805;5,165;R$ / litro;VIBRA
SE;MG;BELO HORIZONTE;AUTO POSTO 020 LTDA; 10.000.020/0001-40;RUA DAS FLORES;110;;CENTRO;16057-350;GASOLINA;04/12/2023;6,230;;R$ / litro;RAIZEN
SE;MG;BELO HORIZONTE;AUTO POSTO 020 LTDA;10.000.020/0001-40;RUA DAS FLORES;110;;CENTRO;16057-350;DIESEL S10;04/12/2023;6,895;;R$ / litro;RAIZEN
SE;MG;BELO HORIZONTE;AUTO POSTO 020 LTDA; 10000020000140 ;RUA DAS FLORES;110;;CENTRO;16057-350;GASOLINA ADITIVADA;04/12/2023;5,664;;R$ / litro;RAIZEN
SE;MG;UBERLANDIA;AUTO POSTO 021 LTDA; 10000021000147 ;RODOVIA BR 116;806;;CENTRO;60328-606;GASOLINA ADITIVADA;04/12/2023;6,104;;R$ / litro;RAIZEN
SE;MG;UBERLANDIA;AUTO POSTO 021 LTDA;10.000.021/0001-47;RODOVIA BR 116;806;;CENTRO;60328-606;GASOLINA;04/12/2023;5,545;;R$ / litro;RAIZEN
SE;MG;UBERLANDIA;AUTO POSTO 022 LTDA; 10000022000154 ;AVENIDA BRASIL;3198;;CENTRO;65724-324;GNV;04/12/2023;5,151;4,695;R$ / m³;VIBRA
SE;MG;UBERLANDIA;AUTO POSTO 022 LTDA; 10000022000154 ;AVENIDA BRASIL;3198;;CENTRO;65724-324;DIESEL S10;04/12/2023;5,808;4,996;R$ / litro;VIBRA
SE;MG;UBERLANDIA;AUTO POSTO 022 LTDA; 10.000.022/0001-54;AVENIDA BRASIL;3198;;CENTRO;65724-324;GASOLINA;04/12/2023;5,638;;R$ / litro;VIBRA
SE;MG;UBERLANDIA;AUTO POSTO 023 LTDA;10.000.023/0001-61;RODOVIA BR 116;1030;;CENTRO;25906-567;GNV;04/12/2023;5,100;;R$ / m³;VIBRA
SE;MG;UBERLANDIA;AUTO POSTO 023 LTDA; 10.000.023/0001-61;RODOVIA BR 116;1030;;CENTRO;25906-567;GASOLINA ADITIVADA;04/12/2023;5,919;;R$ / litro;VIBRA
SE;MG;UBERLANDIA;AUTO POSTO 024 LTDA; 10000024000168 ;RODOVIA BR 116;3348;;CENTRO;76162-536;GASOLINA ADITIVADA;04/12/2023;5,762;;R$ / litro;ALESAT
SE;MG;UBERLANDIA;AUTO POSTO 024 LTDA; 10000024000168 ;RODOVIA BR 116;3348;;CENTRO;76162-536;DIESEL S10;04/12/2023;5,942;;R$ / litro;ALESAT
SE;MG;UBERLANDIA;AUTO POSTO 024 LTDA; 10.000.024/0001-68;RODOVIA BR 116;3348;;CENTRO;76162-536;GNV;04/12/2023;4,717;;R$ / m³;ALESAT
S;RS;PORTO ALEGRE;AUTO POSTO 025 LTDA; 10000025000175 ;AVENIDA PAULISTA;3089;;CENTRO;42406-960;GASOLINA ADITIVADA;04/12/2023;6,477;;R$ / litro;IPIRANGA
S;RS;PORTO ALEGRE;AUTO POSTO 025 LTDA; 10.000.025/0001-75;AVENIDA PAULISTA;3089;;CENTRO;42406-960;GNV;04/12/2023;4,404;3,873;R$ / m³;IPIRANGA
S;RS;PORTO ALEGRE;AUTO POSTO 026 LTDA;10.000.026/0001-82;RUA QUINZE DE NOVEMBRO;327;;CENTRO;47450-340;ETANOL;04/12/2023;4,004;;R$ / litro;IPIRANGA
S;RS;PORTO ALEGRE;AUTO POSTO 026 LTDA;10.000.026/0001-82;RUA QUINZE DE NOVEMBRO;327;;CENTRO;47450-340;GASOLINA;04/12/2023;6,117;5,388;R$ / litro;IPIRANGA
S;RS;PORTO ALEGRE;AUTO POSTO 026 LTDA;10.000.026/0001-82;RUA QUINZE DE NOVEMBRO;327;;CENTRO;47450-340;DIESEL S10;04/12/2023;6,518;5,589;R$ / litro;IPIRANGA
S;RS;PORTO ALEGRE;AUTO POSTO 027 LTDA; 10000027000189 ;RUA DAS FLORES;957;;CENTRO;60205-810;GASOLINA ADITIVADA;04/12/2023;6,397;;R$ / litro;VIBRA
S;RS;PORTO ALEGRE;AUTO POSTO 027 LTDA;10.000.027/0001-89;RUA DAS FLORES;957;;CENTRO;60205-810;GASOLINA;04/12/2023;6,002;;R$ / litro;VIBRA
S;RS;PORTO ALEGRE;AUTO POSTO 027 LTDA;10.000.027/0001-89;RUA DAS FLORES;957;;CENTRO;60205-810;GNV;04/12/2023;4,307;3,965;R$ / m³;VIBRA
S;RS;PORTO ALEGRE;AUTO POSTO 028 LTDA;10.000.028/0001-96;RUA QUINZE DE NOVEMBRO;1365;;CENTRO;81121-577;DIESEL S10;04/12/2023;6,230;;R$ / litro;RAIZEN
S;RS;CAXIAS DO SUL  ;AUTO POSTO 029 LTDA;10.000.029/0001-03;RUA QUINZE DE NOVEMBRO;3716;;CENTRO;86556-812;GASOLINA;04/12/2023;5,498;4,707;R$ / litro;BRANCA
S;RS;CAXIAS DO SUL;AUTO POSTO 030 LTDA;10.000.030/0001-10;AVENIDA PAULISTA;1233;;CENTRO;61116-973;GNV;04/12/2023;4,317;3,761;R$ / m³;RAIZEN
S;RS;CAXIAS DO SUL;AUTO POSTO 030 LTDA;10.000.030/0001-10;AVENIDA PAULISTA;1233;;CENTRO;61116-973;GASOLINA ADITIVADA;04/12/2023;5,724;;R$ / litro;RAIZEN
S;RS;CAXIAS DO SUL;AUTO POSTO 030 LTDA;10.000.030/0001-10;AVENIDA PAULISTA;1233;;CENTRO;61116-973;DIESEL S10;04/12/2023;6,390;;R$ / litro;RAIZEN
S;RS;CAXIAS DO SUL;AUTO POSTO 031 LTDA; 10.000.031/0001-17;RUA DAS FLORES;1127;;CENTRO;67125-597;ETANOL;04/12/2023;3,349;2,912;R$ / litro;BRANCA
S;RS;CAXIAS DO SUL;AUTO POSTO 031 LTDA;10.000.031/0001-17;RUA DAS FLORES;1127;;CENTRO;67125-597;DIESEL S10;04/12/2023;6,094;;R$ / litro;BRANCA
S;RS;CAXIAS DO SUL;AUTO POSTO 031 LTDA; 10.000.031/0001-17;RUA DAS FLORES;1127;;CENTRO;67125-597;GNV;04/12/2023;4,667;;R$ / m³;BRANCA
S;RS;CAXIAS DO SUL;AUTO POSTO 032 LTDA;10.000.032/0001-24;RUA DAS FLORES;3452;;CENTRO;71261-230;GASOLINA;04/12/2023;5,575;5,107;R$ / litro;ALESAT
S;RS;CAXIAS DO SUL;AUTO POSTO 032 LTDA;10.000.032/0001-24;RUA DAS FLORES;3452;;CENTRO;71261-230;DIESEL S10;04/12/2023;6,442;;R$ / litro;ALESAT
S;RS;CAXIAS DO SUL;AUTO POSTO 032 LTDA; 10000032000124 ;RUA DAS FLORES;3452;;CENTRO;71261-230;ETANOL;04/12/2023;3,764;;R$ / litro;ALESAT
NE;BA;SALVADOR;AUTO POSTO 033 LTDA; 10.000.033/0001-31;RODOVIA BR 116;2725;;CENTRO;13552-185;DIESEL S10;04/12/2023;6,485;;R$ / litro;RAIZEN
NE;BA;SALVADOR;AUTO POSTO 033 LTDA; 10.000.033/0001-31;RODOVIA BR 116;2725;;CENTRO;13552-185;GASOLINA ADITIVADA;04/12/2023;6,538;;R$ / litro;RAIZEN
NE;BA;SALVADOR;AUTO POSTO 034 LTDA; 10.000.034/0001-38;AVENIDA BRASIL;1075;;CENTRO;59689-435;ETANOL;04/12/2023;3,963;3,624;R$ / litro;VIBRA
NE;BA;SALVADOR;AUTO POSTO 034 LTDA; 10.000.034/0001-38;AVENIDA BRASIL;1075;;CENTRO;59689-435;GNV;04/12/2023;4,598;4,197;R$ / m³;VIBRA
NE;BA;SALVADOR;AUTO POSTO 034 LTDA;10.000.034/0001-38;AVENIDA BRASIL;1075;;CENTRO;59689-435;GASOLINA ADITIVADA;04/12/2023;5,630;;R$ / litro;VIBRA
NE;BA;SALVADOR;AUTO POSTO 035 LTDA;10.000.035/0001-45;AVENIDA PAULISTA;3090;;CENTRO;65255-358;GASOLINA;04/12/2023;5,311;;R$ / litro;BRANCA
NE;BA;SALVADOR;AUTO POSTO 035 LTDA; 10.000.035/0001-45;AVENIDA PAULISTA;3090;;CENTRO;65255-358;GNV;04/12/2023;5,099;;R$ / m³;BRANCA
NE;BA;SALVADOR;AUTO POSTO 035 LTDA;10.000.035/0001-45;AVENIDA PAULISTA;3090;;CENTRO;65255-358;GASOLINA ADITIVADA;04/12/2023;5,663;5,067;R$ / litro;BRANCA
NE;BA;SALVADOR;AUTO POSTO 036 LTDA;10.000.036/0001-52;RUA DAS FLORES;2672;;CENTRO;18993-899;GASOLINA ADITIVADA;04/12/2023;6,181;;R$ / litro;BRANCA
NE;BA;SALVADOR;AUTO POSTO 036 LTDA; 10.000.036/0001-52;RUA DAS FLORES;2672;;CENTRO;18993-899;GNV;04/12/2023;4,398;3,890;R$ / m³;BRANCA
NE;BA;FEIRA DE SANTANA;AUTO POSTO 037 LTDA; 10000037000159 ;AVENIDA BRASIL;2554;;CENTRO;29973-344;GASOLINA ADITIVADA;04/12/2023;5,738;5,018;R$ / litro;VIBRA
NE;BA;FEIRA DE SANTANA;AUTO POSTO 037 LTDA;10.000.037/0001-59;AVENIDA BRASIL;2554;;CENTRO;29973-344;DIESEL S10;04/12/2023;6,803;6,230;R$ / litro;VIBRA
NE;BA;FEIRA DE SANTANA;AUTO POSTO 038 LTDA;10.000.038/0001-66;AVENIDA PAULISTA;3151;;CENTRO;58351-271;GASOLINA;04/12/2023;5,671;5,003;R$ / litro;ALESAT
NE;BA;FEIRA DE SANTANA;AUTO POSTO 038 LTDA; 10.000.038/0001-66;AVENIDA PAULISTA;3151;;CENTRO;58351-271;GASOLINA ADITIVADA;04/12/2023;5,852;;R$ / litro;ALESAT
NE;BA;FEIRA DE SANTANA;AUTO POSTO 038 LTDA; 10.000.038/0001-66;AVENIDA PAULISTA;3151;;CENTRO;58351-271;DIESEL S10;04/12/2023;6,343;5,498;R$ / litro;ALESAT
NE;BA;FEIRA DE SANTANA;AUTO POSTO 039 LTDA;10.000.039/0001-73;AVENIDA BRASIL;2380;;CENTRO;13365-419;DIESEL S10;04/12/2023;6,727;;R$ / litro;ALESAT
NE;BA;FEIRA DE SANTANA;AUTO POSTO 039 LTDA;10.000.039/0001-73;AVENIDA BRASIL;2380;;CENTRO;13365-419;GNV;04/12/2023;4,339;;R$ / m³;ALESAT
NE;BA;FEIRA DE SANTANA;AUTO POSTO 039 LTDA;10.000.039/0001-73;AVENIDA BRASIL;2380;;CENTRO;13365-419;ETANOL;04/12/2023;3,421;3,151;R$ / litro;ALESAT
NE;BA;FEIRA DE SANTANA;AUTO POSTO 040 LTDA;10.000.040/0001-80;RUA DAS FLORES;321;;CENTRO;87607-807;ETANOL;04/12/2023;4,414;;R$ / litro;VIBRA
NE;BA;FEIRA DE SANTANA;AUTO POSTO 040 LTDA;10.000.040/0001-80;RUA DAS FLORES;321;;CENTRO;87607-807;GASOLINA;04/12/2023;5,353;4,624;R$ / litro;VIBRA
N;AM;MANAUS;AUTO POSTO 041 LTDA; 10000041000187 ;RODOVIA BR 116;3215;;CENTRO;15383-455;ETANOL;04/12/2023;3,551;3,027;R$ / litro;ALESAT
N;AM;MANAUS;AUTO POSTO 041 LTDA;10.000.041/0001-87;RODOVIA BR 116;3215;;CENTRO;15383-455;GASOLINA;04/12/2023;6,128;;R$ / litro;ALESAT
N;AM;MANAUS;AUTO POSTO 041 LTDA; 10000041000187 ;RODOVIA BR 116;3215;;CENTRO;15383-455;GNV;04/12/2023;4,868;;R$ / m³;ALESAT
N;AM;MANAUS;AUTO POSTO 042 LTDA; 10000042000194 ;AVENIDA PAULISTA;61;;CENTRO;65057-942;DIESEL S10;04/12/2023;6,874;6,226;R$ / litro;RAIZEN
N;AM;MANAUS;AUTO POSTO 042 LTDA; 10.000.042/0001-94;AVENIDA PAULISTA;61;;CENTRO;65057-942;ETANOL;04/12/2023;4,125;3,775;R$ / litro;RAIZEN
N;AM;MANAUS;AUTO POSTO 043 LTDA;10.000.043/0001-01;RUA QUINZE DE NOVEMBRO;2907;;CENTRO;30052-545;GNV;04/12/2023;4,895;4,330;R$ / m³;VIBRA
N;AM;MANAUS;AUTO POSTO 043 LTDA; 10000043000101 ;RUA QUINZE DE NOVEMBRO;2907;;CENTRO;30052-545;ETANOL;04/12/2023;4,264;3,622;R$ / litro;VIBRA
N;AM;MANAUS;AUTO POSTO 043 LTDA; 10.000.043/0001-01;RUA QUINZE DE NOVEMBRO;2907;;CENTRO;30052-545;DIESEL S10;04/12/2023;6,637;5,846;R$ / litro;VIBRA
N;AM;MANAUS;AUTO POSTO 044 LTDA;10.000.044/0001-08;RODOVIA BR 116;3182;;CENTRO;73372-576;GNV;04/12/2023;4,419;4,100;R$ / m³;RAIZEN
N;AM;MANAUS;AUTO POSTO 044 LTDA; 10000044000108 ;RODOVIA BR 116;3182;;CENTRO;73372-576;ETANOL;04/12/2023;3,444;2,944;R$ / litro;RAIZEN
N;AM;MANAUS;AUTO POSTO 044 LTDA;10.000.044/0001-08;RODOVIA BR 116;3182;;CENTRO;73372-576;GASOLINA ADITIVADA;04/12/2023;5,712;;R$ / litro;RAIZEN
SE;SP;SÃO JOSÉ DOS CAMPOS;AUTO POSTO 045 LTDA; 10000045000115 ;RUA DAS FLORES;3412;;CENTRO;21359-385;DIESEL S10;04/12/2023;6,006;5,403;R$ / litro;RAIZEN
SE;SP;SÃO JOSÉ DOS CAMPOS;AUTO POSTO 045 LTDA;10.000.045/0001-15;RUA DAS FLORES;3412;;CENTRO;21359-385;GNV;04/12/2023;4,554;3,988;R$ / m³;RAIZEN
SE;SP;SÃO JOSÉ DOS CAMPOS;AUTO POSTO 046 LTDA; 10000046000122 ;AVENIDA PAULISTA;127;;CENTRO;74789-971;DIESEL S10;04/12/2023;6,100;5,480;R$ / litro;IPIRANGA
SE;SP;SÃO JOSÉ DOS CAMPOS;AUTO POSTO 046 LTDA; 10.000.046/0001-22;AVENIDA PAULISTA;127;;CENTRO;74789-971;GASOLINA ADITIVADA;04/12/2023;5,758;4,980;R$ / litro;IPIRANGA
SE;SP;SÃO JOSÉ DOS CAMPOS;AUTO POSTO 047 LTDA;10.000.047/0001-29;AVENIDA PAULISTA;3277;;CENTRO;43862-448;ETANOL;04/12/2023;4,086;;R$ / litro;IPIRANGA
SE;SP;SÃO JOSÉ DOS CAMPOS;AUTO POSTO 047 LTDA;10.000.047/0001-29;AVENIDA PAULISTA;3277;;CENTRO;43862-448;GASOLINA;04/12/2023;6,285;;R$ / litro;IPIRANGA
SE;SP;SÃO JOSÉ DOS CAMPOS;AUTO POSTO 047 LTDA; 10.000.047/0001-29;AVENIDA PAULISTA;3277;;CENTRO;43862-448;GNV;04/12/2023;4,426;;R$ / m³;IPIRANGA
SE;SP;SÃO JOSÉ DOS CAMPOS;AUTO POSTO 048 LTDA;10.000.048/0001-36;RUA DAS FLORES;360;;CENTRO;41635-837;GNV;04/12/2023;4,420;;R$ / m³;RAIZEN
SE;SP;SÃO JOSÉ DOS CAMPOS;AUTO POSTO 048 LTDA;10.000.048/0001-36;RUA DAS FLORES;360;;CENTRO;41635-837;GASOLINA ADITIVADA;04/12/2023;6,414;5,554;R$ / litro;RAIZEN
SE;SP;SÃO JOSÉ DOS CAMPOS;AUTO POSTO 048 LTDA;10.000.048/0001-36;RUA DAS FLORES;360;;CENTRO;41635-837;ETANOL;04/12/2023;3,441;;R$ / litro;RAIZEN
SE;RJ;NITERÓI;AUTO POSTO 049 LTDA;10.000.049/0001-43;RUA QUINZE DE NOVEMBRO;2655;;CENTRO;74332-558;ETANOL;04/12/2023;3,421;;R$ / litro;BRANCA
SE;RJ;NITERÓI;AUTO POSTO 049 LTDA; 10000049000143 ;RUA QUINZE DE NOVEMBRO;2655;;CENTRO;74332-558;GASOLINA ADITIVADA;04/12/2023;5,706;5,037;R$ / litro;BRANCA
SE;RJ;NITERÓI;AUTO POSTO 050 LTDA; 10.000.050/0001-50;RUA QUINZE DE NOVEMBRO;2843;;CENTRO;41890-413;DIESEL S10;04/12/2023;6,769;6,149;R$ / litro;ALESAT
SE;RJ;NITERÓI;AUTO POSTO 050 LTDA;10.000.050/0001-50;RUA QUINZE DE NOVEMBRO;2843;;CENTRO;41890-413;GASOLINA ADITIVADA;04/12/2023;6,087;5,173;R$ / litro;ALESAT
SE;RJ;NITERÓI;AUTO POSTO 051 LTDA; 10.000.051/0001-57;RODOVIA BR 116;1364;;CENTRO;56112-819;ETANOL;04/12/2023;4,286;;R$ / litro;RAIZEN
SE;RJ;NITERÓI;AUTO POSTO 051 LTDA;10.000.051/0001-57;RODOVIA BR 116;1364;;CENTRO;56112-819;GNV;04/12/2023;4,300;;R$ / m³;RAIZEN
SE;RJ;NITERÓI;AUTO POSTO 051 LTDA; 10.000.051/0001-57;RODOVIA BR 116;1364;;CENTRO;56112-819;GASOLINA;04/12/2023;6,389;5,646;R$ / litro;RAIZEN
SE;RJ;NITERÓI  ;AUTO POSTO 052 LTDA; 10.000.052/0001-64;AVENIDA BRASIL;2964;;CENTRO;35242-423;GNV;04/12/2023;4,313;;R$ / m³;BRANCA
SE;RJ;NITERÓI  ;AUTO POSTO 052 LTDA;10.000.052/0001-64;AVENIDA BRASIL;2964;;CENTRO;35242-423;GASOLINA ADITIVADA;04/12/2023;5,943;5,301;R$ / litro;BRANCA
SE;RJ;NITERÓI;AUTO POSTO 052 LTDA;10.000.052/0001-64;AVENIDA BRASIL;2964;;CENTRO;35242-423;GASOLINA;04/12/2023;6,119;5,666;R$ / litro;BRANCA
SE;SP;GUARULHOS  ;AUTO POSTO 007 LTDA; 10.000.007/0001-49;RUA DAS FLORES;1102;;CENTRO;30866-906;GASOLINA;20/11/2023;5,570;4,878;R$ / litro;BRANCA
NE;BA;FEIRA DE SANTANA;AUTO POSTO 039 LTDA; 10000039000173 ;AVENIDA BRASIL;2380;;CENTRO;13365-419;DIESEL S10;17/07/2023;6,381;5,887;R$ / litro;ALESAT
SE;MG;BELO HORIZONTE;AUTO POSTO 018 LTDA; 10000018000126 ;RUA QUINZE DE NOVEMBRO;2777;;CENTRO;38010-623;GASOLINA ADITIVADA;28/08/2023;6,396;5,394;R$ / litro;RAIZEN
SE;RJ;NITERÓI;AUTO POSTO 049 LTDA;10.000.049/0001-43;RUA QUINZE DE NOVEMBRO;2655;;CENTRO;74332-558;GASOLINA ADITIVADA;06/11/2023;5,818;5,382;R$ / litro;BRANCA
NE;BA;FEIRA DE SANTANA;AUTO POSTO 038 LTDA; 10.000.038/0001-66;AVENIDA PAULISTA;3151;;CENTRO;58351-271;DIESEL S10;20/11/2023;6,157;5,624;R$ / litro;ALESAT
S;RS;CAXIAS DO SUL;AUTO POSTO 031 LTDA;10.000.031/0001-17;RUA DAS FLORES;1127;;CENTRO;67125-597;ETANOL;23/10/2023;3,532;3,064;R$ / litro;BRANCA
SE;SP;GUARULHOS;AUTO POSTO 008 LTDA; 10000008000156 ;RUA DAS FLORES;3354;;CENTRO;70332-458;GASOLINA ADITIVADA;09/10/2023;6,622;;R$ / litro;IPIRANGA
SE;MG;BELO HORIZONTE;AUTO POSTO 017 LTDA; 10.000.017/0001-19;AVENIDA PAULISTA;870;;CENTRO;66346-904;DIESEL S10;23/10/2023;6,838;;R$ / litro;ALESAT
