Regiao - Sigla;Estado - Sigla;Municipio;Revenda;CNPJ da Revenda;Nome da Rua;Numero Rua;Complemento;Bairro;Cep;Produto;Data da Coleta;Valor de Venda;Valor de Compra;Unidade de Medida;Bandeira
SE;SP;SAO PAULO;AUTO POSTO 001 LTDA; 10.000.001/0001-07;AVENIDA BRASIL;112;;CENTRO;46048-350;GASOLINA;03/01/2024;6,277;5,508;R$ / litro;VIBRA
SE;SP;SAO PAULO;AUTO POSTO 001 LTDA;10.000.001/0001-07;AVENIDA BRASIL;112;;CENTRO;46048-350;GNV;03/01/2024;4,780;;R$ / m³;VIBRA
SE;SP;SAO PAULO;AUTO POSTO 002 LTDA; 10000002000114 ;RODOVIA BR 116;1738;;CENTRO;14165-130;GASOLINA ADITIVADA;03/01/2024;6,173;;R$ / litro;BRANCA
SE;SP;SAO PAULO;AUTO POSTO 002 LTDA;10.000.002/0001-14;RODOVIA BR 116;1738;;CENTRO;14165-130;GASOLINA;03/01/2024;5,849;;R$ / litro;BRANCA
SE;SP;SAO PAULO;AUTO POSTO 003 LTDA; 10.000.003/0001-21;RODOVIA BR 116;824;;CENTRO;81426-529;GNV;03/01/2024;4,824;;R$ / m³;VIBRA
SE;SP;SAO PAULO;AUTO POSTO 003 LTDA; 10.000.003/0001-21;RODOVIA BR 116;824;;CENTRO;81426-529;ETANOL;03/01/2024;3,220;2,787;R$ / litro;VIBRA
SE;SP;SAO PAULO  ;AUTO POSTO 003 LTDA;10.000.003/0001-21;RODOVIA BR 116;824;;CENTRO;81426-529;GASOLINA;03/01/2024;5,577;4,827;R$ / litro;VIBRA
SE;SP;SAO PAULO;AUTO POSTO 004 LTDA;10.000.004/0001-28;RUA DAS FLORES;2869;;CENTRO;65392-448;GASOLINA ADITIVADA;03/01/2024;6,599;;R$ / litro;IPIRANGA
SE;SP;SAO PAULO;AUTO POSTO 004 LTDA; 10000004000128 ;RUA DAS FLORES;2869;;CENTRO;65392-448;ETANOL;03/01/2024;3,961;3,405;R$ / litro;IPIRANGA
SE;SP;GUARULHOS;AUTO POSTO 005 LTDA; 10000005000135 ;AVENIDA BRASIL;389;;CENTRO;59797-199;GNV;03/01/2024;4,623;;R$ / m³;IPIRANGA
SE;SP;GUARULHOS;AUTO POSTO 005 LTDA; 10.000.005/0001-35;AVENIDA BRASIL;389;;CENTRO;59797-199;GASOLINA;03/01/2024;5,491;;R$ / litro;IPIRANGA
SE;SP;GUARULHOS;AUTO POSTO 006 LTDA;10.000.006/0001-42;RUA QUINZE DE NOVEMBRO;2206;;CENTRO;26361-487;ETANOL;03/01/2024;4,088;3,484;R$ / litro;BRANCA
SE;SP;GUARULHOS;AUTO POSTO 006 LTDA;10.000.006/0001-42;RUA QUINZE DE NOVEMBRO;2206;;CENTRO;26361-487;GNV;03/01/2024;4,497;;R$ / m³;BRANCA
SE;SP;GUARULHOS;AUTO POSTO 006 LTDA; 10000006000142 ;RUA QUINZE DE NOVEMBRO;2206;;CENTRO;26361-487;DIESEL S10;03/01/2024;5,906;;R$ / litro;BRANCA
SE;SP;GUARULHOS;AUTO POSTO 007 LTDA; 10.000.007/0001-49;RUA DAS FLORES;2895;;CENTRO;19116-146;GASOLINA;03/01/2024;5,815;;R$ / litro;VIBRA
SE;SP;GUARULHOS;AUTO POSTO 007 LTDA;10.000.007/0001-49;RUA DAS FLORES;2895;;CENTRO;19116-146;GASOLINA ADITIVADA;03/01/2024;6,554;5,958;R$ / litro;VIBRA
SE;SP;GUARULHOS;AUTO POSTO 008 LTDA;10.000.008/0001-56;RUA QUINZE DE NOVEMBRO;1148;;CENTRO;69429-750;ETANOL;03/01/2024;3,954;3,542;R$ / litro;IPIRANGA
SE;SP;GUARULHOS;AUTO POSTO 008 LTDA;10.000.008/0001-56;RUA QUINZE DE NOVEMBRO;1148;;CENTRO;69429-750;GNV;03/01/2024;4,955;4,342;R$ / m³;IPIRANGA
SE;SP;CAMPINAS;AUTO POSTO 009 LTDA; 10000009000163 ;RUA DAS FLORES;2755;;CENTRO;44993-818;GNV;03/01/2024;5,039;4,355;R$ / m³;BRANCA
SE;SP;CAMPINAS;AUTO POSTO 009 LTDA;10.000.009/0001-63;RUA DAS FLORES;2755;;CENTRO;44993-818;GASOLINA;03/01/2024;6,204;;R$ / litro;BRANCA
SE;SP;CAMPINAS;AUTO POSTO 010 LTDA;10.000.010/0001-70;RUA QUINZE DE NOVEMBRO;1564;;CENTRO;45382-755;ETANOL;03/01/2024;4,163;;R$ / litro;ALESAT
SE;SP;CAMPINAS  ;AUTO POSTO 010 LTDA; 10.000.010/0001-70;RUA QUINZE DE NOVEMBRO;1564;;CENTRO;45382-755;GASOLINA;03/01/2024;5,450;;R$ / litro;ALESAT
SE;SP;CAMPINAS;AUTO POSTO 011 LTDA; 10.000.011/0001-77;RUA DAS FLORES;3376;;CENTRO;14207-924;ETANOL;03/01/2024;4,135;;R$ / litro;IPIRANGA
SE;SP;CAMPINAS;AUTO POSTO 011 LTDA;10.000.011/0001-77;RUA DAS FLORES;3376;;CENTRO;14207-924;GASOLINA;03/01/2024;5,426;4,853;R$ / litro;IPIRANGA
SE;SP;CAMPINAS;AUTO POSTO 011 LTDA;10.000.011/0001-77;RUA DAS FLORES;3376;;CENTRO;14207-924;DIESEL S10;03/01/2024;5,914;5,237;R$ / litro;IPIRANGA
SE;SP;CAMPINAS;AUTO POSTO 012 LTDA; 10.000.012/0001-84;RODOVIA BR 116;3599;;CENTRO;51245-317;DIESEL S10;03/01/2024;6,245;;R$ / litro;RAIZEN
SE;SP;CAMPINAS;AUTO POSTO 012 LTDA; 10.000.012/0001-84;RODOVIA BR 116;3599;;CENTRO;51245-317;GASOLINA ADITIVADA;03/01/2024;6,454;;R$ / litro;RAIZEN
SE;SP;CAMPINAS;AUTO POSTO 012 LTDA; 10000012000184 ;RODOVIA BR 116;3599;;CENTRO;51245-317;GNV;03/01/2024;4,346;3,706;R$ / m³;RAIZEN
SE;RJ;RIO DE JANEIRO;AUTO POSTO 013 LTDA;10.000.013/0001-91;RUA DAS FLORES;1020;;CENTRO;83579-651;GNV;03/01/2024;4,676;4,209;R$ / m³;IPIRANGA
SE;RJ;RIO DE JANEIRO;AUTO POSTO 013 LTDA; 10.000.013/0001-91;RUA DAS FLORES;1020;;CENTRO;83579-651;DIESEL S10;03/01/2024;6,230;;R$ / litro;IPIRANGA
SE;RJ;RIO DE JANEIRO;AUTO POSTO 013 LTDA; 10000013000191 ;RUA DAS FLORES;1020;;CENTRO;83579-651;ETANOL;03/01/2024;3,393;2,887;R$ / litro;IPIRANGA
SE;RJ;RIO DE JANEIRO;AUTO POSTO 014 LTDA;10.000.014/0001-98;RUA QUINZE DE NOVEMBRO;1492;;CENTRO;38746-241;GASOLINA;03/01/2024;6,010;;R$ / litro;ALESAT
SE;RJ;RIO DE JANEIRO  ;AUTO POSTO 014 LTDA; 10.000.014/0001-98;RUA QUINZE DE NOVEMBRO;1492;;CENTRO;38746-241;GNV;03/01/2024;4,477;;R$ / m³;ALESAT
SE;RJ;RIO DE JANEIRO;AUTO POSTO 014 LTDA;10.000.014/0001-98;RUA QUINZE DE NOVEMBRO;1492;;CENTRO;38746-241;DIESEL S10;03/01/2024;6,184;;R$ / litro;ALESAT
SE;RJ;RIO DE JANEIRO  ;AUTO POSTO 015 LTDA; 10.000.015/0001-05;RUA DAS FLORES;2580;;CENTRO;30969-911;GASOLINA;03/01/2024;5,805;;R$ / litro;RAIZEN
SE;RJ;RIO DE JANEIRO;AUTO POSTO 015 LTDA; 10.000.015/0001-05;RUA DAS FLORES;2580;;CENTRO;30969-911;DIESEL S10;03/01/2024;6,816;6,240;R$ / litro;RAIZEN
SE;RJ;RIO DE JANEIRO;AUTO POSTO 015 LTDA;10.000.015/0001-05;RUA DAS FLORES;2580;;CENTRO;30969-911;GASOLINA ADITIVADA;03/01/2024;6,184;;R$ / litro;RAIZEN
SE;RJ;RIO DE JANEIRO;AUTO POSTO 016 LTDA;10.000.016/0001-12;RODOVIA BR 116;1927;;CENTRO;79352-357;GASOLINA;03/01/2024;6,068;;R$ / litro;ALESAT
SE;RJ;RIO DE JANEIRO;AUTO POSTO 016 LTDA; 10000016000112 ;RODOVIA BR 116;1927;;CENTRO;79352-357;ETANOL;03/01/2024;3,288;2,979;R$ / litro;ALESAT
SE;MG;BELO HORIZONTE;AUTO POSTO 017 LTDA; 10000017000119 ;AVENIDA PAULISTA;466;;CENTRO;48469-545;GASOLINA;03/01/2024;6,328;;R$ / litro;VIBRA
SE;MG;BELO HORIZONTE;AUTO POSTO 017 LTDA;10.000.017/0001-19;AVENIDA PAULISTA;466;;CENTRO;48469-545;ETANOL;03/01/2024;3,337;;R$ / litro;VIBRA
SE;MG;BELO HORIZONTE;AUTO POSTO 017 LTDA; 10000017000119 ;AVENIDA PAULISTA;466;;CENTRO;48469-545;DIESEL S10;03/01/2024;6,815;5,878;R$ / litro;VIBRA
SE;MG;BELO HORIZONTE;AUTO POSTO 018 LTDA; 10.000.018/0001-26;RUA DAS FLORES;2089;;CENTRO;23947-991;GASOLINA ADITIVADA;03/01/2024;6,217;;R$ / litro;IPIRANGA
SE;MG;BELO HORIZONTE;AUTO POSTO 018 LTDA; 10000018000126 ;RUA DAS FLORES;2089;;CENTRO;23947-991;GASOLINA;03/01/2024;5,715;;R$ / litro;IPIRANGA
SE;MG;BELO HORIZONTE;AUTO POSTO 019 LTDA; 10.000.019/0001-33;AVENIDA PAULISTA;3133;;CENTRO;31174-652;GNV;03/01/2024;4,691;;R$ / m³;ALESAT
SE;MG;BELO HORIZONTE;AUTO POSTO 019 LTDA; 10000019000133 ;AVENIDA PAULISTA;3133;;CENTRO;31174-652;ETANOL;03/01/2024;4,258;;R$ / litro;ALESAT
SE;MG;BELO HORIZONTE;AUTO POSTO 020 LTDA;10.000.020/0001-40;RUA QUINZE DE NOVEMBRO;89;;CENTRO;24662-471;GASOLINA;03/01/2024;5,524;;R$ / litro;IPIRANGA
SE;MG;BELO HORIZONTE;AUTO POSTO 020 LTDA; 10000020000140 ;RUA QUINZE DE NOVEMBRO;89;;CENTRO;24662-471;GASOLINA ADITIVADA;03/01/2024;6,175;;R$ / litro;IPIRANGA
SE;MG;UBERLANDIA;AUTO POSTO 021 LTDA; 10000021000147 ;RODOVIA BR 116;3888;;CENTRO;20322-187;GNV;03/01/2024;4,390;4,015;R$ / m³;RAIZEN
SE;MG;UBERLANDIA;AUTO POSTO 021 LTDA;10.000.021/0001-47;RODOVIA BR 116;3888;;CENTRO;20322-187;GASOLINA ADITIVADA;03/01/2024;6,432;;R$ / litro;RAIZEN
SE;MG;UBERLANDIA;AUTO POSTO 022 LTDA;10.000.022/0001-54;RUA DAS FLORES;2712;;CENTRO;72296-662;GNV;03/01/2024;4,327;;R$ / m³;VIBRA
SE;MG;UBERLANDIA;AUTO POSTO 022 LTDA;10.000.022/0001-54;RUA DAS FLORES;2712;;CENTRO;72296-662;DIESEL S10;03/01/2024;6,462;5,558;R$ / litro;VIBRA
SE;MG;UBERLANDIA;AUTO POSTO 022 LTDA; 10.000.022/0001-54;RUA DAS FLORES;2712;;CENTRO;72296-662;GASOLINA;03/01/2024;5,729;5,262;R$ / litro;VIBRA
SE;MG;UBERLANDIA;AUTO POSTO 023 LTDA;10.000.023/0001-61;RODOVIA BR 116;3103;;CENTRO;36365-830;ETANOL;03/01/2024;4,309;;R$ / litro;IPIRANGA
SE;MG;UBERLANDIA;AUTO POSTO 023 LTDA;10.000.023/0001-61;RODOVIA BR 116;3103;;CENTRO;36365-830;DIESEL S10;03/01/2024;6,401;;R$ / litro;IPIRANGA
SE;MG;UBERLANDIA;AUTO POSTO 023 LTDA; 10.000.023/0001-61;RODOVIA BR 116;3103;;CENTRO;36365-830;GNV;03/01/2024;4,853;4,261;R$ / m³;IPIRANGA
SE;MG;UBERLANDIA;AUTO POSTO 024 LTDA;10.000.024/0001-68;RUA QUINZE DE NOVEMBRO;505;;CENTRO;42493-330;GASOLINA;03/01/2024;5,453;;R$ / litro;BRANCA
SE;MG;UBERLANDIA;AUTO POSTO 024 LTDA;10.000.024/0001-68;RUA QUINZE DE NOVEMBRO;505;;CENTRO;42493-330;GASOLINA ADITIVADA;03/01/2024;5,809;5,375;R$ / litro;BRANCA
SE;MG;UBERLANDIA;AUTO POSTO 024 LTDA;10.000.024/0001-68;RUA QUINZE DE NOVEMBRO;505;;CENTRO;42493-330;ETANOL;03/01/2024;3,650;3,203;R$ / litro;BRANCA
S;RS;PORTO ALEGRE;AUTO POSTO 025 LTDA; 10000025000175 ;RUA DAS FLORES;39;;CENTRO;19305-824;GASOLINA;03/01/2024;6,341;5,350;R$ / litro;BRANCA
S;RS;PORTO ALEGRE;AUTO POSTO 026 LTDA; 10000026000182 ;AVENIDA PAULISTA;300;;CENTRO;77391-343;DIESEL S10;03/01/2024;6,325;;R$ / litro;IPIRANGA
S;RS;PORTO ALEGRE;AUTO POSTO 026 LTDA;10.000.026/0001-82;AVENIDA PAULISTA;300;;CENTRO;77391-343;GASOLINA ADITIVADA;03/01/2024;5,579;;R$ / litro;IPIRANGA
S;RS;PORTO ALEGRE;AUTO POSTO 026 LTDA; 10000026000182 ;AVENIDA PAULISTA;300;;CENTRO;77391-343;ETANOL;03/01/2024;4,087;;R$ / litro;IPIRANGA
S;RS;PORTO ALEGRE  ;AUTO POSTO 027 LTDA; 10.000.027/0001-89;RUA DAS FLORES;2972;;CENTRO;84847-690;DIESEL S10;03/01/2024;6,404;5,447;R$ / litro;RAIZEN
S;RS;PORTO ALEGRE;AUTO POSTO 027 LTDA; 10.000.027/0001-89;RUA DAS FLORES;2972;;CENTRO;84847-690;GNV;03/01/2024;4,394;;R$ / m³;RAIZEN
S;RS;PORTO ALEGRE;AUTO POSTO 028 LTDA;10.000.028/0001-96;RUA DAS FLORES;396;;CENTRO;22704-774;GNV;03/01/2024;4,613;;R$ / m³;RAIZEN
S;RS;PORTO ALEGRE;AUTO POSTO 028 LTDA;10.000.028/0001-96;RUA DAS FLORES;396;;CENTRO;22704-774;GASOLINA ADITIVADA;03/01/2024;6,640;6,008;R$ / litro;RAIZEN
S;RS;CAXIAS DO SUL  ;AUTO POSTO 029 LTDA;10.000.029/0001-03;AVENIDA BRASIL;2768;;CENTRO;22899-162;ETANOL;03/01/2024;4,498;3,939;R$ / litro;RAIZEN
S;RS;CAXIAS DO SUL;AUTO POSTO 029 LTDA;10.000.029/0001-03;AVENIDA BRASIL;2768;;CENTRO;22899-162;GASOLINA;03/01/2024;5,575;;R$ / litro;RAIZEN
S;RS;CAXIAS DO SUL;AUTO POSTO 029 LTDA; 10.000.029/0001-03;AVENIDA BRASIL;2768;;CENTRO;22899-162;DIESEL S10;03/01/2024;6,787;;R$ / litro;RAIZEN
S;RS;CAXIAS DO SUL;AUTO POSTO 030 LTDA; 10.000.030/0001-10;RUA DAS FLORES;789;;CENTRO;80292-559;GASOLINA ADITIVADA;03/01/2024;6,408;5,760;R$ / litro;VIBRA
S;RS;CAXIAS DO SUL;AUTO POSTO 030 LTDA;10.000.030/0001-10;RUA DAS FLORES;789;;CENTRO;80292-559;ETANOL;03/01/2024;3,270;;R$ / litro;VIBRA
S;RS;CAXIAS DO SUL;AUTO POSTO 030 LTDA; 10.000.030/0001-10;RUA DAS FLORES;789;;CENTRO;80292-559;GNV;03/01/2024;4,278;;R$ / m³;VIBRA
S;RS;CAXIAS DO SUL;AUTO POSTO 031 LTDA; 10.000.031/0001-17;RUA DAS FLORES;3591;;CENTRO;19880-553;GASOLINA;03/01/2024;6,116;5,342;R$ / litro;ALESAT
S;RS;CAXIAS DO SUL;AUTO POSTO 031 LTDA;10.000.031/0001-17;RUA DAS FLORES;3591;;CENTRO;19880-553;GNV;03/01/2024;4,898;;R$ / m³;ALESAT
S;RS;CAXIAS DO SUL;AUTO POSTO 032 LTDA; 10000032000124 ;AVENIDA BRASIL;3804;;CENTRO;40982-270;DIESEL S10;03/01/2024;6,720;6,001;R$ / litro;RAIZEN
S;RS;CAXIAS DO SUL;AUTO POSTO 032 LTDA;10.000.032/0001-24;AVENIDA BRASIL;3804;;CENTRO;40982-270;GASOLINA ADITIVADA;03/01/2024;5,857;;R$ / litro;RAIZEN
S;RS;CAXIAS DO SUL;AUTO POSTO 032 LTDA; 10000032000124 ;AVENIDA BRASIL;3804;;CENTRO;40982-270;GNV;03/01/2024;4,644;4,060;R$ / m³;RAIZEN
NE;BA;SALVADOR;AUTO POSTO 033 LTDA; 10.000.033/0001-31;AVENIDA BRASIL;684;;CENTRO;59672-102;DIESEL S10;03/01/2024;5,834;;R$ / litro;RAIZEN
NE;BA;SALVADOR;AUTO POSTO 033 LTDA; 10.000.033/0001-31;AVENIDA BRASIL;684;;CENTRO;59672-102;ETANOL;03/01/2024;4,400;;R$ / litro;RAIZEN
NE;BA;SALVADOR;AUTO POSTO 033 LTDA;10.000.033/0001-31;AVENIDA BRASIL;684;;CENTRO;59672-102;GASOLINA ADITIVADA;03/01/2024;5,925;;R$ / litro;RAIZEN
NE;BA;SALVADOR;AUTO POSTO 034 LTDA;10.000.034/0001-38;RODOVIA BR 116;2721;;CENTRO;73788-258;GASOLINA ADITIVADA;03/01/2024;6,438;;R$ / litro;VIBRA
NE;BA;SALVADOR;AUTO POSTO 034 LTDA; 10.000.034/0001-38;RODOVIA BR 116;2721;;CENTRO;73788-258;GASOLINA;03/01/2024;6,244;;R$ / litro;VIBRA
NE;BA;SALVADOR;AUTO POSTO 034 LTDA; 10.000.034/0001-38;RODOVIA BR 116;2721;;CENTRO;73788-258;ETANOL;03/01/2024;3,411;3,094;R$ / litro;VIBRA
NE;BA;SALVADOR;AUTO POSTO 035 LTDA;10.000.035/0001-45;RODOVIA BR 116;259;;CENTRO;51104-158;DIESEL S10;03/01/2024;6,109;;R$ / litro;BRANCA
NE;BA;SALVADOR;AUTO POSTO 035 LTDA; 10.000.035/0001-45;RODOVIA BR 116;259;;CENTRO;51104-158;GASOLINA ADITIVADA;03/01/2024;5,921;5,302;R$ / litro;BRANCA
NE;BA;SALVADOR;AUTO POSTO 035 LTDA;10.000.035/0001-45;RODOVIA BR 116;259;;CENTRO;51104-158;GASOLINA;03/01/2024;5,437;;R$ / litro;BRANCA
NE;BA;SALVADOR;AUTO POSTO 036 LTDA;10.000.036/0001-52;RODOVIA BR 116;338;;CENTRO;34356-170;GASOLINA ADITIVADA;03/01/2024;6,038;5,077;R$ / litro;ALESAT
NE;BA;FEIRA DE SANTANA;AUTO POSTO 037 LTDA;10.000.037/0001-59;AVENIDA BRASIL;3866;;CENTRO;84668-352;GASOLINA;03/01/2024;5,749;;R$ / litro;ALESAT
NE;BA;FEIRA DE SANTANA;AUTO POSTO 037 LTDA;10.000.037/0001-59;AVENIDA BRASIL;3866;;CENTRO;84668-352;GASOLINA ADITIVADA;03/01/2024;6,034;5,496;R$ / litro;ALESAT
NE;BA;FEIRA DE SANTANA;AUTO POSTO 038 LTDA;10.000.038/0001-66;RODOVIA BR 116;2325;;CENTRO;78522-423;ETANOL;03/01/2024;4,019;3,599;R$ / litro;IPIRANGA
NE;BA;FEIRA DE SANTANA;AUTO POSTO 039 LTDA;10.000.039/0001-73;AVENIDA PAULISTA;1631;;CENTRO;27154-787;ETANOL;03/01/2024;4,437;4,792;R$ / litro;IPIRANGA
NE;BA;FEIRA DE SANTANA;AUTO POSTO 039 LTDA;10.000.039/0001-73;AVENIDA PAULISTA;1631;;CENTRO;27154-787;GASOLINA;03/01/2024;0,000;;R$ / litro;IPIRANGA
NE;BA;FEIRA DE SANTANA;AUTO POSTO 039 LTDA; 10.000.039/0001-73;AVENIDA PAULISTA;1631;;CENTRO;27154-787;DIESEL S10;03/01/2024;6,427;;R$ / litro;IPIRANGA
NE;BA;FEIRA DE SANTANA  ;AUTO POSTO 040 LTDA; 10.000.040/0001-80;RUA QUINZE DE NOVEMBRO;2554;;CENTRO;83792-202;GASOLINA ADITIVADA;03/01/2024;5,918;;R$ / litro;BRANCA
NE;BA;FEIRA DE SANTANA;AUTO POSTO 040 LTDA; 10.000.040/0001-80;RUA QUINZE DE NOVEMBRO;2554;;CENTRO;83792-202;ETANOL;03/01/2024;4,008;3,383;R$ / litro;BRANCA
NE;BA;FEIRA DE SANTANA;AUTO POSTO 040 LTDA;10.000.040/0001-80;RUA QUINZE DE NOVEMBRO;2554;;CENTRO;83792-202;GASOLINA;03/01/2024;5,417;4,703;R$ / litro;BRANCA
N;AM;MANAUS;AUTO POSTO 041 LTDA; 10.000.041/0001-87;AVENIDA PAULISTA;3618;;CENTRO;19016-350;GASOLINA ADITIVADA;03/01/2024;6,584;5,876;R$ / litro;IPIRANGA
N;AM;MANAUS;AUTO POSTO 041 LTDA;10.000.041/0001-87;AVENIDA PAULISTA;3618;;CENTRO;19016-350;DIESEL S10;03/01/2024;6,851;;R$ / litro;IPIRANGA
N;AM;MANAUS;AUTO POSTO 041 LTDA; 10000041000187 ;AVENIDA PAULISTA;3618;;CENTRO;19016-350;ETANOL;03/01/2024;3,901;3,585;R$ / litro;IPIRANGA
N;AM;MANAUS;AUTO POSTO 042 LTDA; 10000042000194 ;AVENIDA PAULISTA;2515;;CENTRO;79329-108;GASOLINA;03/01/2024;5,649;5,038;R$ / litro;ALESAT
N;AM;MANAUS;AUTO POSTO 042 LTDA; 10.000.042/0001-94;AVENIDA PAULISTA;2515;;CENTRO;79329-108;GASOLINA ADITIVADA;03/01/2024;5,804;5,383;R$ / litro;ALESAT
N;AM;MANAUS;AUTO POSTO 042 LTDA; 10000042000194 ;AVENIDA PAULISTA;2515;;CENTRO;79329-108;DIESEL S10;03/01/2024;6,198;5,488;R$ / litro;ALESAT
N;AM;MANAUS;AUTO POSTO 043 LTDA;10.000.043/0001-01;AVENIDA BRASIL;3654;;CENTRO;24029-860;ETANOL;03/01/2024;3,784;;R$ / litro;ALESAT
N;AM;MANAUS;AUTO POSTO 043 LTDA;10.000.043/0001-01;AVENIDA BRASIL;3654;;CENTRO;24029-860;GNV;03/01/2024;5,126;4,725;R$ / m³;ALESAT
N;AM;MANAUS;AUTO POSTO 044 LTDA; 10.000.044/0001-08;RODOVIA BR 116;872;;CENTRO;54942-308;DIESEL S10;03/01/2024;6,675;5,678;R$ / litro;IPIRANGA
N;AM;MANAUS;AUTO POSTO 044 LTDA;10.000.044/0001-08;RODOVIA BR 116;872;;CENTRO;54942-308;ETANOL;03/01/2024;3,949;;R$ / litro;IPIRANGA
N;AM;MANAUS;AUTO POSTO 044 LTDA; 10000044000108 ;RODOVIA BR 116;872;;CENTRO;54942-308;GASOLINA;03/01/2024;5,317;4,592;R$ / litro;IPIRANGA
SE;SP;SAO PAULO;AUTO POSTO 001 LTDA;10.000.001/0001-07;AVENIDA BRASIL;112;;CENTRO;46048-350;GASOLINA;17/01/2024;5,439;4,780;R$ / litro;VIBRA
SE;SP;SAO PAULO;AUTO POSTO 001 LTDA;10.000.001/0001-07;AVENIDA BRASIL;112;;CENTRO;46048-350;GNV;17/01/2024;4,715;;R$ / m³;VIBRA
SE;SP;SAO PAULO;AUTO POSTO 002 LTDA;10.000.002/0001-14;RODOVIA BR 116;1738;;CENTRO;14165-130;GASOLINA ADITIVADA;17/01/2024;5,993;;R$ / litro;BRANCA
SE;SP;SAO PAULO;AUTO POSTO 002 LTDA; 10.000.002/0001-14;RODOVIA BR 116;1738;;CENTRO;14165-130;GASOLINA;17/01/2024;5,951;;R$ / litro;BRANCA
SE;SP;SAO PAULO  ;AUTO POSTO 003 LTDA; 10.000.003/0001-21;RODOVIA BR 116;824;;CENTRO;81426-529;GNV;17/01/2024;4,941;;R$ / m³;VIBRA
SE;SP;SAO PAULO;AUTO POSTO 003 LTDA;10.000.003/0001-21;RODOVIA BR 116;824;;CENTRO;81426-529;ETANOL;17/01/2024;4,141;;R$ / litro;VIBRA
SE;SP;SAO PAULO;AUTO POSTO 003 LTDA;10.000.003/0001-21;RODOVIA BR 116;824;;CENTRO;81426-529;GASOLINA;17/01/2024;6,285;;R$ / litro;VIBRA
SE;SP;SAO PAULO;AUTO POSTO 004 LTDA; 10000004000128 ;RUA DAS FLORES;2869;;CENTRO;65392-448;GASOLINA ADITIVADA;17/01/2024;5,902;5,341;R$ / litro;IPIRANGA
SE;SP;SAO PAULO;AUTO POSTO 004 LTDA;10.000.004/0001-28;RUA DAS FLORES;2869;;CENTRO;65392-448;ETANOL;17/01/2024;3,587;3,195;R$ / litro;IPIRANGA
SE;SP;GUARULHOS;AUTO POSTO 005 LTDA; 10000005000135 ;AVENIDA BRASIL;389;;CENTRO;59797-199;GNV;17/01/2024;4,485;4,073;R$ / m³;IPIRANGA
SE;SP;GUARULHOS  ;AUTO POSTO 005 LTDA; 10.000.005/0001-35;AVENIDA BRASIL;389;;CENTRO;59797-199;ETANOL;17/01/2024;3,329;2,832;R$ / litro;IPIRANGA
SE;SP;GUARULHOS;AUTO POSTO 005 LTDA;10.000.005/0001-35;AVENIDA BRASIL;389;;CENTRO;59797-199;GASOLINA;17/01/2024;5,617;;R$ / litro;IPIRANGA
SE;SP;GUARULHOS;AUTO POSTO 006 LTDA;10.000.006/0001-42;RUA QUINZE DE NOVEMBRO;2206;;CENTRO;26361-487;ETANOL;17/01/2024;4,066;3,491;R$ / litro;BRANCA
SE;SP;GUARULHOS;AUTO POSTO 006 LTDA;10.000.006/0001-42;RUA QUINZE DE NOVEMBRO;2206;;CENTRO;26361-487;GNV;17/01/2024;4,798;4,415;R$ / m³;BRANCA
SE;SP;GUARULHOS;AUTO POSTO 006 LTDA; 10000006000142 ;RUA QUINZE DE NOVEMBRO;2206;;CENTRO;26361-487;DIESEL S10;17/01/2024;6,716;5,764;R$ / litro;BRANCA
SE;SP;GUARULHOS;AUTO POSTO 007 LTDA; 10000007000149 ;RUA DAS FLORES;2895;;CENTRO;19116-146;GASOLINA;17/01/2024;5,873;;R$ / litro;VIBRA
SE;SP;GUARULHOS;AUTO POSTO 007 LTDA;10.000.007/0001-49;RUA DAS FLORES;2895;;CENTRO;19116-146;GASOLINA ADITIVADA;17/01/2024;6,039;;R$ / litro;VIBRA
SE;SP;GUARULHOS;AUTO POSTO 007 LTDA; 10.000.007/0001-49;RUA DAS FLORES;2895;;CENTRO;19116-146;GNV;17/01/2024;4,932;4,300;R$ / m³;VIBRA
SE;SP;GUARULHOS;AUTO POSTO 008 LTDA; 10.000.008/0001-56;RUA QUINZE DE NOVEMBRO;1148;;CENTRO;69429-750;GNV;17/01/2024;4,357;3,838;R$ / m³;IPIRANGA
SE;SP;CAMPINAS;AUTO POSTO 009 LTDA;10.000.009/0001-63;RUA DAS FLORES;2755;;CENTRO;44993-818;GASOLINA ADITIVADA;17/01/2024;6,327;5,841;R$ / litro;BRANCA
SE;SP;CAMPINAS;AUTO POSTO 009 LTDA; 10.000.009/0001-63;RUA DAS FLORES;2755;;CENTRO;44993-818;GNV;17/01/2024;4,390;;R$ / m³;BRANCA
SE;SP;CAMPINAS;AUTO POSTO 009 LTDA;10.000.009/0001-63;RUA DAS FLORES;2755;;CENTRO;44993-818;GASOLINA;17/01/2024;5,571;;R$ / litro;BRANCA
SE;SP;CAMPINAS;AUTO POSTO 010 LTDA;10.000.010/0001-70;RUA QUINZE DE NOVEMBRO;1564;;CENTRO;45382-755;ETANOL;17/01/2024;3,545;3,237;R$ / litro;ALESAT
SE;SP;CAMPINAS;AUTO POSTO 010 LTDA;10.000.010/0001-70;RUA QUINZE DE NOVEMBRO;1564;;CENTRO;45382-755;GASOLINA;17/01/2024;5,998;5,317;R$ / litro;ALESAT
SE;SP;CAMPINAS;AUTO POSTO 011 LTDA; 10000011000177 ;RUA DAS FLORES;3376;;CENTRO;14207-924;ETANOL;17/01/2024;3,287;;R$ / litro;IPIRANGA
SE;SP;CAMPINAS;AUTO POSTO 011 LTDA; 10000011000177 ;RUA DAS FLORES;3376;;CENTRO;14207-924;GASOLINA;17/01/2024;6,057;;R$ / litro;IPIRANGA
SE;SP;CAMPINAS;AUTO POSTO 011 LTDA; 10.000.011/0001-77;RUA DAS FLORES;3376;;CENTRO;14207-924;DIESEL S10;17/01/2024;6,333;;R$ / litro;IPIRANGA
SE;SP;CAMPINAS;AUTO POSTO 012 LTDA;10.000.012/0001-84;RODOVIA BR 116;3599;;CENTRO;51245-317;DIESEL S10;17/01/2024;6,763;;R$ / litro;RAIZEN
SE;SP;CAMPINAS;AUTO POSTO 012 LTDA; 10.000.012/0001-84;RODOVIA BR 116;3599;;CENTRO;51245-317;GASOLINA ADITIVADA;17/01/2024;6,148;5,285;R$ / litro;RAIZEN
SE;SP;CAMPINAS;AUTO POSTO 012 LTDA; 10.000.012/0001-84;RODOVIA BR 116;3599;;CENTRO;51245-317;GNV;17/01/2024;4,620;;R$ / m³;RAIZEN
SE;RJ;RIO DE JANEIRO;AUTO POSTO 013 LTDA;10.000.013/0001-91;RUA DAS FLORES;1020;;CENTRO;83579-651;GNV;17/01/2024;4,665;3,966;R$ / m³;IPIRANGA
SE;RJ;RIO DE JANEIRO;AUTO POSTO 013 LTDA; 10000013000191 ;RUA DAS FLORES;1020;;CENTRO;83579-651;DIESEL S10;17/01/2024;6,724;;R$ / litro;IPIRANGA
SE;RJ;RIO DE JANEIRO;AUTO POSTO 013 LTDA;10.000.013/0001-91;RUA DAS FLORES;1020;;CENTRO;83579-651;ETANOL;17/01/2024;3,578;;R$ / litro;IPIRANGA
SE;RJ;RIO DE JANEIRO;AUTO POSTO 014 LTDA;10.000.014/0001-98;RUA QUINZE DE NOVEMBRO;1492;;CENTRO;38746-241;GASOLINA;17/01/2024;5,918;5,331;R$ / litro;ALESAT
SE;RJ;RIO DE JANEIRO;AUTO POSTO 014 LTDA; 10000014000198 ;RUA QUINZE DE NOVEMBRO;1492;;CENTRO;38746-241;GNV;17/01/2024;4,599;;R$ / m³;ALESAT
SE;RJ;RIO DE JANEIRO;AUTO POSTO 014 LTDA; 10.000.014/0001-98;RUA QUINZE DE NOVEMBRO;1492;;CENTRO;38746-241;DIESEL S10;17/01/2024;6,500;5,722;R$ / litro;ALESAT
SE;RJ;RIO DE JANEIRO;AUTO POSTO 015 LTDA;10.000.015/0001-05;RUA DAS FLORES;2580;;CENTRO;30969-911;GASOLINA;17/01/2024;6,158;5,709;R$ / litro;RAIZEN
SE;RJ;RIO DE JANEIRO;AUTO POSTO 015 LTDA;10.000.015/0001-05;RUA DAS FLORES;2580;;CENTRO;30969-911;DIESEL S10;17/01/2024;6,845;5,983;R$ / litro;RAIZEN
SE;RJ;RIO DE JANEIRO;AUTO POSTO 015 LTDA; 10.000.015/0001-05;RUA DAS FLORES;2580;;CENTRO;30969-911;GASOLINA ADITIVADA;17/01/2024;6,394;;R$ / litro;RAIZEN
SE;RJ;RIO DE JANEIRO;AUTO POSTO 016 LTDA; 10.000.016/0001-12;RODOVIA BR 116;1927;;CENTRO;79352-357;GASOLINA;17/01/2024;5,889;;R$ / litro;ALESAT
SE;RJ;RIO DE JANEIRO;AUTO POSTO 016 LTDA;10.000.016/0001-12;RODOVIA BR 116;1927;;CENTRO;79352-357;ETANOL;17/01/2024;3,577;3,125;R$ / litro;ALESAT
SE;MG;BELO HORIZONTE;AUTO POSTO 017 LTDA;10.000.017/0001-19;AVENIDA PAULISTA;466;;CENTRO;48469-545;GASOLINA;17/01/2024;6,334;5,332;R$ / litro;VIBRA
SE;MG;BELO HORIZONTE;AUTO POSTO 017 LTDA; 10000017000119 ;AVENIDA PAULISTA;466;;CENTRO;48469-545;ETANOL;17/01/2024;4,229;3,660;R$ / litro;VIBRA
SE;MG;BELO HORIZONTE;AUTO POSTO 018 LTDA;10.000.018/0001-26;RUA DAS FLORES;2089;;CENTRO;23947-991;GNV;17/01/2024;4,472;4,072;R$ / m³;IPIRANGA
SE;MG;BELO HORIZONTE;AUTO POSTO 018 LTDA; 10.000.018/0001-26;RUA DAS FLORES;2089;;CENTRO;23947-991;GASOLINA ADITIVADA;17/01/2024;6,498;5,753;R$ / litro;IPIRANGA
SE;MG;BELO HORIZONTE;AUTO POSTO 018 LTDA;10.000.018/0001-26;RUA DAS FLORES;2089;;CENTRO;23947-991;GASOLINA;17/01/2024;5,316;;R$ / litro;IPIRANGA
SE;MG;BELO HORIZONTE;AUTO POSTO 019 LTDA; 10000019000133 ;AVENIDA PAULISTA;3133;;CENTRO;31174-652;GNV;17/01/2024;4,394;;R$ / m³;ALESAT
SE;MG;BELO HORIZONTE;AUTO POSTO 019 LTDA;10.000.019/0001-33;AVENIDA PAULISTA;3133;;CENTRO;31174-652;ETANOL;17/01/2024;3,593;;R$ / litro;ALESAT
SE;MG;BELO HORIZONTE;AUTO POSTO 020 LTDA; 10000020000140 ;RUA QUINZE DE NOVEMBRO;89;;CENTRO;24662-471;GASOLINA ADITIVADA;17/01/2024;5,870;5,442;R$ / litro;IPIRANGA
SE;MG;UBERLANDIA;AUTO POSTO 021 LTDA;10.000.021/0001-47;RODOVIA BR 116;3888;;CENTRO;20322-187;GNV;17/01/2024;4,582;;R$ / m³;RAIZEN
SE;MG;UBERLANDIA;AUTO POSTO 021 LTDA;10.000.021/0001-47;RODOVIA BR 116;3888;;CENTRO;20322-187;GASOLINA ADITIVADA;17/01/2024;6,047;;R$ / litro;RAIZEN
SE;MG;UBERLANDIA;AUTO POSTO 022 LTDA; 10000022000154 ;RUA DAS FLORES;2712;;CENTRO;72296-662;DIESEL S10;17/01/2024;6,419;;R$ / litro;VIBRA
SE;MG;UBERLANDIA;AUTO POSTO 022 LTDA;10.000.022/0001-54;RUA DAS FLORES;2712;;CENTRO;72296-662;GASOLINA;17/01/2024;5,405;4,961;R$ / litro;VIBRA
SE;MG;UBERLANDIA;AUTO POSTO 023 LTDA;10.000.023/0001-61;RODOVIA BR 116;3103;;CENTRO;36365-830;ETANOL;17/01/2024;3,724;;R$ / litro;IPIRANGA
SE;MG;UBERLANDIA;AUTO POSTO 023 LTDA;10.000.023/0001-61;RODOVIA BR 116;3103;;CENTRO;36365-830;DIESEL S10;17/01/2024;5,865;;R$ / litro;IPIRANGA
SE;MG;UBERLANDIA;AUTO POSTO 023 LTDA;10.000.023/0001-61;RODOVIA BR 116;3103;;CENTRO;36365-830;GNV;17/01/2024;4,237;;R$ / m³;IPIRANGA
SE;MG;UBERLANDIA;AUTO POSTO 024 LTDA; 10.000.024/0001-68;RUA QUINZE DE NOVEMBRO;505;;CENTRO;42493-330;GASOLINA;17/01/2024;6,059;;R$ / litro;BRANCA
SE;MG;UBERLANDIA;AUTO POSTO 024 LTDA; 10.000.024/0001-68;RUA QUINZE DE NOVEMBRO;505;;CENTRO;42493-330;GASOLINA ADITIVADA;17/01/2024;6,605;5,822;R$ / litro;BRANCA
SE;MG;UBERLANDIA;AUTO POSTO 024 LTDA;10.000.024/0001-68;RUA QUINZE DE NOVEMBRO;505;;CENTRO;42493-330;ETANOL;17/01/2024;4,398;;R$ / litro;BRANCA
S;RS;PORTO ALEGRE;AUTO POSTO 025 LTDA;10.000.025/0001-75;RUA DAS FLORES;39;;CENTRO;19305-824;GNV;17/01/2024;0,000;;R$ / m³;BRANCA
S;RS;PORTO ALEGRE;AUTO POSTO 026 LTDA; 10000026000182 ;AVENIDA PAULISTA;300;;CENTRO;77391-343;DIESEL S10;17/01/2024;5,954;;R$ / litro;IPIRANGA
S;RS;PORTO ALEGRE;AUTO POSTO 026 LTDA; 10.000.026/0001-82;AVENIDA PAULISTA;300;;CENTRO;77391-343;GASOLINA ADITIVADA;17/01/2024;-1,000;;R$ / litro;IPIRANGA
S;RS;PORTO ALEGRE;AUTO POSTO 026 LTDA;10.000.026/0001-82;AVENIDA PAULISTA;300;;CENTRO;77391-343;ETANOL;17/01/2024;3,577;;R$ / litro;IPIRANGA
S;RS;PORTO ALEGRE;AUTO POSTO 027 LTDA; 10.000.027/0001-89;RUA DAS FLORES;2972;;CENTRO;84847-690;DIESEL S10;17/01/2024;6,371;5,617;R$ / litro;RAIZEN
S;RS;PORTO ALEGRE;AUTO POSTO 027 LTDA;10.000.027/0001-89;RUA DAS FLORES;2972;;CENTRO;84847-690;GNV;17/01/2024;4,364;;R$ / m³;RAIZEN
S;RS;PORTO ALEGRE;AUTO POSTO 028 LTDA;10.000.028/0001-96;RUA DAS FLORES;396;;CENTRO;22704-774;DIESEL S10;17/01/2024;5,965;5,535;R$ / litro;RAIZEN
S;RS;PORTO ALEGRE;AUTO POSTO 028 LTDA;10.000.028/0001-96;RUA DAS FLORES;396;;CENTRO;22704-774;GNV;17/01/2024;4,738;4,006;R$ / m³;RAIZEN
S;RS;PORTO ALEGRE;AUTO POSTO 028 LTDA; 10.000.028/0001-96;RUA DAS FLORES;396;;CENTRO;22704-774;GASOLINA ADITIVADA;17/01/2024;6,250;;R$ / litro;RAIZEN
S;RS;CAXIAS DO SUL;AUTO POSTO 029 LTDA; 10.000.029/0001-03;AVENIDA BRASIL;2768;;CENTRO;22899-162;ETANOL;17/01/2024;0,000;3,549;R$ / litro;RAIZEN
S;RS;CAXIAS DO SUL;AUTO POSTO 029 LTDA;10.000.029/0001-03;AVENIDA BRASIL;2768;;CENTRO;22899-162;GASOLINA;17/01/2024;5,385;4,878;R$ / litro;RAIZEN
S;RS;CAXIAS DO SUL;AUTO POSTO 029 LTDA;10.000.029/0001-03;AVENIDA BRASIL;2768;;CENTRO;22899-162;DIESEL S10;17/01/2024;5,939;;R$ / litro;RAIZEN
S;RS;CAXIAS DO SUL;AUTO POSTO 030 LTDA; 10.000.030/0001-10;RUA DAS FLORES;789;;CENTRO;80292-559;GASOLINA ADITIVADA;17/01/2024;6,613;;R$ / litro;VIBRA
S;RS;CAXIAS DO SUL;AUTO POSTO 030 LTDA;10.000.030/0001-10;RUA DAS FLORES;789;;CENTRO;80292-559;ETANOL;17/01/2024;3,419;;R$ / litro;VIBRA
S;RS;caxias do sul;AUTO POSTO 030 LTDA;10.000.030/0001-10;RUA DAS FLORES;789;;CENTRO;80292-559;GNV;17/01/2024;4,523;;R$ / m³;VIBRA
S;RS;CAXIAS DO SUL;AUTO POSTO 031 LTDA; 10000031000117 ;RUA DAS FLORES;3591;;CENTRO;19880-553;GNV;17/01/2024;4,527;;R$ / m³;ALESAT
S;RS;CAXIAS DO SUL;AUTO POSTO 032 LTDA; 10000032000124 ;AVENIDA BRASIL;3804;;CENTRO;40982-270;DIESEL S10;17/01/2024;6,651;;R$ / litro;RAIZEN
S;RS;CAXIAS DO SUL;AUTO POSTO 032 LTDA; 10.000.032/0001-24;AVENIDA BRASIL;3804;;CENTRO;40982-270;GASOLINA ADITIVADA;17/01/2024;6,134;;R$ / litro;RAIZEN
S;RS;CAXIAS DO SUL;AUTO POSTO 032 LTDA; 10.000.032/0001-24;AVENIDA BRASIL;3804;;CENTRO;40982-270;GNV;17/01/2024;4,911;;R$ / m³;RAIZEN
NE;BA;SALVADOR;AUTO POSTO 033 LTDA; 10.000.033/0001-31;AVENIDA BRASIL;684;;CENTRO;59672-102;DIESEL S10;17/01/2024;6,554;;R$ / litro;RAIZEN
NE;BA;SALVADOR;AUTO POSTO 033 LTDA;10.000.033/0001-31;AVENIDA BRASIL;684;;CENTRO;59672-102;ETANOL;17/01/2024;4,326;;R$ / litro;RAIZEN
NE;BA;SALVADOR;AUTO POSTO 033 LTDA; 10000033000131 ;AVENIDA BRASIL;684;;CENTRO;59672-102;GASOLINA ADITIVADA;17/01/2024;5,785;;R$ / litro;RAIZEN
NE;BA;SALVADOR;AUTO POSTO 034 LTDA; 10000034000138 ;RODOVIA BR 116;2721;;CENTRO;73788-258;GASOLINA ADITIVADA;17/01/2024;5,962;;R$ / litro;VIBRA
NE;BA;SALVADOR;AUTO POSTO 034 LTDA; 10.000.034/0001-38;RODOVIA BR 116;2721;;CENTRO;73788-258;GASOLINA;17/01/2024;5,879;5,103;R$ / litro;VIBRA
NE;BA;SALVADOR;AUTO POSTO 035 LTDA;10.000.035/0001-45;RODOVIA BR 116;259;;CENTRO;51104-158;DIESEL S10;17/01/2024;6,467;5,592;R$ / litro;BRANCA
NE;BA;SALVADOR  ;AUTO POSTO 035 LTDA;10.000.035/0001-45;RODOVIA BR 116;259;;CENTRO;51104-158;GASOLINA ADITIVADA;17/01/2024;6,500;;R$ / litro;BRANCA
NE;BA;SALVADOR;AUTO POSTO 035 LTDA; 10000035000145 ;RODOVIA BR 116;259;;CENTRO;51104-158;GASOLINA;17/01/2024;5,491;;R$ / litro;BRANCA
NE;BA;SALVADOR;AUTO POSTO 036 LTDA;10.000.036/0001-52;RODOVIA BR 116;338;;CENTRO;34356-170;GASOLINA ADITIVADA;17/01/2024;5,592;5,147;R$ / litro;ALESAT
NE;BA;SALVADOR;AUTO POSTO 036 LTDA;10.000.036/0001-52;RODOVIA BR 116;338;;CENTRO;34356-170;DIESEL S10;17/01/2024;5,891;;R$ / litro;ALESAT
NE;BA;FEIRA DE SANTANA;AUTO POSTO 037 LTDA;10.000.037/0001-59;AVENIDA BRASIL;3866;;CENTRO;84668-352;GASOLINA;17/01/2024;5,646;;R$ / litro;ALESAT
NE;BA;FEIRA DE SANTANA;AUTO POSTO 037 LTDA;10.000.037/0001-59;AVENIDA BRASIL;3866;;CENTRO;84668-352;GNV;17/01/2024;4,533;;R$ / m³;ALESAT
NE;BA;FEIRA DE SANTANA;AUTO POSTO 037 LTDA;10.000.037/0001-59;AVENIDA BRASIL;3866;;CENTRO;84668-352;GASOLINA ADITIVADA;17/01/2024;6,546;;R$ / litro;ALESAT
NE;BA;FEIRA DE SANTANA;AUTO POSTO 038 LTDA; 10000038000166 ;RODOVIA BR 116;2325;;CENTRO;78522-423;ETANOL;17/01/2024;3,741;;R$ / litro;IPIRANGA
NE;BA;FEIRA DE SANTANA;AUTO POSTO 039 LTDA;10.000.039/0001-73;AVENIDA PAULISTA;1631;;CENTRO;27154-787;ETANOL;17/01/2024;4,148;3,650;R$ / litro;IPIRANGA
NE;BA;FEIRA DE SANTANA;AUTO POSTO 039 LTDA; 10000039000173 ;AVENIDA PAULISTA;1631;;CENTRO;27154-787;GASOLINA;17/01/2024;5,490;;R$ / litro;IPIRANGA
NE;BA;FEIRA DE SANTANA;AUTO POSTO 039 LTDA;10.000.039/0001-73;AVENIDA PAULISTA;1631;;CENTRO;27154-787;DIESEL S10;17/01/2024;-1,000;;R$ / litro;IPIRANGA
NE;BA;feira de santana;AUTO POSTO 040 LTDA;10.000.040/0001-80;RUA QUINZE DE NOVEMBRO;2554;;CENTRO;83792-202;GASOLINA ADITIVADA;17/01/2024;6,393;;R$ / litro;BRANCA
NE;BA;FEIRA DE SANTANA;AUTO POSTO 040 LTDA;10.000.040/0001-80;RUA QUINZE DE NOVEMBRO;2554;;CENTRO;83792-202;ETANOL;17/01/2024;4,340;;R$ / litro;BRANCA
NE;BA;FEIRA DE SANTANA;AUTO POSTO 040 LTDA;10.000.040/0001-80;RUA QUINZE DE NOVEMBRO;2554;;CENTRO;83792-202;GASOLINA;17/01/2024;6,122;;R$ / litro;BRANCA
N;AM;MANAUS;AUTO POSTO 041 LTDA; 10.000.041/0001-87;AVENIDA PAULISTA;3618;;CENTRO;19016-350;GASOLINA ADITIVADA;17/01/2024;5,746;4,990;R$ / litro;IPIRANGA
N;AM;MANAUS;AUTO POSTO 041 LTDA;10.000.041/0001-87;AVENIDA PAULISTA;3618;;CENTRO;19016-350;DIESEL S10;17/01/2024;5,995;5,412;R$ / litro;IPIRANGA
N;AM;MANAUS;AUTO POSTO 041 LTDA; 10.000.041/0001-87;AVENIDA PAULISTA;3618;;CENTRO;19016-350;ETANOL;17/01/2024;3,654;;R$ / litro;IPIRANGA
N;AM;MANAUS;AUTO POSTO 042 LTDA;10.000.042/0001-94;AVENIDA PAULISTA;2515;;CENTRO;79329-108;GASOLINA;17/01/2024;5,340;;R$ / litro;ALESAT
N;AM;MANAUS;AUTO POSTO 042 LTDA;10.000.042/0001-94;AVENIDA PAULISTA;2515;;CENTRO;79329-108;GASOLINA ADITIVADA;17/01/2024;6,643;;R$ / litro;ALESAT
N;AM;MANAUS;AUTO POSTO 042 LTDA; 10.000.042/0001-94;AVENIDA PAULISTA;2515;;CENTRO;79329-108;DIESEL S10;17/01/2024;6,028;;R$ / litro;ALESAT
N;AM;MANAUS;AUTO POSTO 043 LTDA; 10.000.043/0001-01;AVENIDA BRASIL;3654;;CENTRO;24029-860;ETANOL;17/01/2024;3,318;;R$ / litro;ALESAT
N;AM;MANAUS;AUTO POSTO 043 LTDA;10.000.043/0001-01;AVENIDA BRASIL;3654;;CENTRO;24029-860;GNV;17/01/2024;5,122;;R$ / m³;ALESAT
N;AM;MANAUS;AUTO POSTO 044 LTDA; 10000044000108 ;RODOVIA BR 116;872;;CENTRO;54942-308;DIESEL S10;17/01/2024;6,446;5,634;R$ / litro;IPIRANGA
N;AM;MANAUS;AUTO POSTO 044 LTDA;10.000.044/0001-08;RODOVIA BR 116;872;;CENTRO;54942-308;ETANOL;17/01/2024;3,406;3,678;R$ / litro;IPIRANGA
N;AM;MANAUS;AUTO POSTO 044 LTDA;10.000.044/0001-08;RODOVIA BR 116;872;;CENTRO;54942-308;GASOLINA;17/01/2024;6,304;5,560;R$ / litro;IPIRANGA
SE;SP;SAO PAULO;AUTO POSTO 001 LTDA; 10.000.001/0001-07;AVENIDA BRASIL;112;;CENTRO;46048-350;GASOLINA;31/01/2024;5,821;6,287;R$ / litro;VIBRA
SE;SP;SAO PAULO;AUTO POSTO 001 LTDA; 10000001000107 ;AVENIDA BRASIL;112;;CENTRO;46048-350;GNV;31/01/2024;4,500;;R$ / m³;VIBRA
SE;SP;SAO PAULO;AUTO POSTO 002 LTDA;10.000.002/0001-14;RODOVIA BR 116;1738;;CENTRO;14165-130;GASOLINA ADITIVADA;31/01/2024;6,013;;R$ / litro;BRANCA
SE;SP;SAO PAULO;AUTO POSTO 002 LTDA;10.000.002/0001-14;RODOVIA BR 116;1738;;CENTRO;14165-130;GASOLINA;31/01/2024;5,480;4,751;R$ / litro;BRANCA
SE;SP;SAO PAULO;AUTO POSTO 003 LTDA;10.000.003/0001-21;RODOVIA BR 116;824;;CENTRO;81426-529;GNV;31/01/2024;5,151;;R$ / m³;VIBRA
SE;SP;SAO PAULO;AUTO POSTO 003 LTDA;10.000.003/0001-21;RODOVIA BR 116;824;;CENTRO;81426-529;ETANOL;31/01/2024;4,461;4,055;R$ / litro;VIBRA
SE;SP;SAO PAULO;AUTO POSTO 003 LTDA;10.000.003/0001-21;RODOVIA BR 116;824;;CENTRO;81426-529;GASOLINA;31/01/2024;5,807;;R$ / litro;VIBRA
SE;SP;SAO PAULO;AUTO POSTO 004 LTDA; 10.000.004/0001-28;RUA DAS FLORES;2869;;CENTRO;65392-448;GASOLINA ADITIVADA;31/01/2024;5,638;4,839;R$ / litro;IPIRANGA
SE;SP;GUARULHOS;AUTO POSTO 005 LTDA; 10.000.005/0001-35;AVENIDA BRASIL;389;;CENTRO;59797-199;GNV;31/01/2024;4,205;3,570;R$ / m³;IPIRANGA
SE;SP;GUARULHOS;AUTO POSTO 005 LTDA;10.000.005/0001-35;AVENIDA BRASIL;389;;CENTRO;59797-199;ETANOL;31/01/2024;4,387;;R$ / litro;IPIRANGA
SE;SP;GUARULHOS;AUTO POSTO 005 LTDA;10.000.005/0001-35;AVENIDA BRASIL;389;;CENTRO;59797-199;GASOLINA;31/01/2024;5,726;5,292;R$ / litro;IPIRANGA
SE;SP;GUARULHOS;AUTO POSTO 006 LTDA; 10.000.006/0001-42;RUA QUINZE DE NOVEMBRO;2206;;CENTRO;26361-487;ETANOL;31/01/2024;4,266;;R$ / litro;BRANCA
SE;SP;GUARULHOS;AUTO POSTO 006 LTDA;10.000.006/0001-42;RUA QUINZE DE NOVEMBRO;2206;;CENTRO;26361-487;GNV;31/01/2024;4,547;;R$ / m³;BRANCA
SE;SP;GUARULHOS;AUTO POSTO 006 LTDA;10.000.006/0001-42;RUA QUINZE DE NOVEMBRO;2206;;CENTRO;26361-487;DIESEL S10;31/01/2024;6,472;6,990;R$ / litro;BRANCA
SE;SP;GUARULHOS;AUTO POSTO 007 LTDA;10.000.007/0001-49;RUA DAS FLORES;2895;;CENTRO;19116-146;GASOLINA;31/01/2024;5,850;5,073;R$ / litro;VIBRA
SE;SP;GUARULHOS;AUTO POSTO 007 LTDA;10.000.007/0001-49;RUA DAS FLORES;2895;;CENTRO;19116-146;GNV;31/01/2024;4,485;4,099;R$ / m³;VIBRA
SE;SP;GUARULHOS;AUTO POSTO 008 LTDA;10.000.008/0001-56;RUA QUINZE DE NOVEMBRO;1148;;CENTRO;69429-750;GNV;31/01/2024;4,598;;R$ / m³;IPIRANGA
SE;SP;CAMPINAS;AUTO POSTO 009 LTDA; 10.000.009/0001-63;RUA DAS FLORES;2755;;CENTRO;44993-818;GASOLINA ADITIVADA;31/01/2024;6,305;5,786;R$ / litro;BRANCA
SE;SP;CAMPINAS  ;AUTO POSTO 009 LTDA; 10.000.009/0001-63;RUA DAS FLORES;2755;;CENTRO;44993-818;GNV;31/01/2024;4,212;;R$ / m³;BRANCA
SE;SP;CAMPINAS;AUTO POSTO 009 LTDA;10.000.009/0001-63;RUA DAS FLORES;2755;;CENTRO;44993-818;GASOLINA;31/01/2024;5,633;5,053;R$ / litro;BRANCA
SE;SP;CAMPINAS;AUTO POSTO 010 LTDA; 10000010000170 ;RUA QUINZE DE NOVEMBRO;1564;;CENTRO;45382-755;ETANOL;31/01/2024;3,853;;R$ / litro;ALESAT
SE;SP;CAMPINAS;AUTO POSTO 010 LTDA; 10.000.010/0001-70;RUA QUINZE DE NOVEMBRO;1564;;CENTRO;45382-755;GASOLINA;31/01/2024;5,423;4,762;R$ / litro;ALESAT
SE;SP;CAMPINAS;AUTO POSTO 011 LTDA;10.000.011/0001-77;RUA DAS FLORES;3376;;CENTRO;14207-924;ETANOL;31/01/2024;3,396;3,138;R$ / litro;IPIRANGA
SE;SP;CAMPINAS;AUTO POSTO 011 LTDA; 10000011000177 ;RUA DAS FLORES;3376;;CENTRO;14207-924;GASOLINA;31/01/2024;5,778;;R$ / litro;IPIRANGA
SE;SP;CAMPINAS;AUTO POSTO 012 LTDA;10.000.012/0001-84;RODOVIA BR 116;3599;;CENTRO;51245-317;DIESEL S10;31/01/2024;6,778;;R$ / litro;RAIZEN
SE;SP;CAMPINAS;AUTO POSTO 012 LTDA; 10.000.012/0001-84;RODOVIA BR 116;3599;;CENTRO;51245-317;GASOLINA ADITIVADA;31/01/2024;6,394;5,525;R$ / litro;RAIZEN
SE;SP;CAMPINAS;AUTO POSTO 012 LTDA; 10000012000184 ;RODOVIA BR 116;3599;;CENTRO;51245-317;GNV;31/01/2024;4,525;;R$ / m³;RAIZEN
SE;RJ;RIO DE JANEIRO;AUTO POSTO 013 LTDA;10.000.013/0001-91;RUA DAS FLORES;1020;;CENTRO;83579-651;GNV;31/01/2024;4,731;4,049;R$ / m³;IPIRANGA
SE;RJ;RIO DE JANEIRO;AUTO POSTO 013 LTDA;10.000.013/0001-91;RUA DAS FLORES;1020;;CENTRO;83579-651;DIESEL S10;31/01/2024;6,496;;R$ / litro;IPIRANGA
SE;RJ;RIO DE JANEIRO;AUTO POSTO 013 LTDA;10.000.013/0001-91;RUA DAS FLORES;1020;;CENTRO;83579-651;ETANOL;31/01/2024;4,394;;R$ / litro;IPIRANGA
SE;RJ;RIO DE JANEIRO;AUTO POSTO 014 LTDA; 10000014000198 ;RUA QUINZE DE NOVEMBRO;1492;;CENTRO;38746-241;GASOLINA;31/01/2024;5,345;4,508;R$ / litro;ALESAT
SE;RJ;RIO DE JANEIRO;AUTO POSTO 014 LTDA;10.000.014/0001-98;RUA QUINZE DE NOVEMBRO;1492;;CENTRO;38746-241;GNV;31/01/2024;4,582;;R$ / m³;ALESAT
SE;RJ;RIO DE JANEIRO;AUTO POSTO 015 LTDA; 10000015000105 ;RUA DAS FLORES;2580;;CENTRO;30969-911;GASOLINA;31/01/2024;5,741;5,208;R$ / litro;RAIZEN
SE;RJ;RIO DE JANEIRO;AUTO POSTO 015 LTDA;10.000.015/0001-05;RUA DAS FLORES;2580;;CENTRO;30969-911;DIESEL S10;31/01/2024;6,721;;R$ / litro;RAIZEN
SE;RJ;RIO DE JANEIRO;AUTO POSTO 015 LTDA; 10.000.015/0001-05;RUA DAS FLORES;2580;;CENTRO;30969-911;GASOLINA ADITIVADA;31/01/2024;6,644;;R$ / litro;RAIZEN
SE;RJ;RIO DE JANEIRO;AUTO POSTO 016 LTDA;10.000.016/0001-12;RODOVIA BR 116;1927;;CENTRO;79352-357;GASOLINA;31/01/2024;5,712;;R$ / litro;ALESAT
SE;RJ;RIO DE JANEIRO;AUTO POSTO 016 LTDA;10.000.016/0001-12;RODOVIA BR 116;1927;;CENTRO;79352-357;ETANOL;31/01/2024;3,560;;R$ / litro;ALESAT
SE;MG;BELO HORIZONTE;AUTO POSTO 017 LTDA; 10.000.017/0001-19;AVENIDA PAULISTA;466;;CENTRO;48469-545;GASOLINA;31/01/2024;5,600;;R$ / litro;VIBRA
SE;MG;BELO HORIZONTE;AUTO POSTO 017 LTDA; 10.000.017/0001-19;AVENIDA PAULISTA;466;;CENTRO;48469-545;DIESEL S10;31/01/2024;6,309;;R$ / litro;VIBRA
SE;MG;BELO HORIZONTE;AUTO POSTO 018 LTDA;10.000.018/0001-26;RUA DAS FLORES;2089;;CENTRO;23947-991;GNV;31/01/2024;4,218;3,567;R$ / m³;IPIRANGA
SE;MG;BELO HORIZONTE;AUTO POSTO 018 LTDA; 10000018000126 ;RUA DAS FLORES;2089;;CENTRO;23947-991;GASOLINA ADITIVADA;31/01/2024;6,197;;R$ / litro;IPIRANGA
SE;MG;BELO HORIZONTE;AUTO POSTO 018 LTDA;10.000.018/0001-26;RUA DAS FLORES;2089;;CENTRO;23947-991;GASOLINA;31/01/2024;5,677;5,189;R$ / litro;IPIRANGA
SE;MG;BELO HORIZONTE;AUTO POSTO 019 LTDA; 10000019000133 ;AVENIDA PAULISTA;3133;;CENTRO;31174-652;GNV;31/01/2024;4,411;;R$ / m³;ALESAT
SE;MG;BELO HORIZONTE;AUTO POSTO 019 LTDA;10.000.019/0001-33;AVENIDA PAULISTA;3133;;CENTRO;31174-652;ETANOL;31/01/2024;4,059;;R$ / litro;ALESAT
SE;MG;BELO HORIZONTE;AUTO POSTO 020 LTDA;10.000.020/0001-40;RUA QUINZE DE NOVEMBRO;89;;CENTRO;24662-471;GASOLINA ADITIVADA;31/01/2024;5,778;;R$ / litro;IPIRANGA
SE;MG;UBERLANDIA;AUTO POSTO 021 LTDA; 10.000.021/0001-47;RODOVIA BR 116;3888;;CENTRO;20322-187;GNV;31/01/2024;4,651;;R$ / m³;RAIZEN
SE;MG;UBERLANDIA;AUTO POSTO 021 LTDA; 10.000.021/0001-47;RODOVIA BR 116;3888;;CENTRO;20322-187;GASOLINA ADITIVADA;31/01/2024;6,171;;R$ / litro;RAIZEN
SE;MG;UBERLANDIA;AUTO POSTO 022 LTDA; 10.000.022/0001-54;RUA DAS FLORES;2712;;CENTRO;72296-662;GNV;31/01/2024;4,756;;R$ / m³;VIBRA
SE;MG;UBERLANDIA;AUTO POSTO 022 LTDA;10.000.022/0001-54;RUA DAS FLORES;2712;;CENTRO;72296-662;DIESEL S10;31/01/2024;6,216;;R$ / litro;VIBRA
SE;MG;UBERLANDIA;AUTO POSTO 022 LTDA;10.000.022/0001-54;RUA DAS FLORES;2712;;CENTRO;72296-662;GASOLINA;31/01/2024;6,391;;R$ / litro;VIBRA
SE;MG;UBERLANDIA;AUTO POSTO 023 LTDA; 10000023000161 ;RODOVIA BR 116;3103;;CENTRO;36365-830;ETANOL;31/01/2024;3,915;3,365;R$ / litro;IPIRANGA
SE;MG;UBERLANDIA;AUTO POSTO 023 LTDA; 10.000.023/0001-61;RODOVIA BR 116;3103;;CENTRO;36365-830;DIESEL S10;31/01/2024;6,493;;R$ / litro;IPIRANGA
SE;MG;UBERLANDIA;AUTO POSTO 023 LTDA; 10.000.023/0001-61;RODOVIA BR 116;3103;;CENTRO;36365-830;GNV;31/01/2024;4,702;;R$ / m³;IPIRANGA
SE;MG;UBERLANDIA;AUTO POSTO 024 LTDA; 10000024000168 ;RUA QUINZE DE NOVEMBRO;505;;CENTRO;42493-330;GASOLINA;31/01/2024;5,615;;R$ / litro;BRANCA
SE;MG;UBERLANDIA;AUTO POSTO 024 LTDA; 10000024000168 ;RUA QUINZE DE NOVEMBRO;505;;CENTRO;42493-330;GASOLINA ADITIVADA;31/01/2024;5,867;;R$ / litro;BRANCA
SE;MG;UBERLANDIA;AUTO POSTO 024 LTDA;10.000.024/0001-68;RUA QUINZE DE NOVEMBRO;505;;CENTRO;42493-330;ETANOL;31/01/2024;4,088;3,647;R$ / litro;BRANCA
S;RS;PORTO ALEGRE;AUTO POSTO 025 LTDA;10.000.025/0001-75;RUA DAS FLORES;39;;CENTRO;19305-824;GASOLINA;31/01/2024;6,000;;R$ / litro;BRANCA
S;RS;PORTO ALEGRE;AUTO POSTO 025 LTDA;10.000.025/0001-75;RUA DAS FLORES;39;;CENTRO;19305-824;GNV;31/01/2024;4,800;;R$ / m³;BRANCA
S;RS;PORTO ALEGRE;AUTO POSTO 026 LTDA;10.000.026/0001-82;AVENIDA PAULISTA;300;;CENTRO;77391-343;DIESEL S10;31/01/2024;5,983;;R$ / litro;IPIRANGA
S;RS;PORTO ALEGRE;AUTO POSTO 026 LTDA;10.000.026/0001-82;AVENIDA PAULISTA;300;;CENTRO;77391-343;GASOLINA ADITIVADA;31/01/2024;6,367;;R$ / litro;IPIRANGA
S;RS;PORTO ALEGRE;AUTO POSTO 026 LTDA;10.000.026/0001-82;AVENIDA PAULISTA;300;;CENTRO;77391-343;ETANOL;31/01/2024;4,305;3,759;R$ / litro;IPIRANGA
S;RS;PORTO ALEGRE;AUTO POSTO 027 LTDA;10.000.027/0001-89;RUA DAS FLORES;2972;;CENTRO;84847-690;DIESEL S10;31/01/2024;6,155;5,666;R$ / litro;RAIZEN
S;RS;PORTO ALEGRE;AUTO POSTO 027 LTDA;10.000.027/0001-89;RUA DAS FLORES;2972;;CENTRO;84847-690;GNV;31/01/2024;4,884;;R$ / m³;RAIZEN
S;RS;PORTO ALEGRE;AUTO POSTO 028 LTDA; 10000028000196 ;RUA DAS FLORES;396;;CENTRO;22704-774;DIESEL S10;31/01/2024;6,350;5,679;R$ / litro;RAIZEN
S;RS;PORTO ALEGRE;AUTO POSTO 028 LTDA;10.000.028/0001-96;RUA DAS FLORES;396;;CENTRO;22704-774;GNV;31/01/2024;4,445;;R$ / m³;RAIZEN
S;RS;CAXIAS DO SUL;AUTO POSTO 029 LTDA; 10000029000103 ;AVENIDA BRASIL;2768;;CENTRO;22899-162;ETANOL;31/01/2024;4,327;;R$ / litro;RAIZEN
S;RS;CAXIAS DO SUL  ;AUTO POSTO 029 LTDA;10.000.029/0001-03;AVENIDA BRASIL;2768;;CENTRO;22899-162;GASOLINA;31/01/2024;6,087;;R$ / litro;RAIZEN
S;RS;CAXIAS DO SUL;AUTO POSTO 029 LTDA; 10000029000103 ;AVENIDA BRASIL;2768;;CENTRO;22899-162;DIESEL S10;31/01/2024;6,329;;R$ / litro;RAIZEN
S;RS;CAXIAS DO SUL;AUTO POSTO 030 LTDA;10.000.030/0001-10;RUA DAS FLORES;789;;CENTRO;80292-559;GASOLINA ADITIVADA;31/01/2024;5,950;;R$ / litro;VIBRA
S;RS;CAXIAS DO SUL;AUTO POSTO 030 LTDA; 10000030000110 ;RUA DAS FLORES;789;;CENTRO;80292-559;ETANOL;31/01/2024;4,224;3,870;R$ / litro;VIBRA
S;RS;CAXIAS DO SUL;AUTO POSTO 030 LTDA;10.000.030/0001-10;RUA DAS FLORES;789;;CENTRO;80292-559;GNV;31/01/2024;4,922;4,425;R$ / m³;VIBRA
S;RS;CAXIAS DO SUL;AUTO POSTO 031 LTDA; 10000031000117 ;RUA DAS FLORES;3591;;CENTRO;19880-553;GASOLINA;31/01/2024;5,531;4,966;R$ / litro;ALESAT
S;RS;CAXIAS DO SUL;AUTO POSTO 032 LTDA;10.000.032/0001-24;AVENIDA BRASIL;3804;;CENTRO;40982-270;DIESEL S10;31/01/2024;6,633;5,983;R$ / litro;RAIZEN
S;RS;CAXIAS DO SUL;AUTO POSTO 032 LTDA; 10.000.032/0001-24;AVENIDA BRASIL;3804;;CENTRO;40982-270;GASOLINA ADITIVADA;31/01/2024;6,175;;R$ / litro;RAIZEN
S;RS;CAXIAS DO SUL;AUTO POSTO 032 LTDA; 10.000.032/0001-24;AVENIDA BRASIL;3804;;CENTRO;40982-270;GNV;31/01/2024;4,226;;R$ / m³;RAIZEN
NE;BA;SALVADOR;AUTO POSTO 033 LTDA; 10.000.033/0001-31;AVENIDA BRASIL;684;;CENTRO;59672-102;DIESEL S10;31/01/2024;6,839;6,135;R$ / litro;RAIZEN
NE;BA;SALVADOR;AUTO POSTO 033 LTDA; 10.000.033/0001-31;AVENIDA BRASIL;684;;CENTRO;59672-102;ETANOL;31/01/2024;3,401;;R$ / litro;RAIZEN
NE;BA;SALVADOR;AUTO POSTO 033 LTDA; 10000033000131 ;AVENIDA BRASIL;684;;CENTRO;59672-102;GASOLINA ADITIVADA;31/01/2024;5,833;5,346;R$ / litro;RAIZEN
NE;BA;SALVADOR;AUTO POSTO 034 LTDA;10.000.034/0001-38;RODOVIA BR 116;2721;;CENTRO;73788-258;GASOLINA ADITIVADA;31/01/2024;5,835;;R$ / litro;VIBRA
NE;BA;SALVADOR;AUTO POSTO 034 LTDA; 10000034000138 ;RODOVIA BR 116;2721;;CENTRO;73788-258;GASOLINA;31/01/2024;5,825;;R$ / litro;VIBRA
NE;BA;SALVADOR;AUTO POSTO 034 LTDA; 10.000.034/0001-38;RODOVIA BR 116;2721;;CENTRO;73788-258;ETANOL;31/01/2024;3,880;3,583;R$ / litro;VIBRA
NE;BA;SALVADOR;AUTO POSTO 035 LTDA; 10000035000145 ;RODOVIA BR 116;259;;CENTRO;51104-158;DIESEL S10;31/01/2024;5,993;;R$ / litro;BRANCA
NE;BA;SALVADOR;AUTO POSTO 035 LTDA; 10.000.035/0001-45;RODOVIA BR 116;259;;CENTRO;51104-158;GASOLINA;31/01/2024;5,527;4,945;R$ / litro;BRANCA
NE;BA;SALVADOR;AUTO POSTO 036 LTDA;10.000.036/0001-52;RODOVIA BR 116;338;;CENTRO;34356-170;GASOLINA ADITIVADA;31/01/2024;5,942;;R$ / litro;ALESAT
NE;BA;SALVADOR;AUTO POSTO 036 LTDA;10.000.036/0001-52;RODOVIA BR 116;338;;CENTRO;34356-170;DIESEL S10;31/01/2024;6,616;5,577;R$ / litro;ALESAT
NE;BA;FEIRA DE SANTANA;AUTO POSTO 037 LTDA;10.000.037/0001-59;AVENIDA BRASIL;3866;;CENTRO;84668-352;GASOLINA;31/01/2024;5,599;;R$ / litro;ALESAT
NE;BA;FEIRA DE SANTANA;AUTO POSTO 037 LTDA;10.000.037/0001-59;AVENIDA BRASIL;3866;;CENTRO;84668-352;GNV;31/01/2024;5,170;4,606;R$ / m³;ALESAT
NE;BA;FEIRA DE SANTANA;AUTO POSTO 037 LTDA;10.000.037/0001-59;AVENIDA BRASIL;3866;;CENTRO;84668-352;GASOLINA ADITIVADA;31/01/2024;6,309;;R$ / litro;ALESAT
NE;BA;FEIRA DE SANTANA;AUTO POSTO 038 LTDA; 10000038000166 ;RODOVIA BR 116;2325;;CENTRO;78522-423;ETANOL;31/01/2024;3,431;;R$ / litro;IPIRANGA
NE;BA;FEIRA DE SANTANA;AUTO POSTO 038 LTDA;10.000.038/0001-66;RODOVIA BR 116;2325;;CENTRO;78522-423;GASOLINA ADITIVADA;31/01/2024;6,357;;R$ / litro;IPIRANGA
NE;BA;FEIRA DE SANTANA;AUTO POSTO 039 LTDA; 10.000.039/0001-73;AVENIDA PAULISTA;1631;;CENTRO;27154-787;ETANOL;31/01/2024;3,279;2,927;R$ / litro;IPIRANGA
NE;BA;FEIRA DE SANTANA;AUTO POSTO 039 LTDA;10.000.039/0001-73;AVENIDA PAULISTA;1631;;CENTRO;27154-787;GASOLINA;31/01/2024;5,651;;R$ / litro;IPIRANGA
NE;BA;FEIRA DE SANTANA;AUTO POSTO 039 LTDA;10.000.039/0001-73;AVENIDA PAULISTA;1631;;CENTRO;27154-787;DIESEL S10;31/01/2024;6,324;5,648;R$ / litro;IPIRANGA
NE;BA;FEIRA DE SANTANA;AUTO POSTO 040 LTDA;10.000.040/0001-80;RUA QUINZE DE NOVEMBRO;2554;;CENTRO;83792-202;GASOLINA ADITIVADA;31/01/2024;6,190;;R$ / litro;BRANCA
NE;BA;FEIRA DE SANTANA;AUTO POSTO 040 LTDA;10.000.040/0001-80;RUA QUINZE DE NOVEMBRO;2554;;CENTRO;83792-202;ETANOL;31/01/2024;3,966;;R$ / litro;BRANCA
NE;BA;FEIRA DE SANTANA;AUTO POSTO 040 LTDA; 10.000.040/0001-80;RUA QUINZE DE NOVEMBRO;2554;;CENTRO;83792-202;GASOLINA;31/01/2024;6,130;;R$ / litro;BRANCA
N;AM;MANAUS;AUTO POSTO 041 LTDA; 10000041000187 ;AVENIDA PAULISTA;3618;;CENTRO;19016-350;GASOLINA ADITIVADA;31/01/2024;6,116;;R$ / litro;IPIRANGA
N;AM;MANAUS;AUTO POSTO 041 LTDA;10.000.041/0001-87;AVENIDA PAULISTA;3618;;CENTRO;19016-350;DIESEL S10;31/01/2024;6,175;;R$ / litro;IPIRANGA
N;AM;MANAUS;AUTO POSTO 041 LTDA;10.000.041/0001-87;AVENIDA PAULISTA;3618;;CENTRO;19016-350;ETANOL;31/01/2024;4,470;;R$ / litro;IPIRANGA
N;AM;MANAUS;AUTO POSTO 042 LTDA; 10000042000194 ;AVENIDA PAULISTA;2515;;CENTRO;79329-108;GASOLINA;31/01/2024;5,845;5,310;R$ / litro;ALESAT
N;AM;manaus;AUTO POSTO 042 LTDA;10.000.042/0001-94;AVENIDA PAULISTA;2515;;CENTRO;79329-108;GASOLINA ADITIVADA;31/01/2024;5,763;4,961;R$ / litro;ALESAT
N;AM;MANAUS;AUTO POSTO 042 LTDA; 10000042000194 ;AVENIDA PAULISTA;2515;;CENTRO;79329-108;DIESEL S10;31/01/2024;5,913;5,291;R$ / litro;ALESAT
N;AM;MANAUS;AUTO POSTO 043 LTDA;10.000.043/0001-01;AVENIDA BRASIL;3654;;CENTRO;24029-860;ETANOL;31/01/2024;3,449;2,950;R$ / litro;ALESAT
N;AM;MANAUS;AUTO POSTO 043 LTDA; 10.000.043/0001-01;AVENIDA BRASIL;3654;;CENTRO;24029-860;GNV;31/01/2024;5,157;;R$ / m³;ALESAT
N;AM;MANAUS;AUTO POSTO 044 LTDA; 10.000.044/0001-08;RODOVIA BR 116;872;;CENTRO;54942-308;DIESEL S10;31/01/2024;6,052;5,593;R$ / litro;IPIRANGA
N;AM;MANAUS;AUTO POSTO 044 LTDA; 10.000.044/0001-08;RODOVIA BR 116;872;;CENTRO;54942-308;ETANOL;31/01/2024;3,634;3,296;R$ / litro;IPIRANGA
N;AM;MANAUS;AUTO POSTO 044 LTDA; 10000044000108 ;RODOVIA BR 116;872;;CENTRO;54942-308;GASOLINA;31/01/2024;6,139;5,676;R$ / litro;IPIRANGA
SE;SP;SAO PAULO;AUTO POSTO 001 LTDA;10.000.001/0001-07;AVENIDA BRASIL;112;;CENTRO;46048-350;GNV;14/02/2024;5,175;;R$ / m³;VIBRA
SE;SP;SAO PAULO;AUTO POSTO 002 LTDA; 10.000.002/0001-14;RODOVIA BR 116;1738;;CENTRO;14165-130;GASOLINA;14/02/2024;5,624;4,887;R$ / litro;BRANCA
SE;SP;SAO PAULO;AUTO POSTO 003 LTDA;10.000.003/0001-21;RODOVIA BR 116;824;;CENTRO;81426-529;GNV;14/02/2024;4,997;;R$ / m³;VIBRA
SE;SP;SAO PAULO;AUTO POSTO 003 LTDA;10.000.003/0001-21;RODOVIA BR 116;824;;CENTRO;81426-529;ETANOL;14/02/2024;3,516;3,105;R$ / litro;VIBRA
SE;SP;SAO PAULO;AUTO POSTO 003 LTDA;10.000.003/0001-21;RODOVIA BR 116;824;;CENTRO;81426-529;GASOLINA;14/02/2024;6,159;5,706;R$ / litro;VIBRA
SE;SP;SAO PAULO;AUTO POSTO 004 LTDA; 10000004000128 ;RUA DAS FLORES;2869;;CENTRO;65392-448;GASOLINA ADITIVADA;14/02/2024;5,615;4,890;R$ / litro;IPIRANGA
SE;SP;SAO PAULO;AUTO POSTO 004 LTDA; 10.000.004/0001-28;RUA DAS FLORES;2869;;CENTRO;65392-448;ETANOL;14/02/2024;3,344;3,035;R$ / litro;IPIRANGA
SE;SP;GUARULHOS;AUTO POSTO 005 LTDA; 10000005000135 ;AVENIDA BRASIL;389;;CENTRO;59797-199;GNV;14/02/2024;5,024;;R$ / m³;IPIRANGA
SE;SP;GUARULHOS;AUTO POSTO 005 LTDA;10.000.005/0001-35;AVENIDA BRASIL;389;;CENTRO;59797-199;ETANOL;14/02/2024;3,770;3,352;R$ / litro;IPIRANGA
SE;SP;GUARULHOS;AUTO POSTO 005 LTDA; 10.000.005/0001-35;AVENIDA BRASIL;389;;CENTRO;59797-199;GASOLINA;14/02/2024;6,059;5,509;R$ / litro;IPIRANGA
SE;SP;GUARULHOS;AUTO POSTO 006 LTDA; 10.000.006/0001-42;RUA QUINZE DE NOVEMBRO;2206;;CENTRO;26361-487;ETANOL;14/02/2024;4,444;4,042;R$ / litro;BRANCA
SE;SP;GUARULHOS;AUTO POSTO 006 LTDA; 10.000.006/0001-42;RUA QUINZE DE NOVEMBRO;2206;;CENTRO;26361-487;GNV;14/02/2024;4,668;;R$ / m³;BRANCA
SE;SP;GUARULHOS;AUTO POSTO 006 LTDA; 10.000.006/0001-42;RUA QUINZE DE NOVEMBRO;2206;;CENTRO;26361-487;DIESEL S10;14/02/2024;6,081;;R$ / litro;BRANCA
SE;SP;GUARULHOS;AUTO POSTO 007 LTDA; 10000007000149 ;RUA DAS FLORES;2895;;CENTRO;19116-146;GASOLINA ADITIVADA;14/02/2024;6,437;;R$ / litro;VIBRA
SE;SP;GUARULHOS  ;AUTO POSTO 007 LTDA;10.000.007/0001-49;RUA DAS FLORES;2895;;CENTRO;19116-146;GNV;14/02/2024;5,160;;R$ / m³;VIBRA
SE;SP;GUARULHOS;AUTO POSTO 008 LTDA; 10.000.008/0001-56;RUA QUINZE DE NOVEMBRO;1148;;CENTRO;69429-750;ETANOL;14/02/2024;3,947;;R$ / litro;IPIRANGA
SE;SP;GUARULHOS;AUTO POSTO 008 LTDA;10.000.008/0001-56;RUA QUINZE DE NOVEMBRO;1148;;CENTRO;69429-750;GNV;14/02/2024;4,732;;R$ / m³;IPIRANGA
SE;SP;campinas;AUTO POSTO 009 LTDA;10.000.009/0001-63;RUA DAS FLORES;2755;;CENTRO;44993-818;GASOLINA ADITIVADA;14/02/2024;6,394;;R$ / litro;BRANCA
SE;SP;CAMPINAS;AUTO POSTO 009 LTDA;10.000.009/0001-63;RUA DAS FLORES;2755;;CENTRO;44993-818;GNV;14/02/2024;4,850;4,357;R$ / m³;BRANCA
SE;SP;CAMPINAS;AUTO POSTO 009 LTDA; 10000009000163 ;RUA DAS FLORES;2755;;CENTRO;44993-818;GASOLINA;14/02/2024;6,278;;R$ / litro;BRANCA
SE;SP;CAMPINAS;AUTO POSTO 010 LTDA; 10000010000170 ;RUA QUINZE DE NOVEMBRO;1564;;CENTRO;45382-755;ETANOL;14/02/2024;3,225;2,833;R$ / litro;ALESAT
SE;SP;CAMPINAS;AUTO POSTO 010 LTDA; 10.000.010/0001-70;RUA QUINZE DE NOVEMBRO;1564;;CENTRO;45382-755;GASOLINA;14/02/2024;5,886;;R$ / litro;ALESAT
SE;SP;CAMPINAS;AUTO POSTO 011 LTDA; 10.000.011/0001-77;RUA DAS FLORES;3376;;CENTRO;14207-924;ETANOL;14/02/2024;4,361;;R$ / litro;IPIRANGA
SE;SP;CAMPINAS;AUTO POSTO 011 LTDA;10.000.011/0001-77;RUA DAS FLORES;3376;;CENTRO;14207-924;GASOLINA;14/02/2024;5,527;4,656;R$ / litro;IPIRANGA
SE;SP;CAMPINAS;AUTO POSTO 011 LTDA;10.000.011/0001-77;RUA DAS FLORES;3376;;CENTRO;14207-924;DIESEL S10;14/02/2024;6,394;;R$ / litro;IPIRANGA
SE;SP;CAMPINAS;AUTO POSTO 012 LTDA;10.000.012/0001-84;RODOVIA BR 116;3599;;CENTRO;51245-317;DIESEL S10;14/02/2024;6,524;5,576;R$ / litro;RAIZEN
SE;SP;CAMPINAS;AUTO POSTO 012 LTDA;10.000.012/0001-84;RODOVIA BR 116;3599;;CENTRO;51245-317;GASOLINA ADITIVADA;14/02/2024;6,400;5,882;R$ / litro;RAIZEN
SE;SP;CAMPINAS;AUTO POSTO 012 LTDA; 10000012000184 ;RODOVIA BR 116;3599;;CENTRO;51245-317;GNV;14/02/2024;4,225;;R$ / m³;RAIZEN
SE;RJ;RIO DE JANEIRO;AUTO POSTO 013 LTDA;10.000.013/0001-91;RUA DAS FLORES;1020;;CENTRO;83579-651;GNV;14/02/2024;4,647;3,989;R$ / m³;IPIRANGA
SE;RJ;RIO DE JANEIRO;AUTO POSTO 013 LTDA;10.000.013/0001-91;RUA DAS FLORES;1020;;CENTRO;83579-651;DIESEL S10;14/02/2024;6,866;;R$ / litro;IPIRANGA
SE;RJ;RIO DE JANEIRO;AUTO POSTO 013 LTDA;10.000.013/0001-91;RUA DAS FLORES;1020;;CENTRO;83579-651;ETANOL;14/02/2024;4,184;3,699;R$ / litro;IPIRANGA
SE;RJ;RIO DE JANEIRO;AUTO POSTO 014 LTDA; 10.000.014/0001-98;RUA QUINZE DE NOVEMBRO;1492;;CENTRO;38746-241;GASOLINA;14/02/2024;5,757;4,883;R$ / litro;ALESAT
SE;RJ;RIO DE JANEIRO;AUTO POSTO 014 LTDA;10.000.014/0001-98;RUA QUINZE DE NOVEMBRO;1492;;CENTRO;38746-241;GNV;14/02/2024;5,145;4,498;R$ / m³;ALESAT
SE;RJ;RIO DE JANEIRO;AUTO POSTO 014 LTDA;10.000.014/0001-98;RUA QUINZE DE NOVEMBRO;1492;;CENTRO;38746-241;DIESEL S10;14/02/2024;6,190;;R$ / litro;ALESAT
SE;RJ;RIO DE JANEIRO;AUTO POSTO 015 LTDA; 10.000.015/0001-05;RUA DAS FLORES;2580;;CENTRO;30969-911;GASOLINA;14/02/2024;5,552;;R$ / litro;RAIZEN
SE;RJ;RIO DE JANEIRO;AUTO POSTO 015 LTDA; 10000015000105 ;RUA DAS FLORES;2580;;CENTRO;30969-911;DIESEL S10;14/02/2024;5,817;;R$ / litro;RAIZEN
SE;RJ;RIO DE JANEIRO;AUTO POSTO 015 LTDA;10.000.015/0001-05;RUA DAS FLORES;2580;;CENTRO;30969-911;GASOLINA ADITIVADA;14/02/2024;5,705;5,082;R$ / litro;RAIZEN
SE;RJ;RIO DE JANEIRO;AUTO POSTO 016 LTDA; 10000016000112 ;RODOVIA BR 116;1927;;CENTRO;79352-357;GASOLINA;14/02/2024;6,139;5,600;R$ / litro;ALESAT
SE;RJ;RIO DE JANEIRO;AUTO POSTO 016 LTDA; 10.000.016/0001-12;RODOVIA BR 116;1927;;CENTRO;79352-357;ETANOL;14/02/2024;4,003;;R$ / litro;ALESAT
SE;MG;BELO HORIZONTE;AUTO POSTO 017 LTDA;10.000.017/0001-19;AVENIDA PAULISTA;466;;CENTRO;48469-545;GASOLINA;14/02/2024;6,116;;R$ / litro;VIBRA
SE;MG;BELO HORIZONTE;AUTO POSTO 017 LTDA;10.000.017/0001-19;AVENIDA PAULISTA;466;;CENTRO;48469-545;ETANOL;14/02/2024;4,223;3,625;R$ / litro;VIBRA
SE;MG;BELO HORIZONTE;AUTO POSTO 017 LTDA; 10.000.017/0001-19;AVENIDA PAULISTA;466;;CENTRO;48469-545;DIESEL S10;14/02/2024;6,484;5,462;R$ / litro;VIBRA
SE;MG;BELO HORIZONTE;AUTO POSTO 018 LTDA;10.000.018/0001-26;RUA DAS FLORES;2089;;CENTRO;23947-991;GASOLINA ADITIVADA;14/02/2024;6,555;5,729;R$ / litro;IPIRANGA
SE;MG;BELO HORIZONTE;AUTO POSTO 018 LTDA;10.000.018/0001-26;RUA DAS FLORES;2089;;CENTRO;23947-991;GASOLINA;14/02/2024;5,410;4,653;R$ / litro;IPIRANGA
SE;MG;BELO HORIZONTE  ;AUTO POSTO 019 LTDA; 10.000.019/0001-33;AVENIDA PAULISTA;3133;;CENTRO;31174-652;GNV;14/02/2024;4,334;;R$ / m³;ALESAT
SE;MG;BELO HORIZONTE;AUTO POSTO 019 LTDA; 10000019000133 ;AVENIDA PAULISTA;3133;;CENTRO;31174-652;ETANOL;14/02/2024;4,369;3,797;R$ / litro;ALESAT
SE;MG;BELO HORIZONTE;AUTO POSTO 020 LTDA;10.000.020/0001-40;RUA QUINZE DE NOVEMBRO;89;;CENTRO;24662-471;GASOLINA;14/02/2024;5,826;;R$ / litro;IPIRANGA
SE;MG;BELO HORIZONTE;AUTO POSTO 020 LTDA;10.000.020/0001-40;RUA QUINZE DE NOVEMBRO;89;;CENTRO;24662-471;GASOLINA ADITIVADA;14/02/2024;6,116;;R$ / litro;IPIRANGA
SE;MG;UBERLANDIA;AUTO POSTO 021 LTDA;10.000.021/0001-47;RODOVIA BR 116;3888;;CENTRO;20322-187;GNV;14/02/2024;4,917;4,402;R$ / m³;RAIZEN
SE;MG;UBERLANDIA;AUTO POSTO 021 LTDA; 10.000.021/0001-47;RODOVIA BR 116;3888;;CENTRO;20322-187;GASOLINA ADITIVADA;14/02/2024;5,911;;R$ / litro;RAIZEN
SE;MG;UBERLANDIA;AUTO POSTO 022 LTDA; 10.000.022/0001-54;RUA DAS FLORES;2712;;CENTRO;72296-662;GNV;14/02/2024;4,960;4,355;R$ / m³;VIBRA
SE;MG;UBERLANDIA;AUTO POSTO 022 LTDA;10.000.022/0001-54;RUA DAS FLORES;2712;;CENTRO;72296-662;DIESEL S10;14/02/2024;6,623;;R$ / litro;VIBRA
SE;MG;UBERLANDIA;AUTO POSTO 022 LTDA;10.000.022/0001-54;RUA DAS FLORES;2712;;CENTRO;72296-662;GASOLINA;14/02/2024;5,316;;R$ / litro;VIBRA
SE;MG;UBERLANDIA;AUTO POSTO 023 LTDA; 10000023000161 ;RODOVIA BR 116;3103;;CENTRO;36365-830;ETANOL;14/02/2024;3,619;;R$ / litro;IPIRANGA
SE;MG;UBERLANDIA;AUTO POSTO 023 LTDA; 10000023000161 ;RODOVIA BR 116;3103;;CENTRO;36365-830;DIESEL S10;14/02/2024;6,297;5,642;R$ / litro;IPIRANGA
SE;MG;UBERLANDIA;AUTO POSTO 023 LTDA; 10.000.023/0001-61;RODOVIA BR 116;3103;;CENTRO;36365-830;GNV;14/02/2024;4,855;;R$ / m³;IPIRANGA
SE;MG;UBERLANDIA;AUTO POSTO 024 LTDA;10.000.024/0001-68;RUA QUINZE DE NOVEMBRO;505;;CENTRO;42493-330;GASOLINA;14/02/2024;5,581;;R$ / litro;BRANCA
SE;MG;UBERLANDIA;AUTO POSTO 024 LTDA;10.000.024/0001-68;RUA QUINZE DE NOVEMBRO;505;;CENTRO;42493-330;GASOLINA ADITIVADA;14/02/2024;6,285;5,573;R$ / litro;BRANCA
S;RS;PORTO ALEGRE;AUTO POSTO 025 LTDA;10.000.025/0001-75;RUA DAS FLORES;39;;CENTRO;19305-824;GASOLINA;14/02/2024;5,404;;R$ / litro;BRANCA
S;RS;PORTO ALEGRE;AUTO POSTO 025 LTDA; 10.000.025/0001-75;RUA DAS FLORES;39;;CENTRO;19305-824;GNV;14/02/2024;4,326;3,810;R$ / m³;BRANCA
S;RS;PORTO ALEGRE;AUTO POSTO 026 LTDA;10.000.026/0001-82;AVENIDA PAULISTA;300;;CENTRO;77391-343;DIESEL S10;14/02/2024;6,237;;R$ / litro;IPIRANGA
S;RS;PORTO ALEGRE;AUTO POSTO 026 LTDA;10.000.026/0001-82;AVENIDA PAULISTA;300;;CENTRO;77391-343;GASOLINA ADITIVADA;14/02/2024;6,404;5,809;R$ / litro;IPIRANGA
S;RS;PORTO ALEGRE;AUTO POSTO 026 LTDA;10.000.026/0001-82;AVENIDA PAULISTA;300;;CENTRO;77391-343;ETANOL;14/02/2024;4,240;3,650;R$ / litro;IPIRANGA
S;RS;PORTO ALEGRE;AUTO POSTO 027 LTDA; 10.000.027/0001-89;RUA DAS FLORES;2972;;CENTRO;84847-690;DIESEL S10;14/02/2024;5,975;;R$ / litro;RAIZEN
S;RS;PORTO ALEGRE;AUTO POSTO 027 LTDA;10.000.027/0001-89;RUA DAS FLORES;2972;;CENTRO;84847-690;GNV;14/02/2024;5,043;;R$ / m³;RAIZEN
S;RS;PORTO ALEGRE;AUTO POSTO 028 LTDA; 10000028000196 ;RUA DAS FLORES;396;;CENTRO;22704-774;DIESEL S10;14/02/2024;6,744;6,247;R$ / litro;RAIZEN
S;RS;PORTO ALEGRE;AUTO POSTO 028 LTDA; 10000028000196 ;RUA DAS FLORES;396;;CENTRO;22704-774;GNV;14/02/2024;5,094;;R$ / m³;RAIZEN
S;RS;PORTO ALEGRE;AUTO POSTO 028 LTDA;10.000.028/0001-96;RUA DAS FLORES;396;;CENTRO;22704-774;GASOLINA ADITIVADA;14/02/2024;5,632;;R$ / litro;RAIZEN
S;RS;CAXIAS DO SUL;AUTO POSTO 029 LTDA;10.000.029/0001-03;AVENIDA BRASIL;2768;;CENTRO;22899-162;ETANOL;14/02/2024;3,277;;R$ / litro;RAIZEN
S;RS;CAXIAS DO SUL;AUTO POSTO 029 LTDA;10.000.029/0001-03;AVENIDA BRASIL;2768;;CENTRO;22899-162;GASOLINA;14/02/2024;5,730;5,029;R$ / litro;RAIZEN
S;RS;CAXIAS DO SUL;AUTO POSTO 029 LTDA; 10.000.029/0001-03;AVENIDA BRASIL;2768;;CENTRO;22899-162;DIESEL S10;14/02/2024;5,878;;R$ / litro;RAIZEN
S;RS;CAXIAS DO SUL;AUTO POSTO 030 LTDA;10.000.030/0001-10;RUA DAS FLORES;789;;CENTRO;80292-559;GASOLINA ADITIVADA;14/02/2024;6,349;;R$ / litro;VIBRA
S;RS;CAXIAS DO SUL;AUTO POSTO 030 LTDA;10.000.030/0001-10;RUA DAS FLORES;789;;CENTRO;80292-559;ETANOL;14/02/2024;4,074;;R$ / litro;VIBRA
S;RS;CAXIAS DO SUL;AUTO POSTO 031 LTDA;10.000.031/0001-17;RUA DAS FLORES;3591;;CENTRO;19880-553;GASOLINA;14/02/2024;6,149;;R$ / litro;ALESAT
S;RS;CAXIAS DO SUL;AUTO POSTO 031 LTDA;10.000.031/0001-17;RUA DAS FLORES;3591;;CENTRO;19880-553;GNV;14/02/2024;4,741;;R$ / m³;ALESAT
S;RS;CAXIAS DO SUL;AUTO POSTO 032 LTDA; 10.000.032/0001-24;AVENIDA BRASIL;3804;;CENTRO;40982-270;DIESEL S10;14/02/2024;6,763;;R$ / litro;RAIZEN
S;RS;CAXIAS DO SUL;AUTO POSTO 032 LTDA; 10000032000124 ;AVENIDA BRASIL;3804;;CENTRO;40982-270;GNV;14/02/2024;4,626;4,181;R$ / m³;RAIZEN
NE;BA;SALVADOR;AUTO POSTO 033 LTDA; 10.000.033/0001-31;AVENIDA BRASIL;684;;CENTRO;59672-102;DIESEL S10;14/02/2024;6,047;5,622;R$ / litro;RAIZEN
NE;BA;SALVADOR;AUTO POSTO 033 LTDA; 10.000.033/0001-31;AVENIDA BRASIL;684;;CENTRO;59672-102;ETANOL;14/02/2024;3,514;;R$ / litro;RAIZEN
NE;BA;SALVADOR;AUTO POSTO 033 LTDA; 10000033000131 ;AVENIDA BRASIL;684;;CENTRO;59672-102;GASOLINA ADITIVADA;14/02/2024;6,014;;R$ / litro;RAIZEN
NE;BA;SALVADOR;AUTO POSTO 034 LTDA; 10.000.034/0001-38;RODOVIA BR 116;2721;;CENTRO;73788-258;GASOLINA ADITIVADA;14/02/2024;6,545;;R$ / litro;VIBRA
NE;BA;SALVADOR;AUTO POSTO 034 LTDA; 10.000.034/0001-38;RODOVIA BR 116;2721;;CENTRO;73788-258;GASOLINA;14/02/2024;6,381;5,418;R$ / litro;VIBRA
NE;BA;SALVADOR;AUTO POSTO 034 LTDA; 10000034000138 ;RODOVIA BR 116;2721;;CENTRO;73788-258;ETANOL;14/02/2024;3,488;;R$ / litro;VIBRA
NE;BA;SALVADOR;AUTO POSTO 035 LTDA; 10000035000145 ;RODOVIA BR 116;259;;CENTRO;51104-158;DIESEL S10;14/02/2024;6,417;;R$ / litro;BRANCA
NE;BA;SALVADOR;AUTO POSTO 035 LTDA; 10000035000145 ;RODOVIA BR 116;259;;CENTRO;51104-158;GASOLINA ADITIVADA;14/02/2024;5,596;5,123;R$ / litro;BRANCA
NE;BA;SALVADOR;AUTO POSTO 035 LTDA;10.000.035/0001-45;RODOVIA BR 116;259;;CENTRO;51104-158;GASOLINA;14/02/2024;5,429;;R$ / litro;BRANCA
NE;BA;SALVADOR;AUTO POSTO 036 LTDA; 10000036000152 ;RODOVIA BR 116;338;;CENTRO;34356-170;GASOLINA ADITIVADA;14/02/2024;6,447;;R$ / litro;ALESAT
NE;BA;FEIRA DE SANTANA;AUTO POSTO 037 LTDA; 10000037000159 ;AVENIDA BRASIL;3866;;CENTRO;84668-352;GASOLINA;14/02/2024;5,931;;R$ / litro;ALESAT
NE;BA;FEIRA DE SANTANA;AUTO POSTO 037 LTDA; 10000037000159 ;AVENIDA BRASIL;3866;;CENTRO;84668-352;GNV;14/02/2024;4,869;4,338;R$ / m³;ALESAT
NE;BA;FEIRA DE SANTANA;AUTO POSTO 038 LTDA; 10000038000166 ;RODOVIA BR 116;2325;;CENTRO;78522-423;ETANOL;14/02/2024;4,242;;R$ / litro;IPIRANGA
NE;BA;FEIRA DE SANTANA;AUTO POSTO 038 LTDA; 10.000.038/0001-66;RODOVIA BR 116;2325;;CENTRO;78522-423;GASOLINA ADITIVADA;14/02/2024;5,938;;R$ / litro;IPIRANGA
NE;BA;FEIRA DE SANTANA;AUTO POSTO 039 LTDA; 10.000.039/0001-73;AVENIDA PAULISTA;1631;;CENTRO;27154-787;ETANOL;14/02/2024;3,796;;R$ / litro;IPIRANGA
NE;BA;FEIRA DE SANTANA;AUTO POSTO 039 LTDA;10.000.039/0001-73;AVENIDA PAULISTA;1631;;CENTRO;27154-787;GASOLINA;14/02/2024;5,914;;R$ / litro;IPIRANGA
NE;BA;FEIRA DE SANTANA;AUTO POSTO 039 LTDA; 10.000.039/0001-73;AVENIDA PAULISTA;1631;;CENTRO;27154-787;DIESEL S10;14/02/2024;6,659;5,893;R$ / litro;IPIRANGA
NE;BA;FEIRA DE SANTANA;AUTO POSTO 040 LTDA;10.000.040/0001-80;RUA QUINZE DE NOVEMBRO;2554;;CENTRO;83792-202;ETANOL;14/02/2024;3,611;3,330;R$ / litro;BRANCA
N;AM;MANAUS;AUTO POSTO 041 LTDA;10.000.041/0001-87;AVENIDA PAULISTA;3618;;CENTRO;19016-350;GASOLINA ADITIVADA;14/02/2024;6,382;5,853;R$ / litro;IPIRANGA
N;AM;MANAUS;AUTO POSTO 041 LTDA; 10000041000187 ;AVENIDA PAULISTA;3618;;CENTRO;19016-350;DIESEL S10;14/02/2024;6,785;;R$ / litro;IPIRANGA
N;AM;MANAUS;AUTO POSTO 041 LTDA;10.000.041/0001-87;AVENIDA PAULISTA;3618;;CENTRO;19016-350;ETANOL;14/02/2024;3,447;3,052;R$ / litro;IPIRANGA
N;AM;MANAUS;AUTO POSTO 042 LTDA;10.000.042/0001-94;AVENIDA PAULISTA;2515;;CENTRO;79329-108;GASOLINA;14/02/2024;5,738;;R$ / litro;ALESAT
N;AM;manaus;AUTO POSTO 042 LTDA; 10.000.042/0001-94;AVENIDA PAULISTA;2515;;CENTRO;79329-108;GASOLINA ADITIVADA;14/02/2024;5,986;;R$ / litro;ALESAT
N;AM;MANAUS;AUTO POSTO 042 LTDA; 10.000.042/0001-94;AVENIDA PAULISTA;2515;;CENTRO;79329-108;DIESEL S10;14/02/2024;6,475;;R$ / litro;ALESAT
N;AM;MANAUS;AUTO POSTO 043 LTDA;10.000.043/0001-01;AVENIDA BRASIL;3654;;CENTRO;24029-860;ETANOL;14/02/2024;3,520;3,271;R$ / litro;ALESAT
N;AM;MANAUS;AUTO POSTO 044 LTDA;10.000.044/0001-08;RODOVIA BR 116;872;;CENTRO;54942-308;DIESEL S10;14/02/2024;6,070;5,453;R$ / litro;IPIRANGA
N;AM;MANAUS  ;AUTO POSTO 044 LTDA; 10.000.044/0001-08;RODOVIA BR 116;872;;CENTRO;54942-308;ETANOL;14/02/2024;4,289;;R$ / litro;IPIRANGA
N;AM;MANAUS;AUTO POSTO 044 LTDA; 10000044000108 ;RODOVIA BR 116;872;;CENTRO;54942-308;GASOLINA;14/02/2024;5,505;;R$ / litro;IPIRANGA
SE;SP;SAO PAULO;AUTO POSTO 001 LTDA; 10000001000107 ;AVENIDA BRASIL;112;;CENTRO;46048-350;GASOLINA;28/02/2024;6,121;;R$ / litro;VIBRA
SE;SP;SAO PAULO;AUTO POSTO 001 LTDA; 10.000.001/0001-07;AVENIDA BRASIL;112;;CENTRO;46048-350;GNV;28/02/2024;4,631;4,276;R$ / m³;VIBRA
SE;SP;SAO PAULO;AUTO POSTO 002 LTDA;10.000.002/0001-14;RODOVIA BR 116;1738;;CENTRO;14165-130;GASOLINA ADITIVADA;28/02/2024;6,604;6,058;R$ / litro;BRANCA
SE;SP;SAO PAULO;AUTO POSTO 002 LTDA;10.000.002/0001-14;RODOVIA BR 116;1738;;CENTRO;14165-130;GASOLINA;28/02/2024;5,406;;R$ / litro;BRANCA
SE;SP;SAO PAULO;AUTO POSTO 003 LTDA; 10.000.003/0001-21;RODOVIA BR 116;824;;CENTRO;81426-529;GNV;28/02/2024;4,305;;R$ / m³;VIBRA
SE;SP;SAO PAULO;AUTO POSTO 003 LTDA;10.000.003/0001-21;RODOVIA BR 116;824;;CENTRO;81426-529;ETANOL;28/02/2024;3,805;;R$ / litro;VIBRA
SE;SP;SAO PAULO;AUTO POSTO 004 LTDA; 10000004000128 ;RUA DAS FLORES;2869;;CENTRO;65392-448;GASOLINA ADITIVADA;28/02/2024;5,621;;R$ / litro;IPIRANGA
SE;SP;GUARULHOS;AUTO POSTO 005 LTDA; 10.000.005/0001-35;AVENIDA BRASIL;389;;CENTRO;59797-199;GNV;28/02/2024;4,677;;R$ / m³;IPIRANGA
SE;SP;GUARULHOS;AUTO POSTO 005 LTDA; 10.000.005/0001-35;AVENIDA BRASIL;389;;CENTRO;59797-199;GASOLINA;28/02/2024;5,927;;R$ / litro;IPIRANGA
SE;SP;GUARULHOS;AUTO POSTO 006 LTDA; 10000006000142 ;RUA QUINZE DE NOVEMBRO;2206;;CENTRO;26361-487;ETANOL;28/02/2024;3,760;;R$ / litro;BRANCA
SE;SP;GUARULHOS;AUTO POSTO 006 LTDA; 10000006000142 ;RUA QUINZE DE NOVEMBRO;2206;;CENTRO;26361-487;GNV;28/02/2024;4,510;;R$ / m³;BRANCA
SE;SP;GUARULHOS;AUTO POSTO 006 LTDA; 10000006000142 ;RUA QUINZE DE NOVEMBRO;2206;;CENTRO;26361-487;DIESEL S10;28/02/2024;5,959;;R$ / litro;BRANCA
SE;SP;GUARULHOS;AUTO POSTO 007 LTDA;10.000.007/0001-49;RUA DAS FLORES;2895;;CENTRO;19116-146;GASOLINA;28/02/2024;6,368;5,782;R$ / litro;VIBRA
SE;SP;GUARULHOS;AUTO POSTO 007 LTDA;10.000.007/0001-49;RUA DAS FLORES;2895;;CENTRO;19116-146;GASOLINA ADITIVADA;28/02/2024;6,225;;R$ / litro;VIBRA
SE;SP;GUARULHOS;AUTO POSTO 007 LTDA;10.000.007/0001-49;RUA DAS FLORES;2895;;CENTRO;19116-146;GNV;28/02/2024;5,180;;R$ / m³;VIBRA
SE;SP;GUARULHOS;AUTO POSTO 008 LTDA;10.000.008/0001-56;RUA QUINZE DE NOVEMBRO;1148;;CENTRO;69429-750;ETANOL;28/02/2024;4,044;;R$ / litro;IPIRANGA
SE;SP;guarulhos;AUTO POSTO 008 LTDA; 10.000.008/0001-56;RUA QUINZE DE NOVEMBRO;1148;;CENTRO;69429-750;GNV;28/02/2024;5,005;4,418;R$ / m³;IPIRANGA
SE;SP;CAMPINAS;AUTO POSTO 009 LTDA; 10.000.009/0001-63;RUA DAS FLORES;2755;;CENTRO;44993-818;GASOLINA ADITIVADA;28/02/2024;5,941;;R$ / litro;BRANCA
SE;SP;CAMPINAS;AUTO POSTO 009 LTDA;10.000.009/0001-63;RUA DAS FLORES;2755;;CENTRO;44993-818;GNV;28/02/2024;4,461;3,888;R$ / m³;BRANCA
SE;SP;campinas;AUTO POSTO 009 LTDA;10.000.009/0001-63;RUA DAS FLORES;2755;;CENTRO;44993-818;GASOLINA;28/02/2024;6,267;5,579;R$ / litro;BRANCA
SE;SP;CAMPINAS;AUTO POSTO 010 LTDA;10.000.010/0001-70;RUA QUINZE DE NOVEMBRO;1564;;CENTRO;45382-755;ETANOL;28/02/2024;4,453;;R$ / litro;ALESAT
SE;SP;CAMPINAS  ;AUTO POSTO 011 LTDA;10.000.011/0001-77;RUA DAS FLORES;3376;;CENTRO;14207-924;ETANOL;28/02/2024;4,027;;R$ / litro;IPIRANGA
SE;SP;CAMPINAS;AUTO POSTO 011 LTDA;10.000.011/0001-77;RUA DAS FLORES;3376;;CENTRO;14207-924;GASOLINA;28/02/2024;6,259;;R$ / litro;IPIRANGA
SE;SP;CAMPINAS;AUTO POSTO 011 LTDA; 10000011000177 ;RUA DAS FLORES;3376;;CENTRO;14207-924;DIESEL S10;28/02/2024;6,577;;R$ / litro;IPIRANGA
SE;SP;CAMPINAS;AUTO POSTO 012 LTDA; 10000012000184 ;RODOVIA BR 116;3599;;CENTRO;51245-317;DIESEL S10;28/02/2024;5,833;5,182;R$ / litro;RAIZEN
SE;SP;CAMPINAS;AUTO POSTO 012 LTDA; 10.000.012/0001-84;RODOVIA BR 116;3599;;CENTRO;51245-317;GASOLINA ADITIVADA;28/02/2024;6,579;5,931;R$ / litro;RAIZEN
SE;SP;CAMPINAS;AUTO POSTO 012 LTDA;10.000.012/0001-84;RODOVIA BR 116;3599;;CENTRO;51245-317;GNV;28/02/2024;4,698;;R$ / m³;RAIZEN
SE;RJ;RIO DE JANEIRO;AUTO POSTO 013 LTDA; 10000013000191 ;RUA DAS FLORES;1020;;CENTRO;83579-651;GNV;28/02/2024;5,129;;R$ / m³;IPIRANGA
SE;RJ;RIO DE JANEIRO;AUTO POSTO 013 LTDA;10.000.013/0001-91;RUA DAS FLORES;1020;;CENTRO;83579-651;DIESEL S10;28/02/2024;6,536;5,635;R$ / litro;IPIRANGA
SE;RJ;RIO DE JANEIRO;AUTO POSTO 013 LTDA; 10000013000191 ;RUA DAS FLORES;1020;;CENTRO;83579-651;ETANOL;28/02/2024;3,445;;R$ / litro;IPIRANGA
SE;RJ;RIO DE JANEIRO;AUTO POSTO 014 LTDA; 10000014000198 ;RUA QUINZE DE NOVEMBRO;1492;;CENTRO;38746-241;GASOLINA;28/02/2024;6,192;;R$ / litro;ALESAT
SE;RJ;RIO DE JANEIRO;AUTO POSTO 014 LTDA;10.000.014/0001-98;RUA QUINZE DE NOVEMBRO;1492;;CENTRO;38746-241;GNV;28/02/2024;5,048;4,538;R$ / m³;ALESAT
SE;RJ;RIO DE JANEIRO;AUTO POSTO 014 LTDA; 10000014000198 ;RUA QUINZE DE NOVEMBRO;1492;;CENTRO;38746-241;DIESEL S10;28/02/2024;6,633;;R$ / litro;ALESAT
SE;RJ;RIO DE JANEIRO;AUTO POSTO 015 LTDA;10.000.015/0001-05;RUA DAS FLORES;2580;;CENTRO;30969-911;GASOLINA;28/02/2024;5,622;;R$ / litro;RAIZEN
SE;RJ;RIO DE JANEIRO;AUTO POSTO 015 LTDA; 10000015000105 ;RUA DAS FLORES;2580;;CENTRO;30969-911;DIESEL S10;28/02/2024;5,826;5,188;R$ / litro;RAIZEN
SE;RJ;RIO DE JANEIRO;AUTO POSTO 015 LTDA; 10.000.015/0001-05;RUA DAS FLORES;2580;;CENTRO;30969-911;GASOLINA ADITIVADA;28/02/2024;6,398;;R$ / litro;RAIZEN
SE;RJ;RIO DE JANEIRO  ;AUTO POSTO 016 LTDA;10.000.016/0001-12;RODOVIA BR 116;1927;;CENTRO;79352-357;GASOLINA;28/02/2024;6,005;;R$ / litro;ALESAT
SE;RJ;RIO DE JANEIRO  ;AUTO POSTO 016 LTDA; 10.000.016/0001-12;RODOVIA BR 116;1927;;CENTRO;79352-357;ETANOL;28/02/2024;4,160;;R$ / litro;ALESAT
SE;MG;BELO HORIZONTE;AUTO POSTO 017 LTDA;10.000.017/0001-19;AVENIDA PAULISTA;466;;CENTRO;48469-545;GASOLINA;28/02/2024;6,302;5,832;R$ / litro;VIBRA
SE;MG;BELO HORIZONTE;AUTO POSTO 017 LTDA;10.000.017/0001-19;AVENIDA PAULISTA;466;;CENTRO;48469-545;ETANOL;28/02/2024;4,128;;R$ / litro;VIBRA
SE;MG;BELO HORIZONTE;AUTO POSTO 017 LTDA;10.000.017/0001-19;AVENIDA PAULISTA;466;;CENTRO;48469-545;DIESEL S10;28/02/2024;6,814;6,147;R$ / litro;VIBRA
SE;MG;BELO HORIZONTE  ;AUTO POSTO 018 LTDA; 10.000.018/0001-26;RUA DAS FLORES;2089;;CENTRO;23947-991;GNV;28/02/2024;5,184;;R$ / m³;IPIRANGA
SE;MG;BELO HORIZONTE;AUTO POSTO 018 LTDA; 10000018000126 ;RUA DAS FLORES;2089;;CENTRO;23947-991;GASOLINA ADITIVADA;28/02/2024;5,599;4,827;R$ / litro;IPIRANGA
SE;MG;BELO HORIZONTE;AUTO POSTO 018 LTDA; 10000018000126 ;RUA DAS FLORES;2089;;CENTRO;23947-991;GASOLINA;28/02/2024;6,048;;R$ / litro;IPIRANGA
SE;MG;BELO HORIZONTE;AUTO POSTO 019 LTDA; 10.000.019/0001-33;AVENIDA PAULISTA;3133;;CENTRO;31174-652;GNV;28/02/2024;4,609;4,213;R$ / m³;ALESAT
SE;MG;BELO HORIZONTE;AUTO POSTO 019 LTDA;10.000.019/0001-33;AVENIDA PAULISTA;3133;;CENTRO;31174-652;ETANOL;28/02/2024;4,262;;R$ / litro;ALESAT
SE;MG;BELO HORIZONTE;AUTO POSTO 020 LTDA; 10000020000140 ;RUA QUINZE DE NOVEMBRO;89;;CENTRO;24662-471;GASOLINA;28/02/2024;5,346;;R$ / litro;IPIRANGA
SE;MG;BELO HORIZONTE;AUTO POSTO 020 LTDA;10.000.020/0001-40;RUA QUINZE DE NOVEMBRO;89;;CENTRO;24662-471;GASOLINA ADITIVADA;28/02/2024;6,251;5,758;R$ / litro;IPIRANGA
SE;MG;UBERLANDIA;AUTO POSTO 021 LTDA; 10.000.021/0001-47;RODOVIA BR 116;3888;;CENTRO;20322-187;GNV;28/02/2024;4,367;;R$ / m³;RAIZEN
SE;MG;UBERLANDIA;AUTO POSTO 021 LTDA; 10000021000147 ;RODOVIA BR 116;3888;;CENTRO;20322-187;GASOLINA ADITIVADA;28/02/2024;5,863;5,376;R$ / litro;RAIZEN
SE;MG;UBERLANDIA;AUTO POSTO 022 LTDA; 10000022000154 ;RUA DAS FLORES;2712;;CENTRO;72296-662;GNV;28/02/2024;5,023;;R$ / m³;VIBRA
SE;MG;UBERLANDIA;AUTO POSTO 022 LTDA; 10000022000154 ;RUA DAS FLORES;2712;;CENTRO;72296-662;DIESEL S10;28/02/2024;6,021;;R$ / litro;VIBRA
SE;MG;UBERLANDIA;AUTO POSTO 023 LTDA;10.000.023/0001-61;RODOVIA BR 116;3103;;CENTRO;36365-830;ETANOL;28/02/2024;4,283;3,892;R$ / litro;IPIRANGA
SE;MG;UBERLANDIA;AUTO POSTO 023 LTDA; 10.000.023/0001-61;RODOVIA BR 116;3103;;CENTRO;36365-830;DIESEL S10;28/02/2024;6,282;5,614;R$ / litro;IPIRANGA
SE;MG;UBERLANDIA;AUTO POSTO 024 LTDA;10.000.024/0001-68;RUA QUINZE DE NOVEMBRO;505;;CENTRO;42493-330;GASOLINA;28/02/2024;6,145;;R$ / litro;BRANCA
S;RS;PORTO ALEGRE;AUTO POSTO 025 LTDA; 10.000.025/0001-75;RUA DAS FLORES;39;;CENTRO;19305-824;GASOLINA;28/02/2024;6,314;5,418;R$ / litro;BRANCA
S;RS;PORTO ALEGRE;AUTO POSTO 025 LTDA;10.000.025/0001-75;RUA DAS FLORES;39;;CENTRO;19305-824;GNV;28/02/2024;5,147;;R$ / m³;BRANCA
S;RS;PORTO ALEGRE;AUTO POSTO 026 LTDA; 10.000.026/0001-82;AVENIDA PAULISTA;300;;CENTRO;77391-343;DIESEL S10;28/02/2024;6,524;;R$ / litro;IPIRANGA
S;RS;PORTO ALEGRE  ;AUTO POSTO 026 LTDA; 10.000.026/0001-82;AVENIDA PAULISTA;300;;CENTRO;77391-343;GASOLINA ADITIVADA;28/02/2024;5,612;;R$ / litro;IPIRANGA
S;RS;PORTO ALEGRE;AUTO POSTO 026 LTDA;10.000.026/0001-82;AVENIDA PAULISTA;300;;CENTRO;77391-343;ETANOL;28/02/2024;4,141;3,493;R$ / litro;IPIRANGA
S;RS;PORTO ALEGRE;AUTO POSTO 027 LTDA;10.000.027/0001-89;RUA DAS FLORES;2972;;CENTRO;84847-690;DIESEL S10;28/02/2024;6,219;;R$ / litro;RAIZEN
S;RS;PORTO ALEGRE;AUTO POSTO 027 LTDA;10.000.027/0001-89;RUA DAS FLORES;2972;;CENTRO;84847-690;GNV;28/02/2024;5,057;;R$ / m³;RAIZEN
S;RS;PORTO ALEGRE  ;AUTO POSTO 028 LTDA; 10.000.028/0001-96;RUA DAS FLORES;396;;CENTRO;22704-774;GNV;28/02/2024;4,886;4,505;R$ / m³;RAIZEN
S;RS;PORTO ALEGRE;AUTO POSTO 028 LTDA; 10.000.028/0001-96;RUA DAS FLORES;396;;CENTRO;22704-774;GASOLINA ADITIVADA;28/02/2024;5,930;;R$ / litro;RAIZEN
S;RS;CAXIAS DO SUL;AUTO POSTO 029 LTDA;10.000.029/0001-03;AVENIDA BRASIL;2768;;CENTRO;22899-162;ETANOL;28/02/2024;3,790;;R$ / litro;RAIZEN
S;RS;CAXIAS DO SUL;AUTO POSTO 029 LTDA;10.000.029/0001-03;AVENIDA BRASIL;2768;;CENTRO;22899-162;GASOLINA;28/02/2024;6,359;5,489;R$ / litro;RAIZEN
S;RS;CAXIAS DO SUL;AUTO POSTO 029 LTDA; 10000029000103 ;AVENIDA BRASIL;2768;;CENTRO;22899-162;DIESEL S10;28/02/2024;6,686;5,893;R$ / litro;RAIZEN
S;RS;CAXIAS DO SUL;AUTO POSTO 030 LTDA;10.000.030/0001-10;RUA DAS FLORES;789;;CENTRO;80292-559;GASOLINA ADITIVADA;28/02/2024;6,636;5,948;R$ / litro;VIBRA
S;RS;CAXIAS DO SUL;AUTO POSTO 030 LTDA; 10000030000110 ;RUA DAS FLORES;789;;CENTRO;80292-559;ETANOL;28/02/2024;3,799;;R$ / litro;VIBRA
S;RS;CAXIAS DO SUL;AUTO POSTO 030 LTDA; 10.000.030/0001-10;RUA DAS FLORES;789;;CENTRO;80292-559;GNV;28/02/2024;4,526;4,096;R$ / m³;VIBRA
S;RS;CAXIAS DO SUL;AUTO POSTO 031 LTDA;10.000.031/0001-17;RUA DAS FLORES;3591;;CENTRO;19880-553;GASOLINA;28/02/2024;5,925;;R$ / litro;ALESAT
S;RS;CAXIAS DO SUL;AUTO POSTO 031 LTDA; 10.000.031/0001-17;RUA DAS FLORES;3591;;CENTRO;19880-553;GNV;28/02/2024;5,100;;R$ / m³;ALESAT
S;RS;CAXIAS DO SUL;AUTO POSTO 032 LTDA; 10.000.032/0001-24;AVENIDA BRASIL;3804;;CENTRO;40982-270;DIESEL S10;28/02/2024;6,035;5,128;R$ / litro;RAIZEN
S;RS;CAXIAS DO SUL;AUTO POSTO 032 LTDA; 10000032000124 ;AVENIDA BRASIL;3804;;CENTRO;40982-270;GASOLINA ADITIVADA;28/02/2024;5,606;4,987;R$ / litro;RAIZEN
S;RS;CAXIAS DO SUL;AUTO POSTO 032 LTDA; 10000032000124 ;AVENIDA BRASIL;3804;;CENTRO;40982-270;GNV;28/02/2024;4,380;;R$ / m³;RAIZEN
NE;BA;SALVADOR;AUTO POSTO 033 LTDA;10.000.033/0001-31;AVENIDA BRASIL;684;;CENTRO;59672-102;DIESEL S10;28/02/2024;6,101;;R$ / litro;RAIZEN
NE;BA;SALVADOR;AUTO POSTO 033 LTDA; 10000033000131 ;AVENIDA BRASIL;684;;CENTRO;59672-102;ETANOL;28/02/2024;3,948;;R$ / litro;RAIZEN
NE;BA;SALVADOR;AUTO POSTO 033 LTDA;10.000.033/0001-31;AVENIDA BRASIL;684;;CENTRO;59672-102;GASOLINA ADITIVADA;28/02/2024;6,505;6,009;R$ / litro;RAIZEN
NE;BA;SALVADOR;AUTO POSTO 034 LTDA;10.000.034/0001-38;RODOVIA BR 116;2721;;CENTRO;73788-258;GASOLINA ADITIVADA;28/02/2024;6,294;;R$ / litro;VIBRA
NE;BA;SALVADOR  ;AUTO POSTO 035 LTDA;10.000.035/0001-45;RODOVIA BR 116;259;;CENTRO;51104-158;DIESEL S10;28/02/2024;6,618;;R$ / litro;BRANCA
NE;BA;SALVADOR  ;AUTO POSTO 035 LTDA; 10.000.035/0001-45;RODOVIA BR 116;259;;CENTRO;51104-158;GASOLINA ADITIVADA;28/02/2024;5,922;5,136;R$ / litro;BRANCA
NE;BA;SALVADOR;AUTO POSTO 035 LTDA;10.000.035/0001-45;RODOVIA BR 116;259;;CENTRO;51104-158;GASOLINA;28/02/2024;5,480;5,052;R$ / litro;BRANCA
NE;BA;SALVADOR;AUTO POSTO 036 LTDA; 10000036000152 ;RODOVIA BR 116;338;;CENTRO;34356-170;GASOLINA ADITIVADA;28/02/2024;6,320;5,791;R$ / litro;ALESAT
NE;BA;SALVADOR;AUTO POSTO 036 LTDA;10.000.036/0001-52;RODOVIA BR 116;338;;CENTRO;34356-170;DIESEL S10;28/02/2024;6,800;5,736;R$ / litro;ALESAT
NE;BA;FEIRA DE SANTANA;AUTO POSTO 037 LTDA; 10000037000159 ;AVENIDA BRASIL;3866;;CENTRO;84668-352;GASOLINA;28/02/2024;5,488;4,950;R$ / litro;ALESAT
NE;BA;FEIRA DE SANTANA;AUTO POSTO 037 LTDA;10.000.037/0001-59;AVENIDA BRASIL;3866;;CENTRO;84668-352;GNV;28/02/2024;4,647;4,109;R$ / m³;ALESAT
NE;BA;FEIRA DE SANTANA;AUTO POSTO 037 LTDA; 10.000.037/0001-59;AVENIDA BRASIL;3866;;CENTRO;84668-352;GASOLINA ADITIVADA;28/02/2024;6,637;;R$ / litro;ALESAT
NE;BA;FEIRA DE SANTANA;AUTO POSTO 038 LTDA; 10000038000166 ;RODOVIA BR 116;2325;;CENTRO;78522-423;GASOLINA ADITIVADA;28/02/2024;6,558;6,061;R$ / litro;IPIRANGA
NE;BA;FEIRA DE SANTANA;AUTO POSTO 039 LTDA; 10.000.039/0001-73;AVENIDA PAULISTA;1631;;CENTRO;27154-787;ETANOL;28/02/2024;3,580;;R$ / litro;IPIRANGA
NE;BA;FEIRA DE SANTANA;AUTO POSTO 039 LTDA; 10000039000173 ;AVENIDA PAULISTA;1631;;CENTRO;27154-787;GASOLINA;28/02/2024;5,318;;R$ / litro;IPIRANGA
NE;BA;FEIRA DE SANTANA;AUTO POSTO 039 LTDA; 10.000.039/0001-73;AVENIDA PAULISTA;1631;;CENTRO;27154-787;DIESEL S10;28/02/2024;6,011;5,331;R$ / litro;IPIRANGA
NE;BA;FEIRA DE SANTANA;AUTO POSTO 040 LTDA;10.000.040/0001-80;RUA QUINZE DE NOVEMBRO;2554;;CENTRO;83792-202;GASOLINA ADITIVADA;28/02/2024;5,607;4,865;R$ / litro;BRANCA
NE;BA;FEIRA DE SANTANA;AUTO POSTO 040 LTDA;10.000.040/0001-80;RUA QUINZE DE NOVEMBRO;2554;;CENTRO;83792-202;ETANOL;28/02/2024;3,555;;R$ / litro;BRANCA
NE;BA;FEIRA DE SANTANA;AUTO POSTO 040 LTDA; 10.000.040/0001-80;RUA QUINZE DE NOVEMBRO;2554;;CENTRO;83792-202;GASOLINA;28/02/2024;5,906;5,481;R$ / litro;BRANCA
N;AM;MANAUS;AUTO POSTO 041 LTDA;10.000.041/0001-87;AVENIDA PAULISTA;3618;;CENTRO;19016-350;GASOLINA ADITIVADA;28/02/2024;5,883;5,191;R$ / litro;IPIRANGA
N;AM;MANAUS;AUTO POSTO 041 LTDA; 10.000.041/0001-87;AVENIDA PAULISTA;3618;;CENTRO;19016-350;DIESEL S10;28/02/2024;6,567;5,991;R$ / litro;IPIRANGA
N;AM;MANAUS;AUTO POSTO 041 LTDA; 10000041000187 ;AVENIDA PAULISTA;3618;;CENTRO;19016-350;ETANOL;28/02/2024;4,119;3,588;R$ / litro;IPIRANGA
N;AM;MANAUS;AUTO POSTO 042 LTDA; 10.000.042/0001-94;AVENIDA PAULISTA;2515;;CENTRO;79329-108;GASOLINA;28/02/2024;5,593;;R$ / litro;ALESAT
N;AM;manaus;AUTO POSTO 042 LTDA;10.000.042/0001-94;AVENIDA PAULISTA;2515;;CENTRO;79329-108;GASOLINA ADITIVADA;28/02/2024;6,442;;R$ / litro;ALESAT
N;AM;MANAUS  ;AUTO POSTO 042 LTDA;10.000.042/0001-94;AVENIDA PAULISTA;2515;;CENTRO;79329-108;DIESEL S10;28/02/2024;6,657;;R$ / litro;ALESAT
N;AM;MANAUS;AUTO POSTO 044 LTDA;10.000.044/0001-08;RODOVIA BR 116;872;;CENTRO;54942-308;DIESEL S10;28/02/2024;5,972;;R$ / litro;IPIRANGA
N;AM;MANAUS;AUTO POSTO 044 LTDA; 10.000.044/0001-08;RODOVIA BR 116;872;;CENTRO;54942-308;ETANOL;28/02/2024;4,222;3,593;R$ / litro;IPIRANGA
N;AM;MANAUS;AUTO POSTO 044 LTDA;10.000.044/0001-08;RODOVIA BR 116;872;;CENTRO;54942-308;GASOLINA;28/02/2024;5,504;;R$ / litro;IPIRANGA
SE;SP;SAO PAULO;AUTO POSTO 001 LTDA;10.000.001/0001-07;AVENIDA BRASIL;112;;CENTRO;46048-350;GNV;13/03/2024;4,250;3,693;R$ / m³;VIBRA
SE;SP;SAO PAULO;AUTO POSTO 002 LTDA;10.000.002/0001-14;RODOVIA BR 116;1738;;CENTRO;14165-130;GASOLINA ADITIVADA;13/03/2024;6,329;;R$ / litro;BRANCA
SE;SP;SAO PAULO;AUTO POSTO 002 LTDA;10.000.002/0001-14;RODOVIA BR 116;1738;;CENTRO;14165-130;GASOLINA;13/03/2024;5,787;;R$ / litro;BRANCA
SE;SP;SAO PAULO;AUTO POSTO 003 LTDA;10.000.003/0001-21;RODOVIA BR 116;824;;CENTRO;81426-529;ETANOL;13/03/2024;4,110;;R$ / litro;VIBRA
SE;SP;SAO PAULO;AUTO POSTO 004 LTDA;10.000.004/0001-28;RUA DAS FLORES;2869;;CENTRO;65392-448;GASOLINA ADITIVADA;13/03/2024;5,729;;R$ / litro;IPIRANGA
SE;SP;SAO PAULO;AUTO POSTO 004 LTDA; 10.000.004/0001-28;RUA DAS FLORES;2869;;CENTRO;65392-448;ETANOL;13/03/2024;3,484;3,035;R$ / litro;IPIRANGA
SE;SP;GUARULHOS  ;AUTO POSTO 005 LTDA; 10.000.005/0001-35;AVENIDA BRASIL;389;;CENTRO;59797-199;GNV;13/03/2024;4,544;;R$ / m³;IPIRANGA
SE;SP;GUARULHOS;AUTO POSTO 005 LTDA;10.000.005/0001-35;AVENIDA BRASIL;389;;CENTRO;59797-199;ETANOL;13/03/2024;4,076;;R$ / litro;IPIRANGA
SE;SP;GUARULHOS;AUTO POSTO 005 LTDA;10.000.005/0001-35;AVENIDA BRASIL;389;;CENTRO;59797-199;GASOLINA;13/03/2024;5,650;;R$ / litro;IPIRANGA
SE;SP;GUARULHOS;AUTO POSTO 006 LTDA;10.000.006/0001-42;RUA QUINZE DE NOVEMBRO;2206;;CENTRO;26361-487;ETANOL;13/03/2024;3,940;;R$ / litro;BRANCA
SE;SP;GUARULHOS;AUTO POSTO 006 LTDA; 10000006000142 ;RUA QUINZE DE NOVEMBRO;2206;;CENTRO;26361-487;GNV;13/03/2024;4,570;4,040;R$ / m³;BRANCA
SE;SP;GUARULHOS;AUTO POSTO 006 LTDA;10.000.006/0001-42;RUA QUINZE DE NOVEMBRO;2206;;CENTRO;26361-487;DIESEL S10;13/03/2024;6,446;5,619;R$ / litro;BRANCA
SE;SP;GUARULHOS;AUTO POSTO 007 LTDA; 10000007000149 ;RUA DAS FLORES;2895;;CENTRO;19116-146;GASOLINA;13/03/2024;5,810;;R$ / litro;VIBRA
SE;SP;GUARULHOS;AUTO POSTO 007 LTDA; 10000007000149 ;RUA DAS FLORES;2895;;CENTRO;19116-146;GASOLINA ADITIVADA;13/03/2024;6,012;5,126;R$ / litro;VIBRA
SE;SP;GUARULHOS;AUTO POSTO 007 LTDA;10.000.007/0001-49;RUA DAS FLORES;2895;;CENTRO;19116-146;GNV;13/03/2024;4,599;4,191;R$ / m³;VIBRA
SE;SP;GUARULHOS;AUTO POSTO 008 LTDA;10.000.008/0001-56;RUA QUINZE DE NOVEMBRO;1148;;CENTRO;69429-750;ETANOL;13/03/2024;3,482;3,073;R$ / litro;IPIRANGA
SE;SP;GUARULHOS;AUTO POSTO 008 LTDA; 10000008000156 ;RUA QUINZE DE NOVEMBRO;1148;;CENTRO;69429-750;GNV;13/03/2024;4,592;4,252;R$ / m³;IPIRANGA
SE;SP;CAMPINAS;AUTO POSTO 009 LTDA; 10000009000163 ;RUA DAS FLORES;2755;;CENTRO;44993-818;GASOLINA ADITIVADA;13/03/2024;6,218;;R$ / litro;BRANCA
SE;SP;CAMPINAS;AUTO POSTO 009 LTDA; 10000009000163 ;RUA DAS FLORES;2755;;CENTRO;44993-818;GNV;13/03/2024;5,169;4,789;R$ / m³;BRANCA
SE;SP;CAMPINAS;AUTO POSTO 010 LTDA; 10.000.010/0001-70;RUA QUINZE DE NOVEMBRO;1564;;CENTRO;45382-755;ETANOL;13/03/2024;3,384;;R$ / litro;ALESAT
SE;SP;CAMPINAS;AUTO POSTO 010 LTDA; 10000010000170 ;RUA QUINZE DE NOVEMBRO;1564;;CENTRO;45382-755;GASOLINA;13/03/2024;5,314;4,540;R$ / litro;ALESAT
SE;SP;CAMPINAS;AUTO POSTO 011 LTDA; 10000011000177 ;RUA DAS FLORES;3376;;CENTRO;14207-924;ETANOL;13/03/2024;3,995;;R$ / litro;IPIRANGA
SE;SP;CAMPINAS;AUTO POSTO 011 LTDA; 10.000.011/0001-77;RUA DAS FLORES;3376;;CENTRO;14207-924;GASOLINA;13/03/2024;6,188;;R$ / litro;IPIRANGA
SE;SP;CAMPINAS;AUTO POSTO 011 LTDA;10.000.011/0001-77;RUA DAS FLORES;3376;;CENTRO;14207-924;DIESEL S10;13/03/2024;5,819;5,017;R$ / litro;IPIRANGA
SE;SP;CAMPINAS;AUTO POSTO 012 LTDA; 10.000.012/0001-84;RODOVIA BR 116;3599;;CENTRO;51245-317;DIESEL S10;13/03/2024;6,497;;R$ / litro;RAIZEN
SE;SP;CAMPINAS;AUTO POSTO 012 LTDA; 10.000.012/0001-84;RODOVIA BR 116;3599;;CENTRO;51245-317;GASOLINA ADITIVADA;13/03/2024;6,185;5,304;R$ / litro;RAIZEN
SE;SP;CAMPINAS;AUTO POSTO 012 LTDA;10.000.012/0001-84;RODOVIA BR 116;3599;;CENTRO;51245-317;GNV;13/03/2024;4,908;;R$ / m³;RAIZEN
SE;RJ;RIO DE JANEIRO;AUTO POSTO 013 LTDA; 10000013000191 ;RUA DAS FLORES;1020;;CENTRO;83579-651;GNV;13/03/2024;5,091;4,680;R$ / m³;IPIRANGA
SE;RJ;RIO DE JANEIRO;AUTO POSTO 013 LTDA; 10.000.013/0001-91;RUA DAS FLORES;1020;;CENTRO;83579-651;DIESEL S10;13/03/2024;5,889;;R$ / litro;IPIRANGA
SE;RJ;RIO DE JANEIRO;AUTO POSTO 013 LTDA; 10.000.013/0001-91;RUA DAS FLORES;1020;;CENTRO;83579-651;ETANOL;13/03/2024;3,287;2,818;R$ / litro;IPIRANGA
SE;RJ;RIO DE JANEIRO;AUTO POSTO 014 LTDA; 10.000.014/0001-98;RUA QUINZE DE NOVEMBRO;1492;;CENTRO;38746-241;GASOLINA;13/03/2024;6,233;5,374;R$ / litro;ALESAT
SE;RJ;RIO DE JANEIRO;AUTO POSTO 014 LTDA; 10000014000198 ;RUA QUINZE DE NOVEMBRO;1492;;CENTRO;38746-241;GNV;13/03/2024;4,762;;R$ / m³;ALESAT
SE;RJ;RIO DE JANEIRO;AUTO POSTO 014 LTDA; 10.000.014/0001-98;RUA QUINZE DE NOVEMBRO;1492;;CENTRO;38746-241;DIESEL S10;13/03/2024;6,465;;R$ / litro;ALESAT
SE;RJ;RIO DE JANEIRO;AUTO POSTO 015 LTDA;10.000.015/0001-05;RUA DAS FLORES;2580;;CENTRO;30969-911;GASOLINA;13/03/2024;5,625;5,173;R$ / litro;RAIZEN
SE;RJ;RIO DE JANEIRO;AUTO POSTO 015 LTDA;10.000.015/0001-05;RUA DAS FLORES;2580;;CENTRO;30969-911;DIESEL S10;13/03/2024;6,670;;R$ / litro;RAIZEN
SE;RJ;RIO DE JANEIRO  ;AUTO POSTO 015 LTDA; 10.000.015/0001-05;RUA DAS FLORES;2580;;CENTRO;30969-911;GASOLINA ADITIVADA;13/03/2024;5,637;;R$ / litro;RAIZEN
SE;RJ;RIO DE JANEIRO;AUTO POSTO 016 LTDA; 10000016000112 ;RODOVIA BR 116;1927;;CENTRO;79352-357;GASOLINA;13/03/2024;5,911;;R$ / litro;ALESAT
SE;RJ;RIO DE JANEIRO;AUTO POSTO 016 LTDA; 10.000.016/0001-12;RODOVIA BR 116;1927;;CENTRO;79352-357;ETANOL;13/03/2024;3,793;3,393;R$ / litro;ALESAT
SE;MG;BELO HORIZONTE;AUTO POSTO 017 LTDA; 10.000.017/0001-19;AVENIDA PAULISTA;466;;CENTRO;48469-545;GASOLINA;13/03/2024;6,352;5,832;R$ / litro;VIBRA
SE;MG;BELO HORIZONTE;AUTO POSTO 017 LTDA; 10.000.017/0001-19;AVENIDA PAULISTA;466;;CENTRO;48469-545;ETANOL;13/03/2024;4,281;3,606;R$ / litro;VIBRA
SE;MG;BELO HORIZONTE;AUTO POSTO 017 LTDA;10.000.017/0001-19;AVENIDA PAULISTA;466;;CENTRO;48469-545;DIESEL S10;13/03/2024;6,159;;R$ / litro;VIBRA
SE;MG;BELO HORIZONTE;AUTO POSTO 018 LTDA;10.000.018/0001-26;RUA DAS FLORES;2089;;CENTRO;23947-991;GASOLINA ADITIVADA;13/03/2024;6,522;5,900;R$ / litro;IPIRANGA
SE;MG;BELO HORIZONTE  ;AUTO POSTO 018 LTDA;10.000.018/0001-26;RUA DAS FLORES;2089;;CENTRO;23947-991;GASOLINA;13/03/2024;5,401;4,710;R$ / litro;IPIRANGA
SE;MG;BELO HORIZONTE  ;AUTO POSTO 019 LTDA; 10.000.019/0001-33;AVENIDA PAULISTA;3133;;CENTRO;31174-652;ETANOL;13/03/2024;4,103;;R$ / litro;ALESAT
SE;MG;BELO HORIZONTE;AUTO POSTO 020 LTDA; 10.000.020/0001-40;RUA QUINZE DE NOVEMBRO;89;;CENTRO;24662-471;GASOLINA ADITIVADA;13/03/2024;5,800;5,229;R$ / litro;IPIRANGA
SE;MG;UBERLANDIA;AUTO POSTO 021 LTDA; 10000021000147 ;RODOVIA BR 116;3888;;CENTRO;20322-187;GASOLINA ADITIVADA;13/03/2024;5,597;4,819;R$ / litro;RAIZEN
SE;MG;UBERLANDIA;AUTO POSTO 022 LTDA; 10.000.022/0001-54;RUA DAS FLORES;2712;;CENTRO;72296-662;GNV;13/03/2024;4,523;;R$ / m³;VIBRA
SE;MG;UBERLANDIA  ;AUTO POSTO 022 LTDA; 10.000.022/0001-54;RUA DAS FLORES;2712;;CENTRO;72296-662;DIESEL S10;13/03/2024;6,405;5,720;R$ / litro;VIBRA
SE;MG;UBERLANDIA;AUTO POSTO 022 LTDA;10.000.022/0001-54;RUA DAS FLORES;2712;;CENTRO;72296-662;GASOLINA;13/03/2024;5,684;5,226;R$ / litro;VIBRA
SE;MG;UBERLANDIA;AUTO POSTO 023 LTDA; 10000023000161 ;RODOVIA BR 116;3103;;CENTRO;36365-830;ETANOL;13/03/2024;3,477;;R$ / litro;IPIRANGA
SE;MG;UBERLANDIA;AUTO POSTO 023 LTDA; 10.000.023/0001-61;RODOVIA BR 116;3103;;CENTRO;36365-830;DIESEL S10;13/03/2024;6,092;5,330;R$ / litro;IPIRANGA
SE;MG;UBERLANDIA;AUTO POSTO 023 LTDA; 10.000.023/0001-61;RODOVIA BR 116;3103;;CENTRO;36365-830;GNV;13/03/2024;4,534;3,915;R$ / m³;IPIRANGA
SE;MG;UBERLANDIA;AUTO POSTO 024 LTDA;10.000.024/0001-68;RUA QUINZE DE NOVEMBRO;505;;CENTRO;42493-330;GASOLINA;13/03/2024;5,790;;R$ / litro;BRANCA
SE;MG;UBERLANDIA;AUTO POSTO 024 LTDA;10.000.024/0001-68;RUA QUINZE DE NOVEMBRO;505;;CENTRO;42493-330;GASOLINA ADITIVADA;13/03/2024;5,753;5,249;R$ / litro;BRANCA
SE;MG;UBERLANDIA;AUTO POSTO 024 LTDA;10.000.024/0001-68;RUA QUINZE DE NOVEMBRO;505;;CENTRO;42493-330;ETANOL;13/03/2024;4,188;;R$ / litro;BRANCA
S;RS;PORTO ALEGRE;AUTO POSTO 025 LTDA;10.000.025/0001-75;RUA DAS FLORES;39;;CENTRO;19305-824;GASOLINA;13/03/2024;6,275;;R$ / litro;BRANCA
S;RS;PORTO ALEGRE  ;AUTO POSTO 025 LTDA; 10.000.025/0001-75;RUA DAS FLORES;39;;CENTRO;19305-824;GNV;13/03/2024;4,417;3,715;R$ / m³;BRANCA
S;RS;PORTO ALEGRE;AUTO POSTO 026 LTDA;10.000.026/0001-82;AVENIDA PAULISTA;300;;CENTRO;77391-343;DIESEL S10;13/03/2024;6,350;;R$ / litro;IPIRANGA
S;RS;PORTO ALEGRE;AUTO POSTO 026 LTDA; 10000026000182 ;AVENIDA PAULISTA;300;;CENTRO;77391-343;GASOLINA ADITIVADA;13/03/2024;6,212;5,493;R$ / litro;IPIRANGA
S;RS;PORTO ALEGRE;AUTO POSTO 026 LTDA;10.000.026/0001-82;AVENIDA PAULISTA;300;;CENTRO;77391-343;ETANOL;13/03/2024;3,301;2,773;R$ / litro;IPIRANGA
S;RS;PORTO ALEGRE  ;AUTO POSTO 028 LTDA;10.000.028/0001-96;RUA DAS FLORES;396;;CENTRO;22704-774;GNV;13/03/2024;4,297;3,859;R$ / m³;RAIZEN
S;RS;PORTO ALEGRE;AUTO POSTO 028 LTDA; 10.000.028/0001-96;RUA DAS FLORES;396;;CENTRO;22704-774;GASOLINA ADITIVADA;13/03/2024;5,634;;R$ / litro;RAIZEN
S;RS;CAXIAS DO SUL;AUTO POSTO 029 LTDA; 10.000.029/0001-03;AVENIDA BRASIL;2768;;CENTRO;22899-162;GASOLINA;13/03/2024;5,456;;R$ / litro;RAIZEN
S;RS;CAXIAS DO SUL;AUTO POSTO 029 LTDA;10.000.029/0001-03;AVENIDA BRASIL;2768;;CENTRO;22899-162;DIESEL S10;13/03/2024;5,932;;R$ / litro;RAIZEN
S;RS;CAXIAS DO SUL;AUTO POSTO 030 LTDA; 10000030000110 ;RUA DAS FLORES;789;;CENTRO;80292-559;GASOLINA ADITIVADA;13/03/2024;5,742;5,198;R$ / litro;VIBRA
S;RS;CAXIAS DO SUL;AUTO POSTO 030 LTDA; 10.000.030/0001-10;RUA DAS FLORES;789;;CENTRO;80292-559;ETANOL;13/03/2024;3,551;;R$ / litro;VIBRA
S;RS;CAXIAS DO SUL;AUTO POSTO 030 LTDA;10.000.030/0001-10;RUA DAS FLORES;789;;CENTRO;80292-559;GNV;13/03/2024;4,415;3,859;R$ / m³;VIBRA
S;RS;CAXIAS DO SUL;AUTO POSTO 031 LTDA;10.000.031/0001-17;RUA DAS FLORES;3591;;CENTRO;19880-553;GNV;13/03/2024;5,173;;R$ / m³;ALESAT
S;RS;CAXIAS DO SUL;AUTO POSTO 032 LTDA; 10.000.032/0001-24;AVENIDA BRASIL;3804;;CENTRO;40982-270;GNV;13/03/2024;4,919;4,250;R$ / m³;RAIZEN
NE;BA;SALVADOR;AUTO POSTO 033 LTDA;10.000.033/0001-31;AVENIDA BRASIL;684;;CENTRO;59672-102;DIESEL S10;13/03/2024;6,058;;R$ / litro;RAIZEN
NE;BA;SALVADOR;AUTO POSTO 033 LTDA; 10000033000131 ;AVENIDA BRASIL;684;;CENTRO;59672-102;GASOLINA ADITIVADA;13/03/2024;6,165;;R$ / litro;RAIZEN
NE;BA;SALVADOR;AUTO POSTO 034 LTDA;10.000.034/0001-38;RODOVIA BR 116;2721;;CENTRO;73788-258;GASOLINA ADITIVADA;13/03/2024;5,865;5,120;R$ / litro;VIBRA
NE;BA;SALVADOR;AUTO POSTO 034 LTDA; 10.000.034/0001-38;RODOVIA BR 116;2721;;CENTRO;73788-258;GASOLINA;13/03/2024;6,024;5,359;R$ / litro;VIBRA
NE;BA;SALVADOR;AUTO POSTO 034 LTDA; 10.000.034/0001-38;RODOVIA BR 116;2721;;CENTRO;73788-258;ETANOL;13/03/2024;3,729;;R$ / litro;VIBRA
NE;BA;SALVADOR;AUTO POSTO 035 LTDA; 10.000.035/0001-45;RODOVIA BR 116;259;;CENTRO;51104-158;DIESEL S10;13/03/2024;5,962;;R$ / litro;BRANCA
NE;BA;SALVADOR;AUTO POSTO 035 LTDA; 10000035000145 ;RODOVIA BR 116;259;;CENTRO;51104-158;GASOLINA ADITIVADA;13/03/2024;5,946;;R$ / litro;BRANCA
NE;BA;SALVADOR;AUTO POSTO 035 LTDA; 10.000.035/0001-45;RODOVIA BR 116;259;;CENTRO;51104-158;GASOLINA;13/03/2024;6,317;;R$ / litro;BRANCA
NE;BA;SALVADOR;AUTO POSTO 036 LTDA;10.000.036/0001-52;RODOVIA BR 116;338;;CENTRO;34356-170;GASOLINA ADITIVADA;13/03/2024;6,529;6,024;R$ / litro;ALESAT
NE;BA;SALVADOR;AUTO POSTO 036 LTDA; 10.000.036/0001-52;RODOVIA BR 116;338;;CENTRO;34356-170;DIESEL S10;13/03/2024;6,394;;R$ / litro;ALESAT
NE;BA;FEIRA DE SANTANA;AUTO POSTO 037 LTDA;10.000.037/0001-59;AVENIDA BRASIL;3866;;CENTRO;84668-352;GASOLINA;13/03/2024;6,375;;R$ / litro;ALESAT
NE;BA;FEIRA DE SANTANA;AUTO POSTO 037 LTDA; 10000037000159 ;AVENIDA BRASIL;3866;;CENTRO;84668-352;GNV;13/03/2024;5,081;;R$ / m³;ALESAT
NE;BA;FEIRA DE SANTANA;AUTO POSTO 037 LTDA;10.000.037/0001-59;AVENIDA BRASIL;3866;;CENTRO;84668-352;GASOLINA ADITIVADA;13/03/2024;5,830;;R$ / litro;ALESAT
NE;BA;FEIRA DE SANTANA;AUTO POSTO 038 LTDA; 10.000.038/0001-66;RODOVIA BR 116;2325;;CENTRO;78522-423;ETANOL;13/03/2024;3,836;3,511;R$ / litro;IPIRANGA
NE;BA;FEIRA DE SANTANA;AUTO POSTO 038 LTDA; 10000038000166 ;RODOVIA BR 116;2325;;CENTRO;78522-423;GASOLINA ADITIVADA;13/03/2024;5,791;5,077;R$ / litro;IPIRANGA
NE;BA;FEIRA DE SANTANA;AUTO POSTO 039 LTDA; 10000039000173 ;AVENIDA PAULISTA;1631;;CENTRO;27154-787;ETANOL;13/03/2024;3,402;;R$ / litro;IPIRANGA
NE;BA;FEIRA DE SANTANA;AUTO POSTO 039 LTDA;10.000.039/0001-73;AVENIDA PAULISTA;1631;;CENTRO;27154-787;GASOLINA;13/03/2024;5,845;;R$ / litro;IPIRANGA
NE;BA;FEIRA DE SANTANA;AUTO POSTO 039 LTDA; 10000039000173 ;AVENIDA PAULISTA;1631;;CENTRO;27154-787;DIESEL S10;13/03/2024;6,133;5,504;R$ / litro;IPIRANGA
NE;BA;FEIRA DE SANTANA;AUTO POSTO 040 LTDA;10.000.040/0001-80;RUA QUINZE DE NOVEMBRO;2554;;CENTRO;83792-202;GASOLINA ADITIVADA;13/03/2024;5,584;4,784;R$ / litro;BRANCA
NE;BA;FEIRA DE SANTANA  ;AUTO POSTO 040 LTDA; 10.000.040/0001-80;RUA QUINZE DE NOVEMBRO;2554;;CENTRO;83792-202;ETANOL;13/03/2024;3,214;;R$ / litro;BRANCA
NE;BA;FEIRA DE SANTANA;AUTO POSTO 040 LTDA; 10.000.040/0001-80;RUA QUINZE DE NOVEMBRO;2554;;CENTRO;83792-202;GASOLINA;13/03/2024;5,771;;R$ / litro;BRANCA
N;AM;MANAUS;AUTO POSTO 041 LTDA;10.000.041/0001-87;AVENIDA PAULISTA;3618;;CENTRO;19016-350;GASOLINA ADITIVADA;13/03/2024;6,297;;R$ / litro;IPIRANGA
N;AM;MANAUS;AUTO POSTO 041 LTDA; 10.000.041/0001-87;AVENIDA PAULISTA;3618;;CENTRO;19016-350;DIESEL S10;13/03/2024;6,571;;R$ / litro;IPIRANGA
N;AM;MANAUS;AUTO POSTO 041 LTDA;10.000.041/0001-87;AVENIDA PAULISTA;3618;;CENTRO;19016-350;ETANOL;13/03/2024;3,750;;R$ / litro;IPIRANGA
N;AM;MANAUS;AUTO POSTO 042 LTDA; 10000042000194 ;AVENIDA PAULISTA;2515;;CENTRO;79329-108;GASOLINA;13/03/2024;6,394;5,925;R$ / litro;ALESAT
N;AM;manaus;AUTO POSTO 042 LTDA;10.000.042/0001-94;AVENIDA PAULISTA;2515;;CENTRO;79329-108;GASOLINA ADITIVADA;13/03/2024;6,050;;R$ / litro;ALESAT
N;AM;MANAUS;AUTO POSTO 042 LTDA;10.000.042/0001-94;AVENIDA PAULISTA;2515;;CENTRO;79329-108;DIESEL S10;13/03/2024;6,155;;R$ / litro;ALESAT
N;AM;MANAUS;AUTO POSTO 043 LTDA; 10000043000101 ;AVENIDA BRASIL;3654;;CENTRO;24029-860;ETANOL;13/03/2024;3,323;;R$ / litro;ALESAT
N;AM;MANAUS;AUTO POSTO 043 LTDA;10.000.043/0001-01;AVENIDA BRASIL;3654;;CENTRO;24029-860;GNV;13/03/2024;5,136;;R$ / m³;ALESAT
N;AM;MANAUS;AUTO POSTO 044 LTDA; 10000044000108 ;RODOVIA BR 116;872;;CENTRO;54942-308;DIESEL S10;13/03/2024;6,681;;R$ / litro;IPIRANGA
N;AM;MANAUS;AUTO POSTO 044 LTDA;10.000.044/0001-08;RODOVIA BR 116;872;;CENTRO;54942-308;ETANOL;13/03/2024;4,108;;R$ / litro;IPIRANGA
N;AM;MANAUS;AUTO POSTO 044 LTDA;10.000.044/0001-08;RODOVIA BR 116;872;;CENTRO;54942-308;GASOLINA;13/03/2024;5,344;;R$ / litro;IPIRANGA
SE;SP;SAO PAULO;AUTO POSTO 001 LTDA;10.000.001/0001-07;AVENIDA BRASIL;112;;CENTRO;46048-350;GASOLINA;27/03/2024;5,519;;R$ / litro;VIBRA
SE;SP;SAO PAULO;AUTO POSTO 002 LTDA;10.000.002/0001-14;RODOVIA BR 116;1738;;CENTRO;14165-130;GASOLINA ADITIVADA;27/03/2024;6,400;5,481;R$ / litro;BRANCA
SE;SP;SAO PAULO;AUTO POSTO 002 LTDA; 10000002000114 ;RODOVIA BR 116;1738;;CENTRO;14165-130;GASOLINA;27/03/2024;5,552;;R$ / litro;BRANCA
SE;SP;SAO PAULO;AUTO POSTO 003 LTDA;10.000.003/0001-21;RODOVIA BR 116;824;;CENTRO;81426-529;GNV;27/03/2024;4,364;4,050;R$ / m³;VIBRA
SE;SP;SAO PAULO  ;AUTO POSTO 003 LTDA;10.000.003/0001-21;RODOVIA BR 116;824;;CENTRO;81426-529;ETANOL;27/03/2024;4,121;;R$ / litro;VIBRA
SE;SP;SAO PAULO;AUTO POSTO 003 LTDA; 10000003000121 ;RODOVIA BR 116;824;;CENTRO;81426-529;GASOLINA;27/03/2024;5,821;5,182;R$ / litro;VIBRA
SE;SP;SAO PAULO  ;AUTO POSTO 004 LTDA; 10.000.004/0001-28;RUA DAS FLORES;2869;;CENTRO;65392-448;GASOLINA ADITIVADA;27/03/2024;5,991;;R$ / litro;IPIRANGA
SE;SP;SAO PAULO;AUTO POSTO 004 LTDA;10.000.004/0001-28;RUA DAS FLORES;2869;;CENTRO;65392-448;ETANOL;27/03/2024;3,231;2,768;R$ / litro;IPIRANGA
SE;SP;GUARULHOS;AUTO POSTO 005 LTDA; 10.000.005/0001-35;AVENIDA BRASIL;389;;CENTRO;59797-199;GNV;27/03/2024;4,757;;R$ / m³;IPIRANGA
SE;SP;GUARULHOS;AUTO POSTO 005 LTDA; 10000005000135 ;AVENIDA BRASIL;389;;CENTRO;59797-199;ETANOL;27/03/2024;3,351;2,876;R$ / litro;IPIRANGA
SE;SP;GUARULHOS;AUTO POSTO 005 LTDA; 10000005000135 ;AVENIDA BRASIL;389;;CENTRO;59797-199;GASOLINA;27/03/2024;5,312;4,839;R$ / litro;IPIRANGA
SE;SP;GUARULHOS;AUTO POSTO 006 LTDA;10.000.006/0001-42;RUA QUINZE DE NOVEMBRO;2206;;CENTRO;26361-487;ETANOL;27/03/2024;3,594;;R$ / litro;BRANCA
SE;SP;GUARULHOS;AUTO POSTO 006 LTDA; 10000006000142 ;RUA QUINZE DE NOVEMBRO;2206;;CENTRO;26361-487;GNV;27/03/2024;5,001;4,415;R$ / m³;BRANCA
SE;SP;GUARULHOS;AUTO POSTO 006 LTDA; 10000006000142 ;RUA QUINZE DE NOVEMBRO;2206;;CENTRO;26361-487;DIESEL S10;27/03/2024;6,408;;R$ / litro;BRANCA
SE;SP;GUARULHOS  ;AUTO POSTO 007 LTDA; 10.000.007/0001-49;RUA DAS FLORES;2895;;CENTRO;19116-146;GASOLINA;27/03/2024;5,865;;R$ / litro;VIBRA
SE;SP;GUARULHOS;AUTO POSTO 007 LTDA; 10000007000149 ;RUA DAS FLORES;2895;;CENTRO;19116-146;GASOLINA ADITIVADA;27/03/2024;6,474;5,569;R$ / litro;VIBRA
SE;SP;GUARULHOS  ;AUTO POSTO 007 LTDA;10.000.007/0001-49;RUA DAS FLORES;2895;;CENTRO;19116-146;GNV;27/03/2024;4,872;;R$ / m³;VIBRA
SE;SP;GUARULHOS;AUTO POSTO 008 LTDA;10.000.008/0001-56;RUA QUINZE DE NOVEMBRO;1148;;CENTRO;69429-750;ETANOL;27/03/2024;4,173;3,736;R$ / litro;IPIRANGA
SE;SP;GUARULHOS;AUTO POSTO 008 LTDA;10.000.008/0001-56;RUA QUINZE DE NOVEMBRO;1148;;CENTRO;69429-750;GNV;27/03/2024;4,441;;R$ / m³;IPIRANGA
SE;SP;CAMPINAS  ;AUTO POSTO 009 LTDA;10.000.009/0001-63;RUA DAS FLORES;2755;;CENTRO;44993-818;GASOLINA ADITIVADA;27/03/2024;6,400;5,536;R$ / litro;BRANCA
SE;SP;CAMPINAS;AUTO POSTO 009 LTDA; 10.000.009/0001-63;RUA DAS FLORES;2755;;CENTRO;44993-818;GNV;27/03/2024;4,503;;R$ / m³;BRANCA
SE;SP;CAMPINAS;AUTO POSTO 009 LTDA; 10000009000163 ;RUA DAS FLORES;2755;;CENTRO;44993-818;GASOLINA;27/03/2024;5,863;5,385;R$ / litro;BRANCA
SE;SP;CAMPINAS;AUTO POSTO 010 LTDA;10.000.010/0001-70;RUA QUINZE DE NOVEMBRO;1564;;CENTRO;45382-755;ETANOL;27/03/2024;3,810;3,368;R$ / litro;ALESAT
SE;SP;CAMPINAS;AUTO POSTO 010 LTDA;10.000.010/0001-70;RUA QUINZE DE NOVEMBRO;1564;;CENTRO;45382-755;GASOLINA;27/03/2024;5,577;4,821;R$ / litro;ALESAT
SE;SP;CAMPINAS;AUTO POSTO 011 LTDA; 10.000.011/0001-77;RUA DAS FLORES;3376;;CENTRO;14207-924;ETANOL;27/03/2024;4,405;3,795;R$ / litro;IPIRANGA
SE;SP;CAMPINAS;AUTO POSTO 011 LTDA;10.000.011/0001-77;RUA DAS FLORES;3376;;CENTRO;14207-924;GASOLINA;27/03/2024;6,208;;R$ / litro;IPIRANGA
SE;SP;CAMPINAS;AUTO POSTO 011 LTDA; 10000011000177 ;RUA DAS FLORES;3376;;CENTRO;14207-924;DIESEL S10;27/03/2024;6,537;5,852;R$ / litro;IPIRANGA
SE;SP;CAMPINAS;AUTO POSTO 012 LTDA; 10.000.012/0001-84;RODOVIA BR 116;3599;;CENTRO;51245-317;DIESEL S10;27/03/2024;6,009;;R$ / litro;RAIZEN
SE;SP;CAMPINAS;AUTO POSTO 012 LTDA;10.000.012/0001-84;RODOVIA BR 116;3599;;CENTRO;51245-317;GASOLINA ADITIVADA;27/03/2024;6,428;;R$ / litro;RAIZEN
SE;SP;CAMPINAS;AUTO POSTO 012 LTDA; 10.000.012/0001-84;RODOVIA BR 116;3599;;CENTRO;51245-317;GNV;27/03/2024;4,839;4,409;R$ / m³;RAIZEN
SE;RJ;RIO DE JANEIRO;AUTO POSTO 013 LTDA; 10000013000191 ;RUA DAS FLORES;1020;;CENTRO;83579-651;GNV;27/03/2024;4,575;4,138;R$ / m³;IPIRANGA
SE;RJ;RIO DE JANEIRO;AUTO POSTO 013 LTDA; 10.000.013/0001-91;RUA DAS FLORES;1020;;CENTRO;83579-651;DIESEL S10;27/03/2024;5,961;;R$ / litro;IPIRANGA
SE;RJ;RIO DE JANEIRO;AUTO POSTO 013 LTDA; 10000013000191 ;RUA DAS FLORES;1020;;CENTRO;83579-651;ETANOL;27/03/2024;3,204;2,961;R$ / litro;IPIRANGA
SE;RJ;RIO DE JANEIRO;AUTO POSTO 014 LTDA; 10.000.014/0001-98;RUA QUINZE DE NOVEMBRO;1492;;CENTRO;38746-241;GASOLINA;27/03/2024;5,862;;R$ / litro;ALESAT
SE;RJ;RIO DE JANEIRO;AUTO POSTO 014 LTDA; 10000014000198 ;RUA QUINZE DE NOVEMBRO;1492;;CENTRO;38746-241;GNV;27/03/2024;4,795;;R$ / m³;ALESAT
SE;RJ;RIO DE JANEIRO;AUTO POSTO 014 LTDA;10.000.014/0001-98;RUA QUINZE DE NOVEMBRO;1492;;CENTRO;38746-241;DIESEL S10;27/03/2024;5,935;;R$ / litro;ALESAT
SE;RJ;RIO DE JANEIRO  ;AUTO POSTO 015 LTDA; 10.000.015/0001-05;RUA DAS FLORES;2580;;CENTRO;30969-911;GASOLINA;27/03/2024;5,440;4,933;R$ / litro;RAIZEN
SE;RJ;RIO DE JANEIRO  ;AUTO POSTO 015 LTDA; 10.000.015/0001-05;RUA DAS FLORES;2580;;CENTRO;30969-911;DIESEL S10;27/03/2024;6,113;5,256;R$ / litro;RAIZEN
SE;RJ;RIO DE JANEIRO;AUTO POSTO 015 LTDA; 10.000.015/0001-05;RUA DAS FLORES;2580;;CENTRO;30969-911;GASOLINA ADITIVADA;27/03/2024;6,475;5,762;R$ / litro;RAIZEN
SE;RJ;RIO DE JANEIRO;AUTO POSTO 016 LTDA; 10000016000112 ;RODOVIA BR 116;1927;;CENTRO;79352-357;GASOLINA;27/03/2024;5,523;;R$ / litro;ALESAT
SE;RJ;rio de janeiro;AUTO POSTO 016 LTDA; 10.000.016/0001-12;RODOVIA BR 116;1927;;CENTRO;79352-357;ETANOL;27/03/2024;3,487;;R$ / litro;ALESAT
SE;MG;BELO HORIZONTE;AUTO POSTO 017 LTDA;10.000.017/0001-19;AVENIDA PAULISTA;466;;CENTRO;48469-545;GASOLINA;27/03/2024;5,607;5,049;R$ / litro;VIBRA
SE;MG;BELO HORIZONTE;AUTO POSTO 017 LTDA; 10000017000119 ;AVENIDA PAULISTA;466;;CENTRO;48469-545;ETANOL;27/03/2024;3,780;3,463;R$ / litro;VIBRA
SE;MG;BELO HORIZONTE;AUTO POSTO 017 LTDA;10.000.017/0001-19;AVENIDA PAULISTA;466;;CENTRO;48469-545;DIESEL S10;27/03/2024;6,613;5,921;R$ / litro;VIBRA
SE;MG;BELO HORIZONTE;AUTO POSTO 018 LTDA; 10.000.018/0001-26;RUA DAS FLORES;2089;;CENTRO;23947-991;GNV;27/03/2024;4,405;;R$ / m³;IPIRANGA
SE;MG;BELO HORIZONTE;AUTO POSTO 018 LTDA; 10.000.018/0001-26;RUA DAS FLORES;2089;;CENTRO;23947-991;GASOLINA ADITIVADA;27/03/2024;5,904;;R$ / litro;IPIRANGA
SE;MG;BELO HORIZONTE;AUTO POSTO 018 LTDA;10.000.018/0001-26;RUA DAS FLORES;2089;;CENTRO;23947-991;GASOLINA;27/03/2024;5,710;;R$ / litro;IPIRANGA
SE;MG;BELO HORIZONTE;AUTO POSTO 019 LTDA; 10000019000133 ;AVENIDA PAULISTA;3133;;CENTRO;31174-652;GNV;27/03/2024;4,368;;R$ / m³;ALESAT
SE;MG;BELO HORIZONTE;AUTO POSTO 019 LTDA; 10.000.019/0001-33;AVENIDA PAULISTA;3133;;CENTRO;31174-652;ETANOL;27/03/2024;3,523;3,033;R$ / litro;ALESAT
SE;MG;BELO HORIZONTE;AUTO POSTO 020 LTDA;10.000.020/0001-40;RUA QUINZE DE NOVEMBRO;89;;CENTRO;24662-471;GASOLINA;27/03/2024;6,055;;R$ / litro;IPIRANGA
SE;MG;BELO HORIZONTE  ;AUTO POSTO 020 LTDA; 10.000.020/0001-40;RUA QUINZE DE NOVEMBRO;89;;CENTRO;24662-471;GASOLINA ADITIVADA;27/03/2024;6,030;;R$ / litro;IPIRANGA
SE;MG;UBERLANDIA;AUTO POSTO 021 LTDA; 10.000.021/0001-47;RODOVIA BR 116;3888;;CENTRO;20322-187;GNV;27/03/2024;4,429;4,118;R$ / m³;RAIZEN
SE;MG;UBERLANDIA;AUTO POSTO 021 LTDA;10.000.021/0001-47;RODOVIA BR 116;3888;;CENTRO;20322-187;GASOLINA ADITIVADA;27/03/2024;6,480;;R$ / litro;RAIZEN
SE;MG;UBERLANDIA;AUTO POSTO 022 LTDA;10.000.022/0001-54;RUA DAS FLORES;2712;;CENTRO;72296-662;GNV;27/03/2024;4,907;4,394;R$ / m³;VIBRA
SE;MG;UBERLANDIA;AUTO POSTO 022 LTDA; 10.000.022/0001-54;RUA DAS FLORES;2712;;CENTRO;72296-662;DIESEL S10;27/03/2024;6,298;5,777;R$ / litro;VIBRA
SE;MG;UBERLANDIA;AUTO POSTO 022 LTDA;10.000.022/0001-54;RUA DAS FLORES;2712;;CENTRO;72296-662;GASOLINA;27/03/2024;5,750;4,865;R$ / litro;VIBRA
SE;MG;UBERLANDIA;AUTO POSTO 023 LTDA;10.000.023/0001-61;RODOVIA BR 116;3103;;CENTRO;36365-830;ETANOL;27/03/2024;3,575;;R$ / litro;IPIRANGA
SE;MG;UBERLANDIA;AUTO POSTO 023 LTDA;10.000.023/0001-61;RODOVIA BR 116;3103;;CENTRO;36365-830;DIESEL S10;27/03/2024;6,689;6,048;R$ / litro;IPIRANGA
SE;MG;UBERLANDIA;AUTO POSTO 024 LTDA;10.000.024/0001-68;RUA QUINZE DE NOVEMBRO;505;;CENTRO;42493-330;GASOLINA;27/03/2024;5,887;;R$ / litro;BRANCA
SE;MG;UBERLANDIA;AUTO POSTO 024 LTDA;10.000.024/0001-68;RUA QUINZE DE NOVEMBRO;505;;CENTRO;42493-330;GASOLINA ADITIVADA;27/03/2024;5,718;;R$ / litro;BRANCA
SE;MG;UBERLANDIA  ;AUTO POSTO 024 LTDA;10.000.024/0001-68;RUA QUINZE DE NOVEMBRO;505;;CENTRO;42493-330;ETANOL;27/03/2024;3,851;;R$ / litro;BRANCA
S;RS;PORTO ALEGRE;AUTO POSTO 025 LTDA; 10000025000175 ;RUA DAS FLORES;39;;CENTRO;19305-824;GASOLINA;27/03/2024;5,472;5,021;R$ / litro;BRANCA
S;RS;PORTO ALEGRE;AUTO POSTO 025 LTDA; 10.000.025/0001-75;RUA DAS FLORES;39;;CENTRO;19305-824;GNV;27/03/2024;4,662;;R$ / m³;BRANCA
S;RS;PORTO ALEGRE;AUTO POSTO 026 LTDA;10.000.026/0001-82;AVENIDA PAULISTA;300;;CENTRO;77391-343;DIESEL S10;27/03/2024;6,504;;R$ / litro;IPIRANGA
S;RS;PORTO ALEGRE  ;AUTO POSTO 026 LTDA; 10.000.026/0001-82;AVENIDA PAULISTA;300;;CENTRO;77391-343;ETANOL;27/03/2024;3,915;;R$ / litro;IPIRANGA
S;RS;PORTO ALEGRE;AUTO POSTO 027 LTDA; 10.000.027/0001-89;RUA DAS FLORES;2972;;CENTRO;84847-690;DIESEL S10;27/03/2024;6,665;;R$ / litro;RAIZEN
S;RS;PORTO ALEGRE;AUTO POSTO 027 LTDA; 10.000.027/0001-89;RUA DAS FLORES;2972;;CENTRO;84847-690;GNV;27/03/2024;4,723;;R$ / m³;RAIZEN
S;RS;PORTO ALEGRE;AUTO POSTO 028 LTDA;10.000.028/0001-96;RUA DAS FLORES;396;;CENTRO;22704-774;DIESEL S10;27/03/2024;6,028;;R$ / litro;RAIZEN
S;RS;PORTO ALEGRE;AUTO POSTO 028 LTDA; 10000028000196 ;RUA DAS FLORES;396;;CENTRO;22704-774;GNV;27/03/2024;4,583;3,860;R$ / m³;RAIZEN
S;RS;PORTO ALEGRE;AUTO POSTO 028 LTDA;10.000.028/0001-96;RUA DAS FLORES;396;;CENTRO;22704-774;GASOLINA ADITIVADA;27/03/2024;6,029;;R$ / litro;RAIZEN
S;RS;CAXIAS DO SUL;AUTO POSTO 029 LTDA;10.000.029/0001-03;AVENIDA BRASIL;2768;;CENTRO;22899-162;ETANOL;27/03/2024;4,044;3,486;R$ / litro;RAIZEN
S;RS;CAXIAS DO SUL;AUTO POSTO 029 LTDA; 10000029000103 ;AVENIDA BRASIL;2768;;CENTRO;22899-162;DIESEL S10;27/03/2024;6,239;;R$ / litro;RAIZEN
S;RS;CAXIAS DO SUL;AUTO POSTO 030 LTDA;10.000.030/0001-10;RUA DAS FLORES;789;;CENTRO;80292-559;GASOLINA ADITIVADA;27/03/2024;6,007;5,558;R$ / litro;VIBRA
S;RS;CAXIAS DO SUL;AUTO POSTO 030 LTDA; 10.000.030/0001-10;RUA DAS FLORES;789;;CENTRO;80292-559;ETANOL;27/03/2024;3,686;3,398;R$ / litro;VIBRA
S;RS;CAXIAS DO SUL;AUTO POSTO 030 LTDA;10.000.030/0001-10;RUA DAS FLORES;789;;CENTRO;80292-559;GNV;27/03/2024;4,798;4,252;R$ / m³;VIBRA
S;RS;CAXIAS DO SUL;AUTO POSTO 031 LTDA; 10000031000117 ;RUA DAS FLORES;3591;;CENTRO;19880-553;GASOLINA;27/03/2024;5,375;4,665;R$ / litro;ALESAT
S;RS;CAXIAS DO SUL  ;AUTO POSTO 031 LTDA; 10.000.031/0001-17;RUA DAS FLORES;3591;;CENTRO;19880-553;GNV;27/03/2024;4,260;;R$ / m³;ALESAT
S;RS;CAXIAS DO SUL;AUTO POSTO 032 LTDA; 10000032000124 ;AVENIDA BRASIL;3804;;CENTRO;40982-270;DIESEL S10;27/03/2024;6,244;;R$ / litro;RAIZEN
S;RS;CAXIAS DO SUL;AUTO POSTO 032 LTDA; 10.000.032/0001-24;AVENIDA BRASIL;3804;;CENTRO;40982-270;GASOLINA ADITIVADA;27/03/2024;5,955;;R$ / litro;RAIZEN
S;RS;CAXIAS DO SUL;AUTO POSTO 032 LTDA; 10000032000124 ;AVENIDA BRASIL;3804;;CENTRO;40982-270;GNV;27/03/2024;4,633;;R$ / m³;RAIZEN
NE;BA;SALVADOR;AUTO POSTO 033 LTDA;10.000.033/0001-31;AVENIDA BRASIL;684;;CENTRO;59672-102;DIESEL S10;27/03/2024;6,899;6,307;R$ / litro;RAIZEN
NE;BA;SALVADOR;AUTO POSTO 033 LTDA; 10.000.033/0001-31;AVENIDA BRASIL;684;;CENTRO;59672-102;ETANOL;27/03/2024;3,387;;R$ / litro;RAIZEN
NE;BA;SALVADOR;AUTO POSTO 033 LTDA; 10.000.033/0001-31;AVENIDA BRASIL;684;;CENTRO;59672-102;GASOLINA ADITIVADA;27/03/2024;5,984;5,190;R$ / litro;RAIZEN
NE;BA;SALVADOR;AUTO POSTO 034 LTDA;10.000.034/0001-38;RODOVIA BR 116;2721;;CENTRO;73788-258;GASOLINA ADITIVADA;27/03/2024;6,009;;R$ / litro;VIBRA
NE;BA;SALVADOR;AUTO POSTO 034 LTDA; 10.000.034/0001-38;RODOVIA BR 116;2721;;CENTRO;73788-258;GASOLINA;27/03/2024;6,389;5,937;R$ / litro;VIBRA
NE;BA;SALVADOR  ;AUTO POSTO 034 LTDA;10.000.034/0001-38;RODOVIA BR 116;2721;;CENTRO;73788-258;ETANOL;27/03/2024;4,402;;R$ / litro;VIBRA
NE;BA;SALVADOR;AUTO POSTO 035 LTDA; 10.000.035/0001-45;RODOVIA BR 116;259;;CENTRO;51104-158;GASOLINA ADITIVADA;27/03/2024;6,486;;R$ / litro;BRANCA
NE;BA;SALVADOR;AUTO POSTO 035 LTDA; 10.000.035/0001-45;RODOVIA BR 116;259;;CENTRO;51104-158;GASOLINA;27/03/2024;5,995;5,120;R$ / litro;BRANCA
NE;BA;SALVADOR;AUTO POSTO 036 LTDA; 10.000.036/0001-52;RODOVIA BR 116;338;;CENTRO;34356-170;GASOLINA ADITIVADA;27/03/2024;6,437;;R$ / litro;ALESAT
NE;BA;SALVADOR;AUTO POSTO 036 LTDA; 10000036000152 ;RODOVIA BR 116;338;;CENTRO;34356-170;DIESEL S10;27/03/2024;6,332;5,609;R$ / litro;ALESAT
NE;BA;FEIRA DE SANTANA;AUTO POSTO 037 LTDA; 10000037000159 ;AVENIDA BRASIL;3866;;CENTRO;84668-352;GASOLINA;27/03/2024;5,356;;R$ / litro;ALESAT
NE;BA;FEIRA DE SANTANA;AUTO POSTO 037 LTDA;10.000.037/0001-59;AVENIDA BRASIL;3866;;CENTRO;84668-352;GNV;27/03/2024;4,755;;R$ / m³;ALESAT
NE;BA;FEIRA DE SANTANA;AUTO POSTO 037 LTDA; 10000037000159 ;AVENIDA BRASIL;3866;;CENTRO;84668-352;GASOLINA ADITIVADA;27/03/2024;6,546;;R$ / litro;ALESAT
NE;BA;FEIRA DE SANTANA;AUTO POSTO 038 LTDA; 10000038000166 ;RODOVIA BR 116;2325;;CENTRO;78522-423;ETANOL;27/03/2024;4,165;;R$ / litro;IPIRANGA
NE;BA;feira de santana;AUTO POSTO 038 LTDA;10.000.038/0001-66;RODOVIA BR 116;2325;;CENTRO;78522-423;GASOLINA ADITIVADA;27/03/2024;6,402;;R$ / litro;IPIRANGA
NE;BA;FEIRA DE SANTANA;AUTO POSTO 039 LTDA; 10000039000173 ;AVENIDA PAULISTA;1631;;CENTRO;27154-787;GASOLINA;27/03/2024;5,820;5,380;R$ / litro;IPIRANGA
NE;BA;FEIRA DE SANTANA;AUTO POSTO 039 LTDA; 10000039000173 ;AVENIDA PAULISTA;1631;;CENTRO;27154-787;DIESEL S10;27/03/2024;6,821;5,861;R$ / litro;IPIRANGA
NE;BA;FEIRA DE SANTANA;AUTO POSTO 040 LTDA;10.000.040/0001-80;RUA QUINZE DE NOVEMBRO;2554;;CENTRO;83792-202;GASOLINA ADITIVADA;27/03/2024;6,222;5,316;R$ / litro;BRANCA
NE;BA;FEIRA DE SANTANA;AUTO POSTO 040 LTDA;10.000.040/0001-80;RUA QUINZE DE NOVEMBRO;2554;;CENTRO;83792-202;ETANOL;27/03/2024;3,331;3,019;R$ / litro;BRANCA
NE;BA;FEIRA DE SANTANA;AUTO POSTO 040 LTDA;10.000.040/0001-80;RUA QUINZE DE NOVEMBRO;2554;;CENTRO;83792-202;GASOLINA;27/03/2024;6,328;;R$ / litro;BRANCA
N;AM;MANAUS;AUTO POSTO 041 LTDA;10.000.041/0001-87;AVENIDA PAULISTA;3618;;CENTRO;19016-350;GASOLINA ADITIVADA;27/03/2024;5,552;4,730;R$ / litro;IPIRANGA
N;AM;MANAUS;AUTO POSTO 041 LTDA; 10.000.041/0001-87;AVENIDA PAULISTA;3618;;CENTRO;19016-350;DIESEL S10;27/03/2024;6,533;5,585;R$ / litro;IPIRANGA
N;AM;MANAUS;AUTO POSTO 041 LTDA;10.000.041/0001-87;AVENIDA PAULISTA;3618;;CENTRO;19016-350;ETANOL;27/03/2024;4,485;;R$ / litro;IPIRANGA
N;AM;MANAUS;AUTO POSTO 042 LTDA;10.000.042/0001-94;AVENIDA PAULISTA;2515;;CENTRO;79329-108;GASOLINA;27/03/2024;6,287;;R$ / litro;ALESAT
N;AM;MANAUS;AUTO POSTO 042 LTDA; 10.000.042/0001-94;AVENIDA PAULISTA;2515;;CENTRO;79329-108;GASOLINA ADITIVADA;27/03/2024;6,227;;R$ / litro;ALESAT
N;AM;MANAUS;AUTO POSTO 042 LTDA;10.000.042/0001-94;AVENIDA PAULISTA;2515;;CENTRO;79329-108;DIESEL S10;27/03/2024;6,309;;R$ / litro;ALESAT
N;AM;MANAUS;AUTO POSTO 043 LTDA;10.000.043/0001-01;AVENIDA BRASIL;3654;;CENTRO;24029-860;ETANOL;27/03/2024;3,845;3,328;R$ / litro;ALESAT
N;AM;MANAUS;AUTO POSTO 043 LTDA;10.000.043/0001-01;AVENIDA BRASIL;3654;;CENTRO;24029-860;GNV;27/03/2024;4,895;;R$ / m³;ALESAT
N;AM;MANAUS;AUTO POSTO 044 LTDA; 10.000.044/0001-08;RODOVIA BR 116;872;;CENTRO;54942-308;DIESEL S10;27/03/2024;6,519;;R$ / litro;IPIRANGA
N;AM;MANAUS;AUTO POSTO 044 LTDA; 10.000.044/0001-08;RODOVIA BR 116;872;;CENTRO;54942-308;ETANOL;27/03/2024;4,066;3,584;R$ / litro;IPIRANGA
N;AM;MANAUS  ;AUTO POSTO 044 LTDA; 10.000.044/0001-08;RODOVIA BR 116;872;;CENTRO;54942-308;GASOLINA;27/03/2024;5,439;;R$ / litro;IPIRANGA
SE;SP;SAO PAULO;AUTO POSTO 001 LTDA; 10.000.001/0001-07;AVENIDA BRASIL;112;;CENTRO;46048-350;GASOLINA;10/04/2024;5,937;;R$ / litro;VIBRA
SE;SP;SAO PAULO;AUTO POSTO 001 LTDA; 10.000.001/0001-07;AVENIDA BRASIL;112;;CENTRO;46048-350;GNV;10/04/2024;5,137;4,534;R$ / m³;VIBRA
SE;SP;SAO PAULO;AUTO POSTO 002 LTDA;10.000.002/0001-14;RODOVIA BR 116;1738;;CENTRO;14165-130;GASOLINA;10/04/2024;5,354;;R$ / litro;BRANCA
SE;SP;SAO PAULO;AUTO POSTO 003 LTDA; 10000003000121 ;RODOVIA BR 116;824;;CENTRO;81426-529;GNV;10/04/2024;4,664;;R$ / m³;VIBRA
SE;SP;SAO PAULO;AUTO POSTO 003 LTDA; 10000003000121 ;RODOVIA BR 116;824;;CENTRO;81426-529;ETANOL;10/04/2024;3,373;3,127;R$ / litro;VIBRA
SE;SP;SAO PAULO;AUTO POSTO 003 LTDA;10.000.003/0001-21;RODOVIA BR 116;824;;CENTRO;81426-529;GASOLINA;10/04/2024;5,308;;R$ / litro;VIBRA
SE;SP;SAO PAULO;AUTO POSTO 004 LTDA; 10000004000128 ;RUA DAS FLORES;2869;;CENTRO;65392-448;GASOLINA ADITIVADA;10/04/2024;6,513;5,496;R$ / litro;IPIRANGA
SE;SP;SAO PAULO;AUTO POSTO 004 LTDA; 10000004000128 ;RUA DAS FLORES;2869;;CENTRO;65392-448;ETANOL;10/04/2024;4,444;;R$ / litro;IPIRANGA
SE;SP;GUARULHOS;AUTO POSTO 005 LTDA;10.000.005/0001-35;AVENIDA BRASIL;389;;CENTRO;59797-199;GNV;10/04/2024;4,832;;R$ / m³;IPIRANGA
SE;SP;GUARULHOS;AUTO POSTO 005 LTDA;10.000.005/0001-35;AVENIDA BRASIL;389;;CENTRO;59797-199;ETANOL;10/04/2024;3,336;;R$ / litro;IPIRANGA
SE;SP;GUARULHOS;AUTO POSTO 005 LTDA;10.000.005/0001-35;AVENIDA BRASIL;389;;CENTRO;59797-199;GASOLINA;10/04/2024;5,666;;R$ / litro;IPIRANGA
SE;SP;GUARULHOS;AUTO POSTO 006 LTDA; 10000006000142 ;RUA QUINZE DE NOVEMBRO;2206;;CENTRO;26361-487;ETANOL;10/04/2024;4,356;;R$ / litro;BRANCA
SE;SP;GUARULHOS;AUTO POSTO 006 LTDA; 10000006000142 ;RUA QUINZE DE NOVEMBRO;2206;;CENTRO;26361-487;GNV;10/04/2024;4,970;;R$ / m³;BRANCA
SE;SP;GUARULHOS;AUTO POSTO 007 LTDA; 10.000.007/0001-49;RUA DAS FLORES;2895;;CENTRO;19116-146;GASOLINA;10/04/2024;5,893;;R$ / litro;VIBRA
SE;SP;GUARULHOS;AUTO POSTO 007 LTDA;10.000.007/0001-49;RUA DAS FLORES;2895;;CENTRO;19116-146;GNV;10/04/2024;4,675;;R$ / m³;VIBRA
SE;SP;GUARULHOS;AUTO POSTO 008 LTDA;10.000.008/0001-56;RUA QUINZE DE NOVEMBRO;1148;;CENTRO;69429-750;ETANOL;10/04/2024;4,400;;R$ / litro;IPIRANGA
SE;SP;GUARULHOS;AUTO POSTO 008 LTDA;10.000.008/0001-56;RUA QUINZE DE NOVEMBRO;1148;;CENTRO;69429-750;GNV;10/04/2024;5,017;;R$ / m³;IPIRANGA
SE;SP;CAMPINAS;AUTO POSTO 009 LTDA;10.000.009/0001-63;RUA DAS FLORES;2755;;CENTRO;44993-818;GASOLINA ADITIVADA;10/04/2024;6,134;5,678;R$ / litro;BRANCA
SE;SP;CAMPINAS;AUTO POSTO 009 LTDA; 10000009000163 ;RUA DAS FLORES;2755;;CENTRO;44993-818;GNV;10/04/2024;4,248;3,875;R$ / m³;BRANCA
SE;SP;CAMPINAS;AUTO POSTO 009 LTDA; 10000009000163 ;RUA DAS FLORES;2755;;CENTRO;44993-818;GASOLINA;10/04/2024;5,318;;R$ / litro;BRANCA
SE;SP;CAMPINAS;AUTO POSTO 010 LTDA; 10.000.010/0001-70;RUA QUINZE DE NOVEMBRO;1564;;CENTRO;45382-755;ETANOL;10/04/2024;4,200;;R$ / litro;ALESAT
SE;SP;CAMPINAS;AUTO POSTO 010 LTDA; 10.000.010/0001-70;RUA QUINZE DE NOVEMBRO;1564;;CENTRO;45382-755;GASOLINA;10/04/2024;6,158;;R$ / litro;ALESAT
SE;SP;CAMPINAS;AUTO POSTO 011 LTDA; 10.000.011/0001-77;RUA DAS FLORES;3376;;CENTRO;14207-924;ETANOL;10/04/2024;3,430;;R$ / litro;IPIRANGA
SE;SP;CAMPINAS;AUTO POSTO 011 LTDA;10.000.011/0001-77;RUA DAS FLORES;3376;;CENTRO;14207-924;DIESEL S10;10/04/2024;6,841;5,826;R$ / litro;IPIRANGA
SE;SP;CAMPINAS;AUTO POSTO 012 LTDA; 10.000.012/0001-84;RODOVIA BR 116;3599;;CENTRO;51245-317;DIESEL S10;10/04/2024;6,539;;R$ / litro;RAIZEN
SE;SP;CAMPINAS;AUTO POSTO 012 LTDA;10.000.012/0001-84;RODOVIA BR 116;3599;;CENTRO;51245-317;GASOLINA ADITIVADA;10/04/2024;5,948;;R$ / litro;RAIZEN
SE;SP;CAMPINAS;AUTO POSTO 012 LTDA;10.000.012/0001-84;RODOVIA BR 116;3599;;CENTRO;51245-317;GNV;10/04/2024;4,276;3,639;R$ / m³;RAIZEN
SE;RJ;RIO DE JANEIRO;AUTO POSTO 013 LTDA;10.000.013/0001-91;RUA DAS FLORES;1020;;CENTRO;83579-651;GNV;10/04/2024;4,979;;R$ / m³;IPIRANGA
SE;RJ;RIO DE JANEIRO;AUTO POSTO 013 LTDA;10.000.013/0001-91;RUA DAS FLORES;1020;;CENTRO;83579-651;DIESEL S10;10/04/2024;6,641;5,878;R$ / litro;IPIRANGA
SE;RJ;RIO DE JANEIRO;AUTO POSTO 013 LTDA;10.000.013/0001-91;RUA DAS FLORES;1020;;CENTRO;83579-651;ETANOL;10/04/2024;3,826;;R$ / litro;IPIRANGA
SE;RJ;RIO DE JANEIRO;AUTO POSTO 014 LTDA;10.000.014/0001-98;RUA QUINZE DE NOVEMBRO;1492;;CENTRO;38746-241;GASOLINA;10/04/2024;5,689;4,876;R$ / litro;ALESAT
SE;RJ;RIO DE JANEIRO;AUTO POSTO 014 LTDA;10.000.014/0001-98;RUA QUINZE DE NOVEMBRO;1492;;CENTRO;38746-241;GNV;10/04/2024;5,192;4,521;R$ / m³;ALESAT
SE;RJ;RIO DE JANEIRO;AUTO POSTO 014 LTDA;10.000.014/0001-98;RUA QUINZE DE NOVEMBRO;1492;;CENTRO;38746-241;DIESEL S10;10/04/2024;6,327;;R$ / litro;ALESAT
SE;RJ;RIO DE JANEIRO  ;AUTO POSTO 015 LTDA; 10.000.015/0001-05;RUA DAS FLORES;2580;;CENTRO;30969-911;GASOLINA;10/04/2024;5,534;4,966;R$ / litro;RAIZEN
SE;RJ;RIO DE JANEIRO;AUTO POSTO 015 LTDA;10.000.015/0001-05;RUA DAS FLORES;2580;;CENTRO;30969-911;DIESEL S10;10/04/2024;6,874;;R$ / litro;RAIZEN
SE;RJ;RIO DE JANEIRO;AUTO POSTO 015 LTDA; 10000015000105 ;RUA DAS FLORES;2580;;CENTRO;30969-911;GASOLINA ADITIVADA;10/04/2024;6,163;;R$ / litro;RAIZEN
SE;RJ;RIO DE JANEIRO;AUTO POSTO 016 LTDA;10.000.016/0001-12;RODOVIA BR 116;1927;;CENTRO;79352-357;GASOLINA;10/04/2024;5,340;4,760;R$ / litro;ALESAT
SE;MG;BELO HORIZONTE;AUTO POSTO 017 LTDA; 10.000.017/0001-19;AVENIDA PAULISTA;466;;CENTRO;48469-545;GASOLINA;10/04/2024;5,757;;R$ / litro;VIBRA
SE;MG;BELO HORIZONTE;AUTO POSTO 017 LTDA;10.000.017/0001-19;AVENIDA PAULISTA;466;;CENTRO;48469-545;ETANOL;10/04/2024;3,374;2,992;R$ / litro;VIBRA
SE;MG;BELO HORIZONTE;AUTO POSTO 017 LTDA; 10000017000119 ;AVENIDA PAULISTA;466;;CENTRO;48469-545;DIESEL S10;10/04/2024;6,344;;R$ / litro;VIBRA
SE;MG;BELO HORIZONTE;AUTO POSTO 018 LTDA;10.000.018/0001-26;RUA DAS FLORES;2089;;CENTRO;23947-991;GNV;10/04/2024;4,986;;R$ / m³;IPIRANGA
SE;MG;BELO HORIZONTE;AUTO POSTO 018 LTDA; 10000018000126 ;RUA DAS FLORES;2089;;CENTRO;23947-991;GASOLINA ADITIVADA;10/04/2024;5,873;;R$ / litro;IPIRANGA
SE;MG;BELO HORIZONTE;AUTO POSTO 019 LTDA;10.000.019/0001-33;AVENIDA PAULISTA;3133;;CENTRO;31174-652;GNV;10/04/2024;4,896;;R$ / m³;ALESAT
SE;MG;BELO HORIZONTE;AUTO POSTO 019 LTDA; 10000019000133 ;AVENIDA PAULISTA;3133;;CENTRO;31174-652;ETANOL;10/04/2024;4,476;;R$ / litro;ALESAT
SE;MG;BELO HORIZONTE;AUTO POSTO 020 LTDA; 10.000.020/0001-40;RUA QUINZE DE NOVEMBRO;89;;CENTRO;24662-471;GASOLINA;10/04/2024;5,748;4,976;R$ / litro;IPIRANGA
SE;MG;belo horizonte;AUTO POSTO 020 LTDA;10.000.020/0001-40;RUA QUINZE DE NOVEMBRO;89;;CENTRO;24662-471;GASOLINA ADITIVADA;10/04/2024;5,949;5,139;R$ / litro;IPIRANGA
SE;MG;UBERLANDIA;AUTO POSTO 021 LTDA;10.000.021/0001-47;RODOVIA BR 116;3888;;CENTRO;20322-187;GNV;10/04/2024;4,776;;R$ / m³;RAIZEN
SE;MG;UBERLANDIA;AUTO POSTO 022 LTDA;10.000.022/0001-54;RUA DAS FLORES;2712;;CENTRO;72296-662;DIESEL S10;10/04/2024;6,693;;R$ / litro;VIBRA
SE;MG;UBERLANDIA;AUTO POSTO 022 LTDA; 10.000.022/0001-54;RUA DAS FLORES;2712;;CENTRO;72296-662;GASOLINA;10/04/2024;6,297;;R$ / litro;VIBRA
SE;MG;UBERLANDIA;AUTO POSTO 023 LTDA;10.000.023/0001-61;RODOVIA BR 116;3103;;CENTRO;36365-830;ETANOL;10/04/2024;3,605;;R$ / litro;IPIRANGA
SE;MG;UBERLANDIA;AUTO POSTO 023 LTDA;10.000.023/0001-61;RODOVIA BR 116;3103;;CENTRO;36365-830;GNV;10/04/2024;4,269;;R$ / m³;IPIRANGA
SE;MG;UBERLANDIA;AUTO POSTO 024 LTDA; 10000024000168 ;RUA QUINZE DE NOVEMBRO;505;;CENTRO;42493-330;GASOLINA;10/04/2024;5,347;;R$ / litro;BRANCA
SE;MG;UBERLANDIA;AUTO POSTO 024 LTDA;10.000.024/0001-68;RUA QUINZE DE NOVEMBRO;505;;CENTRO;42493-330;GASOLINA ADITIVADA;10/04/2024;6,200;;R$ / litro;BRANCA
SE;MG;uberlandia;AUTO POSTO 024 LTDA;10.000.024/0001-68;RUA QUINZE DE NOVEMBRO;505;;CENTRO;42493-330;ETANOL;10/04/2024;4,020;3,456;R$ / litro;BRANCA
S;RS;PORTO ALEGRE;AUTO POSTO 025 LTDA;10.000.025/0001-75;RUA DAS FLORES;39;;CENTRO;19305-824;GASOLINA;10/04/2024;6,389;5,667;R$ / litro;BRANCA
S;RS;PORTO ALEGRE;AUTO POSTO 025 LTDA;10.000.025/0001-75;RUA DAS FLORES;39;;CENTRO;19305-824;GNV;10/04/2024;4,693;4,124;R$ / m³;BRANCA
S;RS;PORTO ALEGRE;AUTO POSTO 026 LTDA; 10.000.026/0001-82;AVENIDA PAULISTA;300;;CENTRO;77391-343;DIESEL S10;10/04/2024;6,179;;R$ / litro;IPIRANGA
S;RS;PORTO ALEGRE;AUTO POSTO 026 LTDA; 10.000.026/0001-82;AVENIDA PAULISTA;300;;CENTRO;77391-343;GASOLINA ADITIVADA;10/04/2024;5,846;;R$ / litro;IPIRANGA
S;RS;PORTO ALEGRE;AUTO POSTO 026 LTDA; 10.000.026/0001-82;AVENIDA PAULISTA;300;;CENTRO;77391-343;ETANOL;10/04/2024;4,043;;R$ / litro;IPIRANGA
S;RS;PORTO ALEGRE;AUTO POSTO 027 LTDA;10.000.027/0001-89;RUA DAS FLORES;2972;;CENTRO;84847-690;DIESEL S10;10/04/2024;6,621;;R$ / litro;RAIZEN
S;RS;PORTO ALEGRE;AUTO POSTO 027 LTDA;10.000.027/0001-89;RUA DAS FLORES;2972;;CENTRO;84847-690;GNV;10/04/2024;5,167;4,671;R$ / m³;RAIZEN
S;RS;PORTO ALEGRE;AUTO POSTO 028 LTDA;10.000.028/0001-96;RUA DAS FLORES;396;;CENTRO;22704-774;DIESEL S10;10/04/2024;6,604;;R$ / litro;RAIZEN
S;RS;PORTO ALEGRE;AUTO POSTO 028 LTDA;10.000.028/0001-96;RUA DAS FLORES;396;;CENTRO;22704-774;GNV;10/04/2024;4,775;;R$ / m³;RAIZEN
S;RS;PORTO ALEGRE;AUTO POSTO 028 LTDA;10.000.028/0001-96;RUA DAS FLORES;396;;CENTRO;22704-774;GASOLINA ADITIVADA;10/04/2024;6,005;5,286;R$ / litro;RAIZEN
S;RS;CAXIAS DO SUL;AUTO POSTO 029 LTDA;10.000.029/0001-03;AVENIDA BRASIL;2768;;CENTRO;22899-162;ETANOL;10/04/2024;4,329;3,797;R$ / litro;RAIZEN
S;RS;CAXIAS DO SUL;AUTO POSTO 029 LTDA; 10000029000103 ;AVENIDA BRASIL;2768;;CENTRO;22899-162;GASOLINA;10/04/2024;6,029;;R$ / litro;RAIZEN
S;RS;CAXIAS DO SUL;AUTO POSTO 029 LTDA;10.000.029/0001-03;AVENIDA BRASIL;2768;;CENTRO;22899-162;DIESEL S10;10/04/2024;6,757;;R$ / litro;RAIZEN
S;RS;CAXIAS DO SUL;AUTO POSTO 030 LTDA; 10.000.030/0001-10;RUA DAS FLORES;789;;CENTRO;80292-559;GASOLINA ADITIVADA;10/04/2024;6,031;5,301;R$ / litro;VIBRA
S;RS;CAXIAS DO SUL;AUTO POSTO 030 LTDA;10.000.030/0001-10;RUA DAS FLORES;789;;CENTRO;80292-559;ETANOL;10/04/2024;4,173;;R$ / litro;VIBRA
S;RS;CAXIAS DO SUL;AUTO POSTO 030 LTDA; 10.000.030/0001-10;RUA DAS FLORES;789;;CENTRO;80292-559;GNV;10/04/2024;4,341;3,813;R$ / m³;VIBRA
S;RS;CAXIAS DO SUL;AUTO POSTO 031 LTDA; 10000031000117 ;RUA DAS FLORES;3591;;CENTRO;19880-553;GNV;10/04/2024;4,548;;R$ / m³;ALESAT
S;RS;CAXIAS DO SUL;AUTO POSTO 032 LTDA; 10.000.032/0001-24;AVENIDA BRASIL;3804;;CENTRO;40982-270;DIESEL S10;10/04/2024;6,723;;R$ / litro;RAIZEN
S;RS;CAXIAS DO SUL;AUTO POSTO 032 LTDA; 10000032000124 ;AVENIDA BRASIL;3804;;CENTRO;40982-270;GASOLINA ADITIVADA;10/04/2024;6,545;5,636;R$ / litro;RAIZEN
S;RS;CAXIAS DO SUL;AUTO POSTO 032 LTDA;10.000.032/0001-24;AVENIDA BRASIL;3804;;CENTRO;40982-270;GNV;10/04/2024;4,310;;R$ / m³;RAIZEN
NE;BA;SALVADOR;AUTO POSTO 033 LTDA; 10.000.033/0001-31;AVENIDA BRASIL;684;;CENTRO;59672-102;DIESEL S10;10/04/2024;6,748;;R$ / litro;RAIZEN
NE;BA;SALVADOR;AUTO POSTO 033 LTDA;10.000.033/0001-31;AVENIDA BRASIL;684;;CENTRO;59672-102;ETANOL;10/04/2024;3,937;;R$ / litro;RAIZEN
NE;BA;SALVADOR;AUTO POSTO 033 LTDA;10.000.033/0001-31;AVENIDA BRASIL;684;;CENTRO;59672-102;GASOLINA ADITIVADA;10/04/2024;6,384;;R$ / litro;RAIZEN
NE;BA;SALVADOR;AUTO POSTO 034 LTDA;10.000.034/0001-38;RODOVIA BR 116;2721;;CENTRO;73788-258;GASOLINA ADITIVADA;10/04/2024;6,240;;R$ / litro;VIBRA
NE;BA;SALVADOR;AUTO POSTO 034 LTDA; 10000034000138 ;RODOVIA BR 116;2721;;CENTRO;73788-258;ETANOL;10/04/2024;3,938;3,376;R$ / litro;VIBRA
NE;BA;SALVADOR;AUTO POSTO 035 LTDA; 10000035000145 ;RODOVIA BR 116;259;;CENTRO;51104-158;DIESEL S10;10/04/2024;6,076;;R$ / litro;BRANCA
NE;BA;SALVADOR;AUTO POSTO 035 LTDA; 10.000.035/0001-45;RODOVIA BR 116;259;;CENTRO;51104-158;GASOLINA ADITIVADA;10/04/2024;5,656;;R$ / litro;BRANCA
NE;BA;SALVADOR;AUTO POSTO 035 LTDA;10.000.035/0001-45;RODOVIA BR 116;259;;CENTRO;51104-158;GASOLINA;10/04/2024;6,244;5,671;R$ / litro;BRANCA
NE;BA;SALVADOR;AUTO POSTO 036 LTDA; 10000036000152 ;RODOVIA BR 116;338;;CENTRO;34356-170;GASOLINA ADITIVADA;10/04/2024;6,603;5,592;R$ / litro;ALESAT
NE;BA;SALVADOR;AUTO POSTO 036 LTDA; 10000036000152 ;RODOVIA BR 116;338;;CENTRO;34356-170;DIESEL S10;10/04/2024;6,753;5,923;R$ / litro;ALESAT
NE;BA;FEIRA DE SANTANA  ;AUTO POSTO 037 LTDA; 10.000.037/0001-59;AVENIDA BRASIL;3866;;CENTRO;84668-352;GASOLINA;10/04/2024;5,407;4,989;R$ / litro;ALESAT
NE;BA;FEIRA DE SANTANA;AUTO POSTO 037 LTDA; 10000037000159 ;AVENIDA BRASIL;3866;;CENTRO;84668-352;GNV;10/04/2024;5,093;4,701;R$ / m³;ALESAT
NE;BA;feira de santana;AUTO POSTO 037 LTDA;10.000.037/0001-59;AVENIDA BRASIL;3866;;CENTRO;84668-352;GASOLINA ADITIVADA;10/04/2024;5,599;;R$ / litro;ALESAT
NE;BA;FEIRA DE SANTANA;AUTO POSTO 038 LTDA;10.000.038/0001-66;RODOVIA BR 116;2325;;CENTRO;78522-423;ETANOL;10/04/2024;4,404;;R$ / litro;IPIRANGA
NE;BA;FEIRA DE SANTANA;AUTO POSTO 038 LTDA; 10.000.038/0001-66;RODOVIA BR 116;2325;;CENTRO;78522-423;GASOLINA ADITIVADA;10/04/2024;5,660;;R$ / litro;IPIRANGA
NE;BA;FEIRA DE SANTANA;AUTO POSTO 039 LTDA;10.000.039/0001-73;AVENIDA PAULISTA;1631;;CENTRO;27154-787;ETANOL;10/04/2024;3,755;3,275;R$ / litro;IPIRANGA
NE;BA;FEIRA DE SANTANA;AUTO POSTO 039 LTDA;10.000.039/0001-73;AVENIDA PAULISTA;1631;;CENTRO;27154-787;GASOLINA;10/04/2024;6,113;;R$ / litro;IPIRANGA
NE;BA;FEIRA DE SANTANA;AUTO POSTO 039 LTDA;10.000.039/0001-73;AVENIDA PAULISTA;1631;;CENTRO;27154-787;DIESEL S10;10/04/2024;5,989;5,428;R$ / litro;IPIRANGA
NE;BA;FEIRA DE SANTANA;AUTO POSTO 040 LTDA;10.000.040/0001-80;RUA QUINZE DE NOVEMBRO;2554;;CENTRO;83792-202;GASOLINA ADITIVADA;10/04/2024;5,767;4,876;R$ / litro;BRANCA
NE;BA;FEIRA DE SANTANA;AUTO POSTO 040 LTDA;10.000.040/0001-80;RUA QUINZE DE NOVEMBRO;2554;;CENTRO;83792-202;ETANOL;10/04/2024;3,353;;R$ / litro;BRANCA
NE;BA;FEIRA DE SANTANA;AUTO POSTO 040 LTDA; 10.000.040/0001-80;RUA QUINZE DE NOVEMBRO;2554;;CENTRO;83792-202;GASOLINA;10/04/2024;6,218;;R$ / litro;BRANCA
N;AM;MANAUS;AUTO POSTO 041 LTDA;10.000.041/0001-87;AVENIDA PAULISTA;3618;;CENTRO;19016-350;GASOLINA ADITIVADA;10/04/2024;6,071;5,304;R$ / litro;IPIRANGA
N;AM;MANAUS;AUTO POSTO 041 LTDA; 10000041000187 ;AVENIDA PAULISTA;3618;;CENTRO;19016-350;DIESEL S10;10/04/2024;5,919;;R$ / litro;IPIRANGA
N;AM;MANAUS;AUTO POSTO 041 LTDA;10.000.041/0001-87;AVENIDA PAULISTA;3618;;CENTRO;19016-350;ETANOL;10/04/2024;3,765;;R$ / litro;IPIRANGA
N;AM;MANAUS;AUTO POSTO 042 LTDA; 10.000.042/0001-94;AVENIDA PAULISTA;2515;;CENTRO;79329-108;GASOLINA;10/04/2024;6,275;5,834;R$ / litro;ALESAT
N;AM;MANAUS;AUTO POSTO 042 LTDA; 10000042000194 ;AVENIDA PAULISTA;2515;;CENTRO;79329-108;GASOLINA ADITIVADA;10/04/2024;6,017;;R$ / litro;ALESAT
N;AM;MANAUS;AUTO POSTO 042 LTDA; 10.000.042/0001-94;AVENIDA PAULISTA;2515;;CENTRO;79329-108;DIESEL S10;10/04/2024;6,467;;R$ / litro;ALESAT
N;AM;MANAUS;AUTO POSTO 043 LTDA;10.000.043/0001-01;AVENIDA BRASIL;3654;;CENTRO;24029-860;ETANOL;10/04/2024;3,728;3,311;R$ / litro;ALESAT
N;AM;MANAUS;AUTO POSTO 043 LTDA;10.000.043/0001-01;AVENIDA BRASIL;3654;;CENTRO;24029-860;GNV;10/04/2024;4,997;4,222;R$ / m³;ALESAT
N;AM;MANAUS;AUTO POSTO 044 LTDA;10.000.044/0001-08;RODOVIA BR 116;872;;CENTRO;54942-308;DIESEL S10;10/04/2024;6,416;5,765;R$ / litro;IPIRANGA
N;AM;MANAUS;AUTO POSTO 044 LTDA;10.000.044/0001-08;RODOVIA BR 116;872;;CENTRO;54942-308;ETANOL;10/04/2024;3,873;;R$ / litro;IPIRANGA
N;AM;MANAUS;AUTO POSTO 044 LTDA;10.000.044/0001-08;RODOVIA BR 116;872;;CENTRO;54942-308;GASOLINA;10/04/2024;5,859;;R$ / litro;IPIRANGA
SE;SP;SAO PAULO;AUTO POSTO 001 LTDA;10.000.001/0001-07;AVENIDA BRASIL;112;;CENTRO;46048-350;GASOLINA;24/04/2024;5,673;;R$ / litro;VIBRA
SE;SP;SAO PAULO;AUTO POSTO 001 LTDA;10.000.001/0001-07;AVENIDA BRASIL;112;;CENTRO;46048-350;GNV;24/04/2024;5,028;4,445;R$ / m³;VIBRA
SE;SP;SAO PAULO;AUTO POSTO 002 LTDA;10.000.002/0001-14;RODOVIA BR 116;1738;;CENTRO;14165-130;GASOLINA ADITIVADA;24/04/2024;6,319;5,392;R$ / litro;BRANCA
SE;SP;SAO PAULO;AUTO POSTO 002 LTDA;10.000.002/0001-14;RODOVIA BR 116;1738;;CENTRO;14165-130;GASOLINA;24/04/2024;6,112;5,225;R$ / litro;BRANCA
SE;SP;SAO PAULO;AUTO POSTO 003 LTDA;10.000.003/0001-21;RODOVIA BR 116;824;;CENTRO;81426-529;GNV;24/04/2024;4,233;3,566;R$ / m³;VIBRA
SE;SP;SAO PAULO  ;AUTO POSTO 003 LTDA;10.000.003/0001-21;RODOVIA BR 116;824;;CENTRO;81426-529;ETANOL;24/04/2024;3,307;3,062;R$ / litro;VIBRA
SE;SP;SAO PAULO;AUTO POSTO 004 LTDA; 10.000.004/0001-28;RUA DAS FLORES;2869;;CENTRO;65392-448;GASOLINA ADITIVADA;24/04/2024;5,613;;R$ / litro;IPIRANGA
SE;SP;SAO PAULO  ;AUTO POSTO 004 LTDA; 10.000.004/0001-28;RUA DAS FLORES;2869;;CENTRO;65392-448;ETANOL;24/04/2024;4,178;3,541;R$ / litro;IPIRANGA
SE;SP;GUARULHOS;AUTO POSTO 005 LTDA; 10000005000135 ;AVENIDA BRASIL;389;;CENTRO;59797-199;GNV;24/04/2024;4,487;;R$ / m³;IPIRANGA
SE;SP;GUARULHOS;AUTO POSTO 005 LTDA; 10.000.005/0001-35;AVENIDA BRASIL;389;;CENTRO;59797-199;ETANOL;24/04/2024;3,852;;R$ / litro;IPIRANGA
SE;SP;GUARULHOS;AUTO POSTO 005 LTDA; 10000005000135 ;AVENIDA BRASIL;389;;CENTRO;59797-199;GASOLINA;24/04/2024;5,814;4,909;R$ / litro;IPIRANGA
SE;SP;GUARULHOS;AUTO POSTO 006 LTDA; 10000006000142 ;RUA QUINZE DE NOVEMBRO;2206;;CENTRO;26361-487;ETANOL;24/04/2024;3,649;3,184;R$ / litro;BRANCA
SE;SP;GUARULHOS;AUTO POSTO 006 LTDA; 10000006000142 ;RUA QUINZE DE NOVEMBRO;2206;;CENTRO;26361-487;GNV;24/04/2024;4,578;4,016;R$ / m³;BRANCA
SE;SP;GUARULHOS;AUTO POSTO 006 LTDA; 10.000.006/0001-42;RUA QUINZE DE NOVEMBRO;2206;;CENTRO;26361-487;DIESEL S10;24/04/2024;6,207;5,387;R$ / litro;BRANCA
SE;SP;GUARULHOS;AUTO POSTO 007 LTDA;10.000.007/0001-49;RUA DAS FLORES;2895;;CENTRO;19116-146;GASOLINA;24/04/2024;5,908;5,213;R$ / litro;VIBRA
SE;SP;GUARULHOS;AUTO POSTO 007 LTDA; 10000007000149 ;RUA DAS FLORES;2895;;CENTRO;19116-146;GASOLINA ADITIVADA;24/04/2024;6,230;;R$ / litro;VIBRA
SE;SP;GUARULHOS;AUTO POSTO 008 LTDA;10.000.008/0001-56;RUA QUINZE DE NOVEMBRO;1148;;CENTRO;69429-750;ETANOL;24/04/2024;3,363;3,068;R$ / litro;IPIRANGA
SE;SP;GUARULHOS;AUTO POSTO 008 LTDA; 10.000.008/0001-56;RUA QUINZE DE NOVEMBRO;1148;;CENTRO;69429-750;GNV;24/04/2024;5,035;4,481;R$ / m³;IPIRANGA
SE;SP;CAMPINAS  ;AUTO POSTO 009 LTDA; 10.000.009/0001-63;RUA DAS FLORES;2755;;CENTRO;44993-818;GASOLINA ADITIVADA;24/04/2024;6,098;;R$ / litro;BRANCA
SE;SP;CAMPINAS;AUTO POSTO 009 LTDA;10.000.009/0001-63;RUA DAS FLORES;2755;;CENTRO;44993-818;GNV;24/04/2024;4,728;4,085;R$ / m³;BRANCA
SE;SP;CAMPINAS  ;AUTO POSTO 009 LTDA; 10.000.009/0001-63;RUA DAS FLORES;2755;;CENTRO;44993-818;GASOLINA;24/04/2024;5,748;4,954;R$ / litro;BRANCA
SE;SP;CAMPINAS;AUTO POSTO 010 LTDA; 10.000.010/0001-70;RUA QUINZE DE NOVEMBRO;1564;;CENTRO;45382-755;ETANOL;24/04/2024;4,139;;R$ / litro;ALESAT
SE;SP;CAMPINAS;AUTO POSTO 010 LTDA; 10.000.010/0001-70;RUA QUINZE DE NOVEMBRO;1564;;CENTRO;45382-755;GASOLINA;24/04/2024;5,390;;R$ / litro;ALESAT
SE;SP;CAMPINAS;AUTO POSTO 011 LTDA; 10000011000177 ;RUA DAS FLORES;3376;;CENTRO;14207-924;ETANOL;24/04/2024;3,404;;R$ / litro;IPIRANGA
SE;SP;CAMPINAS;AUTO POSTO 011 LTDA;10.000.011/0001-77;RUA DAS FLORES;3376;;CENTRO;14207-924;GASOLINA;24/04/2024;5,505;;R$ / litro;IPIRANGA
SE;SP;CAMPINAS;AUTO POSTO 011 LTDA;10.000.011/0001-77;RUA DAS FLORES;3376;;CENTRO;14207-924;DIESEL S10;24/04/2024;6,123;;R$ / litro;IPIRANGA
SE;SP;CAMPINAS  ;AUTO POSTO 012 LTDA; 10.000.012/0001-84;RODOVIA BR 116;3599;;CENTRO;51245-317;DIESEL S10;24/04/2024;6,364;;R$ / litro;RAIZEN
SE;SP;CAMPINAS;AUTO POSTO 012 LTDA;10.000.012/0001-84;RODOVIA BR 116;3599;;CENTRO;51245-317;GASOLINA ADITIVADA;24/04/2024;6,399;;R$ / litro;RAIZEN
SE;SP;CAMPINAS;AUTO POSTO 012 LTDA;10.000.012/0001-84;RODOVIA BR 116;3599;;CENTRO;51245-317;GNV;24/04/2024;5,030;4,554;R$ / m³;RAIZEN
SE;RJ;RIO DE JANEIRO;AUTO POSTO 013 LTDA;10.000.013/0001-91;RUA DAS FLORES;1020;;CENTRO;83579-651;GNV;24/04/2024;4,874;4,221;R$ / m³;IPIRANGA
SE;RJ;RIO DE JANEIRO;AUTO POSTO 013 LTDA; 10.000.013/0001-91;RUA DAS FLORES;1020;;CENTRO;83579-651;DIESEL S10;24/04/2024;6,063;;R$ / litro;IPIRANGA
SE;RJ;RIO DE JANEIRO;AUTO POSTO 013 LTDA; 10.000.013/0001-91;RUA DAS FLORES;1020;;CENTRO;83579-651;ETANOL;24/04/2024;3,453;;R$ / litro;IPIRANGA
SE;RJ;RIO DE JANEIRO;AUTO POSTO 014 LTDA;10.000.014/0001-98;RUA QUINZE DE NOVEMBRO;1492;;CENTRO;38746-241;GASOLINA;24/04/2024;5,734;4,890;R$ / litro;ALESAT
SE;RJ;rio de janeiro;AUTO POSTO 014 LTDA;10.000.014/0001-98;RUA QUINZE DE NOVEMBRO;1492;;CENTRO;38746-241;GNV;24/04/2024;4,744;;R$ / m³;ALESAT
SE;RJ;RIO DE JANEIRO;AUTO POSTO 014 LTDA;10.000.014/0001-98;RUA QUINZE DE NOVEMBRO;1492;;CENTRO;38746-241;DIESEL S10;24/04/2024;6,342;5,695;R$ / litro;ALESAT
SE;RJ;RIO DE JANEIRO  ;AUTO POSTO 015 LTDA;10.000.015/0001-05;RUA DAS FLORES;2580;;CENTRO;30969-911;GASOLINA;24/04/2024;6,310;;R$ / litro;RAIZEN
SE;RJ;RIO DE JANEIRO;AUTO POSTO 015 LTDA; 10.000.015/0001-05;RUA DAS FLORES;2580;;CENTRO;30969-911;DIESEL S10;24/04/2024;6,891;6,384;R$ / litro;RAIZEN
SE;RJ;RIO DE JANEIRO;AUTO POSTO 015 LTDA;10.000.015/0001-05;RUA DAS FLORES;2580;;CENTRO;30969-911;GASOLINA ADITIVADA;24/04/2024;5,562;5,083;R$ / litro;RAIZEN
SE;RJ;RIO DE JANEIRO  ;AUTO POSTO 016 LTDA;10.000.016/0001-12;RODOVIA BR 116;1927;;CENTRO;79352-357;GASOLINA;24/04/2024;6,221;;R$ / litro;ALESAT
SE;MG;BELO HORIZONTE;AUTO POSTO 017 LTDA; 10000017000119 ;AVENIDA PAULISTA;466;;CENTRO;48469-545;GASOLINA;24/04/2024;5,590;5,188;R$ / litro;VIBRA
SE;MG;BELO HORIZONTE;AUTO POSTO 017 LTDA; 10000017000119 ;AVENIDA PAULISTA;466;;CENTRO;48469-545;ETANOL;24/04/2024;4,392;;R$ / litro;VIBRA
SE;MG;BELO HORIZONTE;AUTO POSTO 017 LTDA; 10.000.017/0001-19;AVENIDA PAULISTA;466;;CENTRO;48469-545;DIESEL S10;24/04/2024;5,947;5,162;R$ / litro;VIBRA
SE;MG;BELO HORIZONTE;AUTO POSTO 018 LTDA; 10.000.018/0001-26;RUA DAS FLORES;2089;;CENTRO;23947-991;GASOLINA ADITIVADA;24/04/2024;5,670;4,881;R$ / litro;IPIRANGA
SE;MG;BELO HORIZONTE;AUTO POSTO 018 LTDA;10.000.018/0001-26;RUA DAS FLORES;2089;;CENTRO;23947-991;GASOLINA;24/04/2024;5,945;;R$ / litro;IPIRANGA
SE;MG;BELO HORIZONTE;AUTO POSTO 019 LTDA;10.000.019/0001-33;AVENIDA PAULISTA;3133;;CENTRO;31174-652;GNV;24/04/2024;5,142;;R$ / m³;ALESAT
SE;MG;BELO HORIZONTE  ;AUTO POSTO 019 LTDA; 10.000.019/0001-33;AVENIDA PAULISTA;3133;;CENTRO;31174-652;ETANOL;24/04/2024;4,414;;R$ / litro;ALESAT
SE;MG;BELO HORIZONTE;AUTO POSTO 020 LTDA; 10000020000140 ;RUA QUINZE DE NOVEMBRO;89;;CENTRO;24662-471;GASOLINA;24/04/2024;6,335;5,531;R$ / litro;IPIRANGA
SE;MG;UBERLANDIA;AUTO POSTO 021 LTDA; 10000021000147 ;RODOVIA BR 116;3888;;CENTRO;20322-187;GNV;24/04/2024;4,629;;R$ / m³;RAIZEN
SE;MG;UBERLANDIA;AUTO POSTO 021 LTDA;10.000.021/0001-47;RODOVIA BR 116;3888;;CENTRO;20322-187;GASOLINA ADITIVADA;24/04/2024;5,678;5,168;R$ / litro;RAIZEN
SE;MG;UBERLANDIA;AUTO POSTO 022 LTDA;10.000.022/0001-54;RUA DAS FLORES;2712;;CENTRO;72296-662;GASOLINA;24/04/2024;5,697;5,097;R$ / litro;VIBRA
SE;MG;UBERLANDIA;AUTO POSTO 023 LTDA; 10000023000161 ;RODOVIA BR 116;3103;;CENTRO;36365-830;ETANOL;24/04/2024;3,400;;R$ / litro;IPIRANGA
SE;MG;UBERLANDIA;AUTO POSTO 023 LTDA;10.000.023/0001-61;RODOVIA BR 116;3103;;CENTRO;36365-830;DIESEL S10;24/04/2024;6,848;;R$ / litro;IPIRANGA
SE;MG;UBERLANDIA;AUTO POSTO 023 LTDA;10.000.023/0001-61;RODOVIA BR 116;3103;;CENTRO;36365-830;GNV;24/04/2024;5,017;;R$ / m³;IPIRANGA
SE;MG;UBERLANDIA;AUTO POSTO 024 LTDA; 10000024000168 ;RUA QUINZE DE NOVEMBRO;505;;CENTRO;42493-330;GASOLINA;24/04/2024;5,989;;R$ / litro;BRANCA
SE;MG;UBERLANDIA;AUTO POSTO 024 LTDA;10.000.024/0001-68;RUA QUINZE DE NOVEMBRO;505;;CENTRO;42493-330;GASOLINA ADITIVADA;24/04/2024;6,233;;R$ / litro;BRANCA
SE;MG;UBERLANDIA;AUTO POSTO 024 LTDA;10.000.024/0001-68;RUA QUINZE DE NOVEMBRO;505;;CENTRO;42493-330;ETANOL;24/04/2024;3,351;2,982;R$ / litro;BRANCA
S;RS;PORTO ALEGRE;AUTO POSTO 025 LTDA;10.000.025/0001-75;RUA DAS FLORES;39;;CENTRO;19305-824;GASOLINA;24/04/2024;5,677;5,210;R$ / litro;BRANCA
S;RS;PORTO ALEGRE;AUTO POSTO 025 LTDA;10.000.025/0001-75;RUA DAS FLORES;39;;CENTRO;19305-824;GNV;24/04/2024;4,607;4,137;R$ / m³;BRANCA
S;RS;PORTO ALEGRE;AUTO POSTO 026 LTDA;10.000.026/0001-82;AVENIDA PAULISTA;300;;CENTRO;77391-343;DIESEL S10;24/04/2024;6,534;;R$ / litro;IPIRANGA
S;RS;PORTO ALEGRE;AUTO POSTO 026 LTDA;10.000.026/0001-82;AVENIDA PAULISTA;300;;CENTRO;77391-343;GASOLINA ADITIVADA;24/04/2024;6,108;;R$ / litro;IPIRANGA
S;RS;PORTO ALEGRE  ;AUTO POSTO 026 LTDA; 10.000.026/0001-82;AVENIDA PAULISTA;300;;CENTRO;77391-343;ETANOL;24/04/2024;4,489;;R$ / litro;IPIRANGA
S;RS;PORTO ALEGRE;AUTO POSTO 027 LTDA; 10000027000189 ;RUA DAS FLORES;2972;;CENTRO;84847-690;DIESEL S10;24/04/2024;6,643;;R$ / litro;RAIZEN
S;RS;PORTO ALEGRE;AUTO POSTO 027 LTDA; 10.000.027/0001-89;RUA DAS FLORES;2972;;CENTRO;84847-690;GNV;24/04/2024;5,030;;R$ / m³;RAIZEN
S;RS;PORTO ALEGRE;AUTO POSTO 028 LTDA; 10000028000196 ;RUA DAS FLORES;396;;CENTRO;22704-774;DIESEL S10;24/04/2024;5,899;;R$ / litro;RAIZEN
S;RS;PORTO ALEGRE;AUTO POSTO 028 LTDA; 10000028000196 ;RUA DAS FLORES;396;;CENTRO;22704-774;GNV;24/04/2024;4,837;;R$ / m³;RAIZEN
S;RS;PORTO ALEGRE;AUTO POSTO 028 LTDA; 10.000.028/0001-96;RUA DAS FLORES;396;;CENTRO;22704-774;GASOLINA ADITIVADA;24/04/2024;5,573;;R$ / litro;RAIZEN
S;RS;CAXIAS DO SUL;AUTO POSTO 029 LTDA;10.000.029/0001-03;AVENIDA BRASIL;2768;;CENTRO;22899-162;ETANOL;24/04/2024;4,439;;R$ / litro;RAIZEN
S;RS;CAXIAS DO SUL;AUTO POSTO 029 LTDA;10.000.029/0001-03;AVENIDA BRASIL;2768;;CENTRO;22899-162;GASOLINA;24/04/2024;5,624;5,215;R$ / litro;RAIZEN
S;RS;CAXIAS DO SUL;AUTO POSTO 029 LTDA;10.000.029/0001-03;AVENIDA BRASIL;2768;;CENTRO;22899-162;DIESEL S10;24/04/2024;6,249;;R$ / litro;RAIZEN
S;RS;CAXIAS DO SUL;AUTO POSTO 030 LTDA; 10000030000110 ;RUA DAS FLORES;789;;CENTRO;80292-559;GASOLINA ADITIVADA;24/04/2024;6,254;;R$ / litro;VIBRA
S;RS;CAXIAS DO SUL;AUTO POSTO 030 LTDA; 10000030000110 ;RUA DAS FLORES;789;;CENTRO;80292-559;ETANOL;24/04/2024;3,426;3,051;R$ / litro;VIBRA
S;RS;CAXIAS DO SUL;AUTO POSTO 030 LTDA;10.000.030/0001-10;RUA DAS FLORES;789;;CENTRO;80292-559;GNV;24/04/2024;4,526;;R$ / m³;VIBRA
S;RS;CAXIAS DO SUL;AUTO POSTO 031 LTDA;10.000.031/0001-17;RUA DAS FLORES;3591;;CENTRO;19880-553;GASOLINA;24/04/2024;6,023;;R$ / litro;ALESAT
S;RS;CAXIAS DO SUL;AUTO POSTO 032 LTDA;10.000.032/0001-24;AVENIDA BRASIL;3804;;CENTRO;40982-270;DIESEL S10;24/04/2024;6,787;;R$ / litro;RAIZEN
S;RS;CAXIAS DO SUL;AUTO POSTO 032 LTDA;10.000.032/0001-24;AVENIDA BRASIL;3804;;CENTRO;40982-270;GASOLINA ADITIVADA;24/04/2024;6,542;;R$ / litro;RAIZEN
S;RS;CAXIAS DO SUL  ;AUTO POSTO 032 LTDA;10.000.032/0001-24;AVENIDA BRASIL;3804;;CENTRO;40982-270;GNV;24/04/2024;4,634;4,219;R$ / m³;RAIZEN
NE;BA;SALVADOR;AUTO POSTO 033 LTDA; 10000033000131 ;AVENIDA BRASIL;684;;CENTRO;59672-102;DIESEL S10;24/04/2024;6,493;;R$ / litro;RAIZEN
NE;BA;SALVADOR;AUTO POSTO 033 LTDA; 10000033000131 ;AVENIDA BRASIL;684;;CENTRO;59672-102;ETANOL;24/04/2024;3,328;;R$ / litro;RAIZEN
NE;BA;SALVADOR;AUTO POSTO 033 LTDA; 10.000.033/0001-31;AVENIDA BRASIL;684;;CENTRO;59672-102;GASOLINA ADITIVADA;24/04/2024;6,179;;R$ / litro;RAIZEN
NE;BA;SALVADOR;AUTO POSTO 034 LTDA;10.000.034/0001-38;RODOVIA BR 116;2721;;CENTRO;73788-258;GASOLINA ADITIVADA;24/04/2024;6,405;5,466;R$ / litro;VIBRA
NE;BA;SALVADOR;AUTO POSTO 034 LTDA; 10.000.034/0001-38;RODOVIA BR 116;2721;;CENTRO;73788-258;GASOLINA;24/04/2024;5,989;5,047;R$ / litro;VIBRA
NE;BA;SALVADOR;AUTO POSTO 034 LTDA;10.000.034/0001-38;RODOVIA BR 116;2721;;CENTRO;73788-258;ETANOL;24/04/2024;3,201;;R$ / litro;VIBRA
NE;BA;SALVADOR;AUTO POSTO 035 LTDA; 10000035000145 ;RODOVIA BR 116;259;;CENTRO;51104-158;DIESEL S10;24/04/2024;5,869;5,370;R$ / litro;BRANCA
NE;BA;SALVADOR;AUTO POSTO 035 LTDA;10.000.035/0001-45;RODOVIA BR 116;259;;CENTRO;51104-158;GASOLINA ADITIVADA;24/04/2024;5,639;5,047;R$ / litro;BRANCA
NE;BA;SALVADOR;AUTO POSTO 035 LTDA;10.000.035/0001-45;RODOVIA BR 116;259;;CENTRO;51104-158;GASOLINA;24/04/2024;5,353;4,751;R$ / litro;BRANCA
NE;BA;SALVADOR;AUTO POSTO 036 LTDA; 10.000.036/0001-52;RODOVIA BR 116;338;;CENTRO;34356-170;GASOLINA ADITIVADA;24/04/2024;6,243;5,659;R$ / litro;ALESAT
NE;BA;FEIRA DE SANTANA;AUTO POSTO 037 LTDA;10.000.037/0001-59;AVENIDA BRASIL;3866;;CENTRO;84668-352;GASOLINA;24/04/2024;6,259;;R$ / litro;ALESAT
NE;BA;FEIRA DE SANTANA;AUTO POSTO 037 LTDA;10.000.037/0001-59;AVENIDA BRASIL;3866;;CENTRO;84668-352;GNV;24/04/2024;4,930;4,265;R$ / m³;ALESAT
NE;BA;FEIRA DE SANTANA;AUTO POSTO 038 LTDA; 10.000.038/0001-66;RODOVIA BR 116;2325;;CENTRO;78522-423;ETANOL;24/04/2024;3,708;3,429;R$ / litro;IPIRANGA
NE;BA;FEIRA DE SANTANA;AUTO POSTO 038 LTDA; 10000038000166 ;RODOVIA BR 116;2325;;CENTRO;78522-423;GASOLINA ADITIVADA;24/04/2024;6,289;;R$ / litro;IPIRANGA
NE;BA;FEIRA DE SANTANA;AUTO POSTO 039 LTDA;10.000.039/0001-73;AVENIDA PAULISTA;1631;;CENTRO;27154-787;ETANOL;24/04/2024;4,170;;R$ / litro;IPIRANGA
NE;BA;FEIRA DE SANTANA;AUTO POSTO 039 LTDA; 10000039000173 ;AVENIDA PAULISTA;1631;;CENTRO;27154-787;GASOLINA;24/04/2024;6,315;;R$ / litro;IPIRANGA
NE;BA;FEIRA DE SANTANA;AUTO POSTO 039 LTDA;10.000.039/0001-73;AVENIDA PAULISTA;1631;;CENTRO;27154-787;DIESEL S10;24/04/2024;6,646;5,820;R$ / litro;IPIRANGA
NE;BA;FEIRA DE SANTANA;AUTO POSTO 040 LTDA;10.000.040/0001-80;RUA QUINZE DE NOVEMBRO;2554;;CENTRO;83792-202;GASOLINA ADITIVADA;24/04/2024;6,617;5,829;R$ / litro;BRANCA
NE;BA;FEIRA DE SANTANA;AUTO POSTO 040 LTDA; 10.000.040/0001-80;RUA QUINZE DE NOVEMBRO;2554;;CENTRO;83792-202;GASOLINA;24/04/2024;6,086;5,301;R$ / litro;BRANCA
N;AM;MANAUS;AUTO POSTO 041 LTDA;10.000.041/0001-87;AVENIDA PAULISTA;3618;;CENTRO;19016-350;GASOLINA ADITIVADA;24/04/2024;6,061;5,635;R$ / litro;IPIRANGA
N;AM;MANAUS;AUTO POSTO 041 LTDA;10.000.041/0001-87;AVENIDA PAULISTA;3618;;CENTRO;19016-350;DIESEL S10;24/04/2024;6,463;5,494;R$ / litro;IPIRANGA
N;AM;MANAUS;AUTO POSTO 041 LTDA; 10.000.041/0001-87;AVENIDA PAULISTA;3618;;CENTRO;19016-350;ETANOL;24/04/2024;3,372;;R$ / litro;IPIRANGA
N;AM;MANAUS;AUTO POSTO 042 LTDA;10.000.042/0001-94;AVENIDA PAULISTA;2515;;CENTRO;79329-108;GASOLINA;24/04/2024;5,509;;R$ / litro;ALESAT
N;AM;MANAUS;AUTO POSTO 042 LTDA; 10.000.042/0001-94;AVENIDA PAULISTA;2515;;CENTRO;79329-108;GASOLINA ADITIVADA;24/04/2024;5,841;5,412;R$ / litro;ALESAT
N;AM;MANAUS;AUTO POSTO 042 LTDA;10.000.042/0001-94;AVENIDA PAULISTA;2515;;CENTRO;79329-108;DIESEL S10;24/04/2024;6,751;5,697;R$ / litro;ALESAT
N;AM;MANAUS;AUTO POSTO 043 LTDA; 10.000.043/0001-01;AVENIDA BRASIL;3654;;CENTRO;24029-860;ETANOL;24/04/2024;4,493;3,857;R$ / litro;ALESAT
N;AM;MANAUS;AUTO POSTO 043 LTDA; 10000043000101 ;AVENIDA BRASIL;3654;;CENTRO;24029-860;GNV;24/04/2024;4,734;;R$ / m³;ALESAT
N;AM;MANAUS;AUTO POSTO 044 LTDA; 10000044000108 ;RODOVIA BR 116;872;;CENTRO;54942-308;DIESEL S10;24/04/2024;6,534;5,598;R$ / litro;IPIRANGA
N;AM;manaus;AUTO POSTO 044 LTDA;10.000.044/0001-08;RODOVIA BR 116;872;;CENTRO;54942-308;GASOLINA;24/04/2024;5,413;4,800;R$ / litro;IPIRANGA
SE;SP;SAO PAULO;AUTO POSTO 001 LTDA; 10.000.001/0001-07;AVENIDA BRASIL;112;;CENTRO;46048-350;GASOLINA;08/05/2024;6,108;;R$ / litro;VIBRA
SE;SP;SAO PAULO;AUTO POSTO 001 LTDA;10.000.001/0001-07;AVENIDA BRASIL;112;;CENTRO;46048-350;GNV;08/05/2024;4,958;;R$ / m³;VIBRA
SE;SP;SAO PAULO;AUTO POSTO 002 LTDA;10.000.002/0001-14;RODOVIA BR 116;1738;;CENTRO;14165-130;GASOLINA ADITIVADA;08/05/2024;6,514;;R$ / litro;BRANCA
SE;SP;SAO PAULO;AUTO POSTO 002 LTDA; 10.000.002/0001-14;RODOVIA BR 116;1738;;CENTRO;14165-130;GASOLINA;08/05/2024;5,749;5,125;R$ / litro;BRANCA
SE;SP;SAO PAULO;AUTO POSTO 003 LTDA; 10000003000121 ;RODOVIA BR 116;824;;CENTRO;81426-529;GNV;08/05/2024;4,986;;R$ / m³;VIBRA
SE;SP;SAO PAULO;AUTO POSTO 003 LTDA;10.000.003/0001-21;RODOVIA BR 116;824;;CENTRO;81426-529;ETANOL;08/05/2024;3,790;;R$ / litro;VIBRA
SE;SP;SAO PAULO;AUTO POSTO 003 LTDA;10.000.003/0001-21;RODOVIA BR 116;824;;CENTRO;81426-529;GASOLINA;08/05/2024;6,290;;R$ / litro;VIBRA
SE;SP;SAO PAULO;AUTO POSTO 004 LTDA;10.000.004/0001-28;RUA DAS FLORES;2869;;CENTRO;65392-448;GASOLINA ADITIVADA;08/05/2024;5,952;5,289;R$ / litro;IPIRANGA
SE;SP;GUARULHOS;AUTO POSTO 005 LTDA; 10.000.005/0001-35;AVENIDA BRASIL;389;;CENTRO;59797-199;GNV;08/05/2024;4,528;4,208;R$ / m³;IPIRANGA
SE;SP;GUARULHOS;AUTO POSTO 005 LTDA;10.000.005/0001-35;AVENIDA BRASIL;389;;CENTRO;59797-199;ETANOL;08/05/2024;4,210;;R$ / litro;IPIRANGA
SE;SP;GUARULHOS;AUTO POSTO 005 LTDA; 10.000.005/0001-35;AVENIDA BRASIL;389;;CENTRO;59797-199;GASOLINA;08/05/2024;5,745;4,863;R$ / litro;IPIRANGA
SE;SP;GUARULHOS;AUTO POSTO 006 LTDA;10.000.006/0001-42;RUA QUINZE DE NOVEMBRO;2206;;CENTRO;26361-487;ETANOL;08/05/2024;4,476;3,989;R$ / litro;BRANCA
SE;SP;GUARULHOS;AUTO POSTO 006 LTDA;10.000.006/0001-42;RUA QUINZE DE NOVEMBRO;2206;;CENTRO;26361-487;GNV;08/05/2024;4,758;;R$ / m³;BRANCA
SE;SP;GUARULHOS;AUTO POSTO 006 LTDA; 10.000.006/0001-42;RUA QUINZE DE NOVEMBRO;2206;;CENTRO;26361-487;DIESEL S10;08/05/2024;6,662;;R$ / litro;BRANCA
SE;SP;GUARULHOS;AUTO POSTO 007 LTDA;10.000.007/0001-49;RUA DAS FLORES;2895;;CENTRO;19116-146;GASOLINA;08/05/2024;6,236;;R$ / litro;VIBRA
SE;SP;GUARULHOS;AUTO POSTO 007 LTDA;10.000.007/0001-49;RUA DAS FLORES;2895;;CENTRO;19116-146;GASOLINA ADITIVADA;08/05/2024;6,279;;R$ / litro;VIBRA
SE;SP;GUARULHOS;AUTO POSTO 007 LTDA; 10.000.007/0001-49;RUA DAS FLORES;2895;;CENTRO;19116-146;GNV;08/05/2024;4,707;4,009;R$ / m³;VIBRA
SE;SP;GUARULHOS;AUTO POSTO 008 LTDA;10.000.008/0001-56;RUA QUINZE DE NOVEMBRO;1148;;CENTRO;69429-750;ETANOL;08/05/2024;4,041;3,559;R$ / litro;IPIRANGA
SE;SP;GUARULHOS;AUTO POSTO 008 LTDA;10.000.008/0001-56;RUA QUINZE DE NOVEMBRO;1148;;CENTRO;69429-750;GNV;08/05/2024;4,895;;R$ / m³;IPIRANGA
SE;SP;CAMPINAS;AUTO POSTO 009 LTDA; 10000009000163 ;RUA DAS FLORES;2755;;CENTRO;44993-818;GASOLINA ADITIVADA;08/05/2024;6,042;;R$ / litro;BRANCA
SE;SP;CAMPINAS;AUTO POSTO 009 LTDA;10.000.009/0001-63;RUA DAS FLORES;2755;;CENTRO;44993-818;GNV;08/05/2024;4,226;;R$ / m³;BRANCA
SE;SP;CAMPINAS;AUTO POSTO 009 LTDA;10.000.009/0001-63;RUA DAS FLORES;2755;;CENTRO;44993-818;GASOLINA;08/05/2024;6,091;;R$ / litro;BRANCA
SE;SP;CAMPINAS;AUTO POSTO 010 LTDA; 10000010000170 ;RUA QUINZE DE NOVEMBRO;1564;;CENTRO;45382-755;ETANOL;08/05/2024;3,700;3,316;R$ / litro;ALESAT
SE;SP;CAMPINAS;AUTO POSTO 010 LTDA;10.000.010/0001-70;RUA QUINZE DE NOVEMBRO;1564;;CENTRO;45382-755;GASOLINA;08/05/2024;6,221;5,515;R$ / litro;ALESAT
SE;SP;CAMPINAS;AUTO POSTO 011 LTDA;10.000.011/0001-77;RUA DAS FLORES;3376;;CENTRO;14207-924;ETANOL;08/05/2024;4,228;;R$ / litro;IPIRANGA
SE;SP;CAMPINAS  ;AUTO POSTO 011 LTDA; 10.000.011/0001-77;RUA DAS FLORES;3376;;CENTRO;14207-924;GASOLINA;08/05/2024;5,357;4,514;R$ / litro;IPIRANGA
SE;SP;CAMPINAS;AUTO POSTO 011 LTDA; 10000011000177 ;RUA DAS FLORES;3376;;CENTRO;14207-924;DIESEL S10;08/05/2024;6,219;;R$ / litro;IPIRANGA
SE;SP;CAMPINAS;AUTO POSTO 012 LTDA;10.000.012/0001-84;RODOVIA BR 116;3599;;CENTRO;51245-317;DIESEL S10;08/05/2024;6,540;6,023;R$ / litro;RAIZEN
SE;SP;CAMPINAS;AUTO POSTO 012 LTDA; 10.000.012/0001-84;RODOVIA BR 116;3599;;CENTRO;51245-317;GASOLINA ADITIVADA;08/05/2024;5,845;5,185;R$ / litro;RAIZEN
SE;SP;CAMPINAS;AUTO POSTO 012 LTDA;10.000.012/0001-84;RODOVIA BR 116;3599;;CENTRO;51245-317;GNV;08/05/2024;4,553;;R$ / m³;RAIZEN
SE;RJ;RIO DE JANEIRO;AUTO POSTO 013 LTDA;10.000.013/0001-91;RUA DAS FLORES;1020;;CENTRO;83579-651;GNV;08/05/2024;4,884;;R$ / m³;IPIRANGA
SE;RJ;RIO DE JANEIRO;AUTO POSTO 013 LTDA;10.000.013/0001-91;RUA DAS FLORES;1020;;CENTRO;83579-651;DIESEL S10;08/05/2024;6,753;6,256;R$ / litro;IPIRANGA
SE;RJ;RIO DE JANEIRO;AUTO POSTO 013 LTDA; 10.000.013/0001-91;RUA DAS FLORES;1020;;CENTRO;83579-651;ETANOL;08/05/2024;3,726;3,359;R$ / litro;IPIRANGA
SE;RJ;RIO DE JANEIRO;AUTO POSTO 014 LTDA; 10.000.014/0001-98;RUA QUINZE DE NOVEMBRO;1492;;CENTRO;38746-241;GASOLINA;08/05/2024;6,095;;R$ / litro;ALESAT
SE;RJ;RIO DE JANEIRO;AUTO POSTO 014 LTDA; 10000014000198 ;RUA QUINZE DE NOVEMBRO;1492;;CENTRO;38746-241;GNV;08/05/2024;4,368;;R$ / m³;ALESAT
SE;RJ;RIO DE JANEIRO;AUTO POSTO 014 LTDA;10.000.014/0001-98;RUA QUINZE DE NOVEMBRO;1492;;CENTRO;38746-241;DIESEL S10;08/05/2024;6,178;;R$ / litro;ALESAT
SE;RJ;RIO DE JANEIRO;AUTO POSTO 015 LTDA;10.000.015/0001-05;RUA DAS FLORES;2580;;CENTRO;30969-911;GASOLINA;08/05/2024;5,916;5,164;R$ / litro;RAIZEN
SE;RJ;RIO DE JANEIRO;AUTO POSTO 015 LTDA; 10.000.015/0001-05;RUA DAS FLORES;2580;;CENTRO;30969-911;DIESEL S10;08/05/2024;6,852;;R$ / litro;RAIZEN
SE;RJ;RIO DE JANEIRO  ;AUTO POSTO 015 LTDA; 10.000.015/0001-05;RUA DAS FLORES;2580;;CENTRO;30969-911;GASOLINA ADITIVADA;08/05/2024;6,457;5,537;R$ / litro;RAIZEN
SE;RJ;RIO DE JANEIRO;AUTO POSTO 016 LTDA;10.000.016/0001-12;RODOVIA BR 116;1927;;CENTRO;79352-357;GASOLINA;08/05/2024;6,319;5,582;R$ / litro;ALESAT
SE;RJ;RIO DE JANEIRO  ;AUTO POSTO 016 LTDA; 10.000.016/0001-12;RODOVIA BR 116;1927;;CENTRO;79352-357;ETANOL;08/05/2024;3,473;3,019;R$ / litro;ALESAT
SE;MG;BELO HORIZONTE;AUTO POSTO 017 LTDA; 10.000.017/0001-19;AVENIDA PAULISTA;466;;CENTRO;48469-545;GASOLINA;08/05/2024;5,523;4,726;R$ / litro;VIBRA
SE;MG;BELO HORIZONTE;AUTO POSTO 017 LTDA; 10000017000119 ;AVENIDA PAULISTA;466;;CENTRO;48469-545;ETANOL;08/05/2024;3,819;;R$ / litro;VIBRA
SE;MG;BELO HORIZONTE;AUTO POSTO 017 LTDA; 10000017000119 ;AVENIDA PAULISTA;466;;CENTRO;48469-545;DIESEL S10;08/05/2024;6,292;5,294;R$ / litro;VIBRA
SE;MG;BELO HORIZONTE;AUTO POSTO 018 LTDA;10.000.018/0001-26;RUA DAS FLORES;2089;;CENTRO;23947-991;GNV;08/05/2024;4,897;;R$ / m³;IPIRANGA
SE;MG;BELO HORIZONTE;AUTO POSTO 018 LTDA;10.000.018/0001-26;RUA DAS FLORES;2089;;CENTRO;23947-991;GASOLINA ADITIVADA;08/05/2024;5,589;4,924;R$ / litro;IPIRANGA
SE;MG;BELO HORIZONTE;AUTO POSTO 018 LTDA;10.000.018/0001-26;RUA DAS FLORES;2089;;CENTRO;23947-991;GASOLINA;08/05/2024;6,066;;R$ / litro;IPIRANGA
SE;MG;BELO HORIZONTE;AUTO POSTO 019 LTDA;10.000.019/0001-33;AVENIDA PAULISTA;3133;;CENTRO;31174-652;GNV;08/05/2024;4,958;4,326;R$ / m³;ALESAT
SE;MG;BELO HORIZONTE;AUTO POSTO 019 LTDA; 10.000.019/0001-33;AVENIDA PAULISTA;3133;;CENTRO;31174-652;ETANOL;08/05/2024;3,723;;R$ / litro;ALESAT
SE;MG;BELO HORIZONTE;AUTO POSTO 020 LTDA; 10000020000140 ;RUA QUINZE DE NOVEMBRO;89;;CENTRO;24662-471;GASOLINA;08/05/2024;5,758;;R$ / litro;IPIRANGA
SE;MG;BELO HORIZONTE;AUTO POSTO 020 LTDA; 10000020000140 ;RUA QUINZE DE NOVEMBRO;89;;CENTRO;24662-471;GASOLINA ADITIVADA;08/05/2024;6,422;;R$ / litro;IPIRANGA
SE;MG;UBERLANDIA;AUTO POSTO 021 LTDA;10.000.021/0001-47;RODOVIA BR 116;3888;;CENTRO;20322-187;GNV;08/05/2024;4,338;;R$ / m³;RAIZEN
SE;MG;UBERLANDIA;AUTO POSTO 021 LTDA; 10.000.021/0001-47;RODOVIA BR 116;3888;;CENTRO;20322-187;GASOLINA ADITIVADA;08/05/2024;6,145;5,487;R$ / litro;RAIZEN
SE;MG;UBERLANDIA;AUTO POSTO 022 LTDA; 10.000.022/0001-54;RUA DAS FLORES;2712;;CENTRO;72296-662;GNV;08/05/2024;4,988;;R$ / m³;VIBRA
SE;MG;UBERLANDIA;AUTO POSTO 022 LTDA; 10.000.022/0001-54;RUA DAS FLORES;2712;;CENTRO;72296-662;DIESEL S10;08/05/2024;6,854;;R$ / litro;VIBRA
SE;MG;UBERLANDIA;AUTO POSTO 022 LTDA; 10000022000154 ;RUA DAS FLORES;2712;;CENTRO;72296-662;GASOLINA;08/05/2024;6,384;5,898;R$ / litro;VIBRA
SE;MG;UBERLANDIA;AUTO POSTO 023 LTDA;10.000.023/0001-61;RODOVIA BR 116;3103;;CENTRO;36365-830;GNV;08/05/2024;4,786;;R$ / m³;IPIRANGA
SE;MG;UBERLANDIA;AUTO POSTO 024 LTDA;10.000.024/0001-68;RUA QUINZE DE NOVEMBRO;505;;CENTRO;42493-330;GASOLINA ADITIVADA;08/05/2024;6,429;;R$ / litro;BRANCA
S;RS;PORTO ALEGRE  ;AUTO POSTO 025 LTDA;10.000.025/0001-75;RUA DAS FLORES;39;;CENTRO;19305-824;GNV;08/05/2024;4,882;4,226;R$ / m³;BRANCA
S;RS;PORTO ALEGRE;AUTO POSTO 026 LTDA; 10000026000182 ;AVENIDA PAULISTA;300;;CENTRO;77391-343;DIESEL S10;08/05/2024;6,445;;R$ / litro;IPIRANGA
S;RS;PORTO ALEGRE;AUTO POSTO 026 LTDA;10.000.026/0001-82;AVENIDA PAULISTA;300;;CENTRO;77391-343;GASOLINA ADITIVADA;08/05/2024;6,015;;R$ / litro;IPIRANGA
S;RS;PORTO ALEGRE;AUTO POSTO 026 LTDA; 10.000.026/0001-82;AVENIDA PAULISTA;300;;CENTRO;77391-343;ETANOL;08/05/2024;4,036;3,393;R$ / litro;IPIRANGA
S;RS;PORTO ALEGRE;AUTO POSTO 027 LTDA;10.000.027/0001-89;RUA DAS FLORES;2972;;CENTRO;84847-690;DIESEL S10;08/05/2024;6,811;6,303;R$ / litro;RAIZEN
S;RS;PORTO ALEGRE;AUTO POSTO 028 LTDA;10.000.028/0001-96;RUA DAS FLORES;396;;CENTRO;22704-774;DIESEL S10;08/05/2024;6,611;5,591;R$ / litro;RAIZEN
S;RS;PORTO ALEGRE;AUTO POSTO 028 LTDA;10.000.028/0001-96;RUA DAS FLORES;396;;CENTRO;22704-774;GNV;08/05/2024;4,827;;R$ / m³;RAIZEN
S;RS;CAXIAS DO SUL;AUTO POSTO 029 LTDA;10.000.029/0001-03;AVENIDA BRASIL;2768;;CENTRO;22899-162;ETANOL;08/05/2024;3,740;;R$ / litro;RAIZEN
S;RS;CAXIAS DO SUL;AUTO POSTO 029 LTDA; 10.000.029/0001-03;AVENIDA BRASIL;2768;;CENTRO;22899-162;GASOLINA;08/05/2024;5,327;4,701;R$ / litro;RAIZEN
S;RS;caxias do sul;AUTO POSTO 029 LTDA; 10.000.029/0001-03;AVENIDA BRASIL;2768;;CENTRO;22899-162;DIESEL S10;08/05/2024;6,153;;R$ / litro;RAIZEN
S;RS;CAXIAS DO SUL;AUTO POSTO 030 LTDA; 10000030000110 ;RUA DAS FLORES;789;;CENTRO;80292-559;GASOLINA ADITIVADA;08/05/2024;5,699;5,080;R$ / litro;VIBRA
S;RS;caxias do sul;AUTO POSTO 030 LTDA;10.000.030/0001-10;RUA DAS FLORES;789;;CENTRO;80292-559;GNV;08/05/2024;4,930;4,385;R$ / m³;VIBRA
S;RS;CAXIAS DO SUL;AUTO POSTO 031 LTDA;10.000.031/0001-17;RUA DAS FLORES;3591;;CENTRO;19880-553;GASOLINA;08/05/2024;6,010;5,296;R$ / litro;ALESAT
S;RS;CAXIAS DO SUL;AUTO POSTO 031 LTDA;10.000.031/0001-17;RUA DAS FLORES;3591;;CENTRO;19880-553;GNV;08/05/2024;5,126;;R$ / m³;ALESAT
S;RS;CAXIAS DO SUL;AUTO POSTO 032 LTDA;10.000.032/0001-24;AVENIDA BRASIL;3804;;CENTRO;40982-270;DIESEL S10;08/05/2024;6,158;5,492;R$ / litro;RAIZEN
S;RS;CAXIAS DO SUL;AUTO POSTO 032 LTDA; 10000032000124 ;AVENIDA BRASIL;3804;;CENTRO;40982-270;GASOLINA ADITIVADA;08/05/2024;6,520;;R$ / litro;RAIZEN
S;RS;CAXIAS DO SUL;AUTO POSTO 032 LTDA;10.000.032/0001-24;AVENIDA BRASIL;3804;;CENTRO;40982-270;GNV;08/05/2024;4,840;4,305;R$ / m³;RAIZEN
NE;BA;SALVADOR;AUTO POSTO 033 LTDA; 10.000.033/0001-31;AVENIDA BRASIL;684;;CENTRO;59672-102;DIESEL S10;08/05/2024;6,573;5,863;R$ / litro;RAIZEN
NE;BA;SALVADOR;AUTO POSTO 033 LTDA; 10.000.033/0001-31;AVENIDA BRASIL;684;;CENTRO;59672-102;ETANOL;08/05/2024;3,547;3,211;R$ / litro;RAIZEN
NE;BA;SALVADOR;AUTO POSTO 033 LTDA; 10000033000131 ;AVENIDA BRASIL;684;;CENTRO;59672-102;GASOLINA ADITIVADA;08/05/2024;5,791;;R$ / litro;RAIZEN
NE;BA;SALVADOR;AUTO POSTO 034 LTDA; 10.000.034/0001-38;RODOVIA BR 116;2721;;CENTRO;73788-258;GASOLINA ADITIVADA;08/05/2024;5,837;5,329;R$ / litro;VIBRA
NE;BA;SALVADOR;AUTO POSTO 034 LTDA;10.000.034/0001-38;RODOVIA BR 116;2721;;CENTRO;73788-258;GASOLINA;08/05/2024;5,499;;R$ / litro;VIBRA
NE;BA;SALVADOR;AUTO POSTO 034 LTDA; 10000034000138 ;RODOVIA BR 116;2721;;CENTRO;73788-258;ETANOL;08/05/2024;3,203;;R$ / litro;VIBRA
NE;BA;SALVADOR;AUTO POSTO 035 LTDA; 10.000.035/0001-45;RODOVIA BR 116;259;;CENTRO;51104-158;DIESEL S10;08/05/2024;6,071;;R$ / litro;BRANCA
NE;BA;SALVADOR;AUTO POSTO 035 LTDA; 10000035000145 ;RODOVIA BR 116;259;;CENTRO;51104-158;GASOLINA ADITIVADA;08/05/2024;6,341;5,730;R$ / litro;BRANCA
NE;BA;SALVADOR;AUTO POSTO 035 LTDA;10.000.035/0001-45;RODOVIA BR 116;259;;CENTRO;51104-158;GASOLINA;08/05/2024;5,444;4,904;R$ / litro;BRANCA
NE;BA;SALVADOR;AUTO POSTO 036 LTDA; 10.000.036/0001-52;RODOVIA BR 116;338;;CENTRO;34356-170;GASOLINA ADITIVADA;08/05/2024;5,987;;R$ / litro;ALESAT
NE;BA;SALVADOR;AUTO POSTO 036 LTDA;10.000.036/0001-52;RODOVIA BR 116;338;;CENTRO;34356-170;DIESEL S10;08/05/2024;5,841;5,306;R$ / litro;ALESAT
NE;BA;FEIRA DE SANTANA;AUTO POSTO 037 LTDA; 10000037000159 ;AVENIDA BRASIL;3866;;CENTRO;84668-352;GASOLINA;08/05/2024;5,870;;R$ / litro;ALESAT
NE;BA;FEIRA DE SANTANA;AUTO POSTO 037 LTDA;10.000.037/0001-59;AVENIDA BRASIL;3866;;CENTRO;84668-352;GNV;08/05/2024;4,893;;R$ / m³;ALESAT
NE;BA;FEIRA DE SANTANA;AUTO POSTO 037 LTDA; 10.000.037/0001-59;AVENIDA BRASIL;3866;;CENTRO;84668-352;GASOLINA ADITIVADA;08/05/2024;5,753;;R$ / litro;ALESAT
NE;BA;FEIRA DE SANTANA  ;AUTO POSTO 038 LTDA; 10.000.038/0001-66;RODOVIA BR 116;2325;;CENTRO;78522-423;ETANOL;08/05/2024;4,039;;R$ / litro;IPIRANGA
NE;BA;FEIRA DE SANTANA;AUTO POSTO 038 LTDA;10.000.038/0001-66;RODOVIA BR 116;2325;;CENTRO;78522-423;GASOLINA ADITIVADA;08/05/2024;6,056;5,562;R$ / litro;IPIRANGA
NE;BA;FEIRA DE SANTANA;AUTO POSTO 039 LTDA;10.000.039/0001-73;AVENIDA PAULISTA;1631;;CENTRO;27154-787;ETANOL;08/05/2024;3,230;2,881;R$ / litro;IPIRANGA
NE;BA;FEIRA DE SANTANA;AUTO POSTO 039 LTDA; 10.000.039/0001-73;AVENIDA PAULISTA;1631;;CENTRO;27154-787;GASOLINA;08/05/2024;6,030;5,173;R$ / litro;IPIRANGA
NE;BA;FEIRA DE SANTANA;AUTO POSTO 039 LTDA;10.000.039/0001-73;AVENIDA PAULISTA;1631;;CENTRO;27154-787;DIESEL S10;08/05/2024;5,862;;R$ / litro;IPIRANGA
NE;BA;FEIRA DE SANTANA;AUTO POSTO 040 LTDA; 10000040000180 ;RUA QUINZE DE NOVEMBRO;2554;;CENTRO;83792-202;GASOLINA ADITIVADA;08/05/2024;5,641;;R$ / litro;BRANCA
NE;BA;FEIRA DE SANTANA;AUTO POSTO 040 LTDA;10.000.040/0001-80;RUA QUINZE DE NOVEMBRO;2554;;CENTRO;83792-202;ETANOL;08/05/2024;3,389;2,893;R$ / litro;BRANCA
NE;BA;FEIRA DE SANTANA;AUTO POSTO 040 LTDA;10.000.040/0001-80;RUA QUINZE DE NOVEMBRO;2554;;CENTRO;83792-202;GASOLINA;08/05/2024;6,253;;R$ / litro;BRANCA
N;AM;MANAUS;AUTO POSTO 041 LTDA;10.000.041/0001-87;AVENIDA PAULISTA;3618;;CENTRO;19016-350;GASOLINA ADITIVADA;08/05/2024;5,609;;R$ / litro;IPIRANGA
N;AM;manaus;AUTO POSTO 041 LTDA;10.000.041/0001-87;AVENIDA PAULISTA;3618;;CENTRO;19016-350;DIESEL S10;08/05/2024;5,933;;R$ / litro;IPIRANGA
N;AM;MANAUS;AUTO POSTO 041 LTDA; 10000041000187 ;AVENIDA PAULISTA;3618;;CENTRO;19016-350;ETANOL;08/05/2024;4,412;3,953;R$ / litro;IPIRANGA
N;AM;MANAUS  ;AUTO POSTO 042 LTDA;10.000.042/0001-94;AVENIDA PAULISTA;2515;;CENTRO;79329-108;GASOLINA;08/05/2024;5,801;;R$ / litro;ALESAT
N;AM;MANAUS;AUTO POSTO 042 LTDA;10.000.042/0001-94;AVENIDA PAULISTA;2515;;CENTRO;79329-108;GASOLINA ADITIVADA;08/05/2024;5,715;;R$ / litro;ALESAT
N;AM;manaus;AUTO POSTO 042 LTDA;10.000.042/0001-94;AVENIDA PAULISTA;2515;;CENTRO;79329-108;DIESEL S10;08/05/2024;6,814;;R$ / litro;ALESAT
N;AM;MANAUS;AUTO POSTO 043 LTDA;10.000.043/0001-01;AVENIDA BRASIL;3654;;CENTRO;24029-860;ETANOL;08/05/2024;3,395;2,891;R$ / litro;ALESAT
N;AM;MANAUS;AUTO POSTO 043 LTDA; 10.000.043/0001-01;AVENIDA BRASIL;3654;;CENTRO;24029-860;GNV;08/05/2024;5,195;4,542;R$ / m³;ALESAT
N;AM;MANAUS;AUTO POSTO 044 LTDA;10.000.044/0001-08;RODOVIA BR 116;872;;CENTRO;54942-308;DIESEL S10;08/05/2024;6,686;6,018;R$ / litro;IPIRANGA
N;AM;MANAUS;AUTO POSTO 044 LTDA; 10000044000108 ;RODOVIA BR 116;872;;CENTRO;54942-308;ETANOL;08/05/2024;4,271;;R$ / litro;IPIRANGA
N;AM;MANAUS;AUTO POSTO 044 LTDA;10.000.044/0001-08;RODOVIA BR 116;872;;CENTRO;54942-308;GASOLINA;08/05/2024;5,603;;R$ / litro;IPIRANGA
SE;SP;SAO PAULO;AUTO POSTO 001 LTDA; 10.000.001/0001-07;AVENIDA BRASIL;112;;CENTRO;46048-350;GASOLINA;22/05/2024;5,726;;R$ / litro;VIBRA
SE;SP;SAO PAULO;AUTO POSTO 001 LTDA; 10.000.001/0001-07;AVENIDA BRASIL;112;;CENTRO;46048-350;GNV;22/05/2024;5,142;;R$ / m³;VIBRA
SE;SP;SAO PAULO  ;AUTO POSTO 002 LTDA; 10.000.002/0001-14;RODOVIA BR 116;1738;;CENTRO;14165-130;GASOLINA ADITIVADA;22/05/2024;6,226;;R$ / litro;BRANCA
SE;SP;SAO PAULO;AUTO POSTO 002 LTDA;10.000.002/0001-14;RODOVIA BR 116;1738;;CENTRO;14165-130;GASOLINA;22/05/2024;5,959;5,391;R$ / litro;BRANCA
SE;SP;SAO PAULO;AUTO POSTO 003 LTDA;10.000.003/0001-21;RODOVIA BR 116;824;;CENTRO;81426-529;GNV;22/05/2024;4,612;4,231;R$ / m³;VIBRA
SE;SP;SAO PAULO;AUTO POSTO 003 LTDA;10.000.003/0001-21;RODOVIA BR 116;824;;CENTRO;81426-529;ETANOL;22/05/2024;3,645;3,345;R$ / litro;VIBRA
SE;SP;SAO PAULO;AUTO POSTO 003 LTDA;10.000.003/0001-21;RODOVIA BR 116;824;;CENTRO;81426-529;GASOLINA;22/05/2024;5,544;;R$ / litro;VIBRA
SE;SP;SAO PAULO;AUTO POSTO 004 LTDA;10.000.004/0001-28;RUA DAS FLORES;2869;;CENTRO;65392-448;GASOLINA ADITIVADA;22/05/2024;5,569;5,132;R$ / litro;IPIRANGA
SE;SP;SAO PAULO;AUTO POSTO 004 LTDA; 10000004000128 ;RUA DAS FLORES;2869;;CENTRO;65392-448;ETANOL;22/05/2024;3,679;;R$ / litro;IPIRANGA
SE;SP;GUARULHOS  ;AUTO POSTO 005 LTDA; 10.000.005/0001-35;AVENIDA BRASIL;389;;CENTRO;59797-199;GNV;22/05/2024;4,572;;R$ / m³;IPIRANGA
SE;SP;GUARULHOS;AUTO POSTO 005 LTDA; 10000005000135 ;AVENIDA BRASIL;389;;CENTRO;59797-199;ETANOL;22/05/2024;4,294;3,920;R$ / litro;IPIRANGA
SE;SP;GUARULHOS  ;AUTO POSTO 005 LTDA;10.000.005/0001-35;AVENIDA BRASIL;389;;CENTRO;59797-199;GASOLINA;22/05/2024;5,343;4,926;R$ / litro;IPIRANGA
SE;SP;GUARULHOS;AUTO POSTO 006 LTDA;10.000.006/0001-42;RUA QUINZE DE NOVEMBRO;2206;;CENTRO;26361-487;ETANOL;22/05/2024;3,784;3,500;R$ / litro;BRANCA
SE;SP;GUARULHOS;AUTO POSTO 006 LTDA;10.000.006/0001-42;RUA QUINZE DE NOVEMBRO;2206;;CENTRO;26361-487;GNV;22/05/2024;4,744;;R$ / m³;BRANCA
SE;SP;GUARULHOS;AUTO POSTO 006 LTDA; 10000006000142 ;RUA QUINZE DE NOVEMBRO;2206;;CENTRO;26361-487;DIESEL S10;22/05/2024;5,918;;R$ / litro;BRANCA
SE;SP;GUARULHOS;AUTO POSTO 007 LTDA; 10.000.007/0001-49;RUA DAS FLORES;2895;;CENTRO;19116-146;GASOLINA;22/05/2024;6,075;;R$ / litro;VIBRA
SE;SP;GUARULHOS  ;AUTO POSTO 007 LTDA; 10.000.007/0001-49;RUA DAS FLORES;2895;;CENTRO;19116-146;GASOLINA ADITIVADA;22/05/2024;5,638;5,177;R$ / litro;VIBRA
SE;SP;GUARULHOS;AUTO POSTO 007 LTDA; 10.000.007/0001-49;RUA DAS FLORES;2895;;CENTRO;19116-146;GNV;22/05/2024;4,692;4,110;R$ / m³;VIBRA
SE;SP;GUARULHOS;AUTO POSTO 008 LTDA;10.000.008/0001-56;RUA QUINZE DE NOVEMBRO;1148;;CENTRO;69429-750;ETANOL;22/05/2024;3,935;3,494;R$ / litro;IPIRANGA
SE;SP;GUARULHOS;AUTO POSTO 008 LTDA; 10000008000156 ;RUA QUINZE DE NOVEMBRO;1148;;CENTRO;69429-750;GNV;22/05/2024;4,903;;R$ / m³;IPIRANGA
SE;SP;CAMPINAS;AUTO POSTO 009 LTDA;10.000.009/0001-63;RUA DAS FLORES;2755;;CENTRO;44993-818;GASOLINA ADITIVADA;22/05/2024;5,917;;R$ / litro;BRANCA
SE;SP;CAMPINAS;AUTO POSTO 009 LTDA; 10000009000163 ;RUA DAS FLORES;2755;;CENTRO;44993-818;GNV;22/05/2024;4,357;;R$ / m³;BRANCA
SE;SP;CAMPINAS;AUTO POSTO 009 LTDA; 10000009000163 ;RUA DAS FLORES;2755;;CENTRO;44993-818;GASOLINA;22/05/2024;6,279;;R$ / litro;BRANCA
SE;SP;CAMPINAS;AUTO POSTO 010 LTDA;10.000.010/0001-70;RUA QUINZE DE NOVEMBRO;1564;;CENTRO;45382-755;ETANOL;22/05/2024;3,882;;R$ / litro;ALESAT
SE;SP;CAMPINAS;AUTO POSTO 010 LTDA;10.000.010/0001-70;RUA QUINZE DE NOVEMBRO;1564;;CENTRO;45382-755;GASOLINA;22/05/2024;5,363;4,705;R$ / litro;ALESAT
SE;SP;CAMPINAS;AUTO POSTO 011 LTDA;10.000.011/0001-77;RUA DAS FLORES;3376;;CENTRO;14207-924;ETANOL;22/05/2024;4,182;;R$ / litro;IPIRANGA
SE;SP;CAMPINAS;AUTO POSTO 011 LTDA;10.000.011/0001-77;RUA DAS FLORES;3376;;CENTRO;14207-924;DIESEL S10;22/05/2024;6,805;6,175;R$ / litro;IPIRANGA
SE;SP;CAMPINAS;AUTO POSTO 012 LTDA;10.000.012/0001-84;RODOVIA BR 116;3599;;CENTRO;51245-317;DIESEL S10;22/05/2024;6,703;;R$ / litro;RAIZEN
SE;SP;CAMPINAS;AUTO POSTO 012 LTDA; 10.000.012/0001-84;RODOVIA BR 116;3599;;CENTRO;51245-317;GASOLINA ADITIVADA;22/05/2024;6,182;5,564;R$ / litro;RAIZEN
SE;SP;CAMPINAS;AUTO POSTO 012 LTDA;10.000.012/0001-84;RODOVIA BR 116;3599;;CENTRO;51245-317;GNV;22/05/2024;4,242;;R$ / m³;RAIZEN
SE;RJ;RIO DE JANEIRO;AUTO POSTO 013 LTDA; 10.000.013/0001-91;RUA DAS FLORES;1020;;CENTRO;83579-651;GNV;22/05/2024;4,847;;R$ / m³;IPIRANGA
SE;RJ;RIO DE JANEIRO;AUTO POSTO 013 LTDA; 10000013000191 ;RUA DAS FLORES;1020;;CENTRO;83579-651;DIESEL S10;22/05/2024;6,503;;R$ / litro;IPIRANGA
SE;RJ;RIO DE JANEIRO;AUTO POSTO 013 LTDA;10.000.013/0001-91;RUA DAS FLORES;1020;;CENTRO;83579-651;ETANOL;22/05/2024;4,258;3,790;R$ / litro;IPIRANGA
SE;RJ;RIO DE JANEIRO;AUTO POSTO 014 LTDA; 10000014000198 ;RUA QUINZE DE NOVEMBRO;1492;;CENTRO;38746-241;GASOLINA;22/05/2024;6,351;5,612;R$ / litro;ALESAT
SE;RJ;RIO DE JANEIRO;AUTO POSTO 014 LTDA; 10.000.014/0001-98;RUA QUINZE DE NOVEMBRO;1492;;CENTRO;38746-241;GNV;22/05/2024;4,448;;R$ / m³;ALESAT
SE;RJ;RIO DE JANEIRO;AUTO POSTO 014 LTDA;10.000.014/0001-98;RUA QUINZE DE NOVEMBRO;1492;;CENTRO;38746-241;DIESEL S10;22/05/2024;6,611;;R$ / litro;ALESAT
SE;RJ;RIO DE JANEIRO;AUTO POSTO 015 LTDA;10.000.015/0001-05;RUA DAS FLORES;2580;;CENTRO;30969-911;GASOLINA;22/05/2024;6,395;;R$ / litro;RAIZEN
SE;RJ;RIO DE JANEIRO;AUTO POSTO 015 LTDA;10.000.015/0001-05;RUA DAS FLORES;2580;;CENTRO;30969-911;GASOLINA ADITIVADA;22/05/2024;6,522;;R$ / litro;RAIZEN
SE;RJ;RIO DE JANEIRO;AUTO POSTO 016 LTDA;10.000.016/0001-12;RODOVIA BR 116;1927;;CENTRO;79352-357;GASOLINA;22/05/2024;5,814;;R$ / litro;ALESAT
SE;RJ;RIO DE JANEIRO;AUTO POSTO 016 LTDA;10.000.016/0001-12;RODOVIA BR 116;1927;;CENTRO;79352-357;ETANOL;22/05/2024;3,337;;R$ / litro;ALESAT
SE;MG;BELO HORIZONTE;AUTO POSTO 017 LTDA;10.000.017/0001-19;AVENIDA PAULISTA;466;;CENTRO;48469-545;GASOLINA;22/05/2024;5,994;;R$ / litro;VIBRA
SE;MG;BELO HORIZONTE;AUTO POSTO 017 LTDA;10.000.017/0001-19;AVENIDA PAULISTA;466;;CENTRO;48469-545;ETANOL;22/05/2024;3,506;;R$ / litro;VIBRA
SE;MG;BELO HORIZONTE;AUTO POSTO 017 LTDA; 10000017000119 ;AVENIDA PAULISTA;466;;CENTRO;48469-545;DIESEL S10;22/05/2024;6,791;;R$ / litro;VIBRA
SE;MG;BELO HORIZONTE  ;AUTO POSTO 018 LTDA;10.000.018/0001-26;RUA DAS FLORES;2089;;CENTRO;23947-991;GASOLINA ADITIVADA;22/05/2024;6,618;;R$ / litro;IPIRANGA
SE;MG;BELO HORIZONTE;AUTO POSTO 018 LTDA;10.000.018/0001-26;RUA DAS FLORES;2089;;CENTRO;23947-991;GASOLINA;22/05/2024;5,477;5,067;R$ / litro;IPIRANGA
SE;MG;BELO HORIZONTE;AUTO POSTO 019 LTDA;10.000.019/0001-33;AVENIDA PAULISTA;3133;;CENTRO;31174-652;GNV;22/05/2024;4,771;;R$ / m³;ALESAT
SE;MG;BELO HORIZONTE;AUTO POSTO 019 LTDA;10.000.019/0001-33;AVENIDA PAULISTA;3133;;CENTRO;31174-652;ETANOL;22/05/2024;3,901;3,286;R$ / litro;ALESAT
SE;MG;BELO HORIZONTE;AUTO POSTO 020 LTDA; 10.000.020/0001-40;RUA QUINZE DE NOVEMBRO;89;;CENTRO;24662-471;GASOLINA;22/05/2024;5,821;5,331;R$ / litro;IPIRANGA
SE;MG;BELO HORIZONTE;AUTO POSTO 020 LTDA;10.000.020/0001-40;RUA QUINZE DE NOVEMBRO;89;;CENTRO;24662-471;GASOLINA ADITIVADA;22/05/2024;5,880;;R$ / litro;IPIRANGA
SE;MG;UBERLANDIA;AUTO POSTO 021 LTDA;10.000.021/0001-47;RODOVIA BR 116;3888;;CENTRO;20322-187;GNV;22/05/2024;4,711;;R$ / m³;RAIZEN
SE;MG;UBERLANDIA;AUTO POSTO 021 LTDA;10.000.021/0001-47;RODOVIA BR 116;3888;;CENTRO;20322-187;GASOLINA ADITIVADA;22/05/2024;6,210;;R$ / litro;RAIZEN
SE;MG;UBERLANDIA;AUTO POSTO 022 LTDA; 10000022000154 ;RUA DAS FLORES;2712;;CENTRO;72296-662;GNV;22/05/2024;4,779;;R$ / m³;VIBRA
SE;MG;UBERLANDIA;AUTO POSTO 022 LTDA;10.000.022/0001-54;RUA DAS FLORES;2712;;CENTRO;72296-662;DIESEL S10;22/05/2024;6,094;;R$ / litro;VIBRA
SE;MG;UBERLANDIA;AUTO POSTO 022 LTDA;10.000.022/0001-54;RUA DAS FLORES;2712;;CENTRO;72296-662;GASOLINA;22/05/2024;6,169;;R$ / litro;VIBRA
SE;MG;UBERLANDIA  ;AUTO POSTO 023 LTDA;10.000.023/0001-61;RODOVIA BR 116;3103;;CENTRO;36365-830;ETANOL;22/05/2024;3,633;3,087;R$ / litro;IPIRANGA
SE;MG;UBERLANDIA;AUTO POSTO 023 LTDA; 10000023000161 ;RODOVIA BR 116;3103;;CENTRO;36365-830;DIESEL S10;22/05/2024;6,000;;R$ / litro;IPIRANGA
SE;MG;UBERLANDIA;AUTO POSTO 023 LTDA; 10.000.023/0001-61;RODOVIA BR 116;3103;;CENTRO;36365-830;GNV;22/05/2024;5,035;4,477;R$ / m³;IPIRANGA
SE;MG;UBERLANDIA;AUTO POSTO 024 LTDA; 10000024000168 ;RUA QUINZE DE NOVEMBRO;505;;CENTRO;42493-330;GASOLINA;22/05/2024;5,328;;R$ / litro;BRANCA
SE;MG;UBERLANDIA  ;AUTO POSTO 024 LTDA;10.000.024/0001-68;RUA QUINZE DE NOVEMBRO;505;;CENTRO;42493-330;GASOLINA ADITIVADA;22/05/2024;6,629;6,022;R$ / litro;BRANCA
SE;MG;UBERLANDIA;AUTO POSTO 024 LTDA;10.000.024/0001-68;RUA QUINZE DE NOVEMBRO;505;;CENTRO;42493-330;ETANOL;22/05/2024;3,200;;R$ / litro;BRANCA
S;RS;PORTO ALEGRE;AUTO POSTO 025 LTDA; 10.000.025/0001-75;RUA DAS FLORES;39;;CENTRO;19305-824;GASOLINA;22/05/2024;5,888;;R$ / litro;BRANCA
S;RS;PORTO ALEGRE;AUTO POSTO 025 LTDA; 10000025000175 ;RUA DAS FLORES;39;;CENTRO;19305-824;GNV;22/05/2024;4,337;3,830;R$ / m³;BRANCA
S;RS;PORTO ALEGRE;AUTO POSTO 026 LTDA; 10000026000182 ;AVENIDA PAULISTA;300;;CENTRO;77391-343;DIESEL S10;22/05/2024;6,462;5,441;R$ / litro;IPIRANGA
S;RS;porto alegre;AUTO POSTO 026 LTDA;10.000.026/0001-82;AVENIDA PAULISTA;300;;CENTRO;77391-343;GASOLINA ADITIVADA;22/05/2024;5,944;;R$ / litro;IPIRANGA
S;RS;PORTO ALEGRE;AUTO POSTO 026 LTDA;10.000.026/0001-82;AVENIDA PAULISTA;300;;CENTRO;77391-343;ETANOL;22/05/2024;4,129;3,548;R$ / litro;IPIRANGA
S;RS;PORTO ALEGRE;AUTO POSTO 027 LTDA; 10.000.027/0001-89;RUA DAS FLORES;2972;;CENTRO;84847-690;DIESEL S10;22/05/2024;6,005;5,541;R$ / litro;RAIZEN
S;RS;PORTO ALEGRE;AUTO POSTO 027 LTDA; 10000027000189 ;RUA DAS FLORES;2972;;CENTRO;84847-690;GNV;22/05/2024;4,532;;R$ / m³;RAIZEN
S;RS;PORTO ALEGRE;AUTO POSTO 028 LTDA; 10.000.028/0001-96;RUA DAS FLORES;396;;CENTRO;22704-774;GNV;22/05/2024;4,950;;R$ / m³;RAIZEN
S;RS;PORTO ALEGRE;AUTO POSTO 028 LTDA; 10000028000196 ;RUA DAS FLORES;396;;CENTRO;22704-774;GASOLINA ADITIVADA;22/05/2024;5,900;5,059;R$ / litro;RAIZEN
S;RS;CAXIAS DO SUL  ;AUTO POSTO 029 LTDA; 10.000.029/0001-03;AVENIDA BRASIL;2768;;CENTRO;22899-162;ETANOL;22/05/2024;4,366;;R$ / litro;RAIZEN
S;RS;CAXIAS DO SUL;AUTO POSTO 029 LTDA;10.000.029/0001-03;AVENIDA BRASIL;2768;;CENTRO;22899-162;DIESEL S10;22/05/2024;6,401;;R$ / litro;RAIZEN
S;RS;CAXIAS DO SUL;AUTO POSTO 030 LTDA; 10000030000110 ;RUA DAS FLORES;789;;CENTRO;80292-559;GASOLINA ADITIVADA;22/05/2024;6,467;5,590;R$ / litro;VIBRA
S;RS;CAXIAS DO SUL;AUTO POSTO 030 LTDA;10.000.030/0001-10;RUA DAS FLORES;789;;CENTRO;80292-559;ETANOL;22/05/2024;4,223;;R$ / litro;VIBRA
S;RS;CAXIAS DO SUL;AUTO POSTO 030 LTDA; 10000030000110 ;RUA DAS FLORES;789;;CENTRO;80292-559;GNV;22/05/2024;5,147;;R$ / m³;VIBRA
S;RS;CAXIAS DO SUL;AUTO POSTO 031 LTDA;10.000.031/0001-17;RUA DAS FLORES;3591;;CENTRO;19880-553;GASOLINA;22/05/2024;6,069;;R$ / litro;ALESAT
S;RS;CAXIAS DO SUL;AUTO POSTO 031 LTDA; 10.000.031/0001-17;RUA DAS FLORES;3591;;CENTRO;19880-553;GNV;22/05/2024;5,130;4,453;R$ / m³;ALESAT
S;RS;caxias do sul;AUTO POSTO 032 LTDA;10.000.032/0001-24;AVENIDA BRASIL;3804;;CENTRO;40982-270;DIESEL S10;22/05/2024;5,922;;R$ / litro;RAIZEN
S;RS;CAXIAS DO SUL;AUTO POSTO 032 LTDA;10.000.032/0001-24;AVENIDA BRASIL;3804;;CENTRO;40982-270;GASOLINA ADITIVADA;22/05/2024;6,479;;R$ / litro;RAIZEN
S;RS;CAXIAS DO SUL;AUTO POSTO 032 LTDA; 10000032000124 ;AVENIDA BRASIL;3804;;CENTRO;40982-270;GNV;22/05/2024;5,089;4,327;R$ / m³;RAIZEN
NE;BA;SALVADOR;AUTO POSTO 033 LTDA;10.000.033/0001-31;AVENIDA BRASIL;684;;CENTRO;59672-102;DIESEL S10;22/05/2024;6,050;;R$ / litro;RAIZEN
NE;BA;SALVADOR;AUTO POSTO 033 LTDA; 10000033000131 ;AVENIDA BRASIL;684;;CENTRO;59672-102;ETANOL;22/05/2024;3,469;3,042;R$ / litro;RAIZEN
NE;BA;SALVADOR;AUTO POSTO 033 LTDA; 10.000.033/0001-31;AVENIDA BRASIL;684;;CENTRO;59672-102;GASOLINA ADITIVADA;22/05/2024;5,910;;R$ / litro;RAIZEN
NE;BA;SALVADOR  ;AUTO POSTO 034 LTDA; 10.000.034/0001-38;RODOVIA BR 116;2721;;CENTRO;73788-258;GASOLINA ADITIVADA;22/05/2024;6,438;5,971;R$ / litro;VIBRA
NE;BA;SALVADOR  ;AUTO POSTO 034 LTDA; 10.000.034/0001-38;RODOVIA BR 116;2721;;CENTRO;73788-258;GASOLINA;22/05/2024;6,164;;R$ / litro;VIBRA
NE;BA;SALVADOR;AUTO POSTO 034 LTDA; 10000034000138 ;RODOVIA BR 116;2721;;CENTRO;73788-258;ETANOL;22/05/2024;3,734;3,283;R$ / litro;VIBRA
NE;BA;SALVADOR;AUTO POSTO 035 LTDA; 10.000.035/0001-45;RODOVIA BR 116;259;;CENTRO;51104-158;DIESEL S10;22/05/2024;6,146;;R$ / litro;BRANCA
NE;BA;SALVADOR;AUTO POSTO 035 LTDA;10.000.035/0001-45;RODOVIA BR 116;259;;CENTRO;51104-158;GASOLINA ADITIVADA;22/05/2024;6,178;;R$ / litro;BRANCA
NE;BA;SALVADOR;AUTO POSTO 035 LTDA;10.000.035/0001-45;RODOVIA BR 116;259;;CENTRO;51104-158;GASOLINA;22/05/2024;5,512;;R$ / litro;BRANCA
NE;BA;SALVADOR;AUTO POSTO 036 LTDA;10.000.036/0001-52;RODOVIA BR 116;338;;CENTRO;34356-170;GASOLINA ADITIVADA;22/05/2024;6,493;5,921;R$ / litro;ALESAT
NE;BA;SALVADOR;AUTO POSTO 036 LTDA;10.000.036/0001-52;RODOVIA BR 116;338;;CENTRO;34356-170;DIESEL S10;22/05/2024;6,647;5,756;R$ / litro;ALESAT
NE;BA;FEIRA DE SANTANA;AUTO POSTO 037 LTDA; 10.000.037/0001-59;AVENIDA BRASIL;3866;;CENTRO;84668-352;GASOLINA;22/05/2024;5,552;5,011;R$ / litro;ALESAT
NE;BA;FEIRA DE SANTANA;AUTO POSTO 037 LTDA;10.000.037/0001-59;AVENIDA BRASIL;3866;;CENTRO;84668-352;GNV;22/05/2024;4,318;3,697;R$ / m³;ALESAT
NE;BA;FEIRA DE SANTANA;AUTO POSTO 037 LTDA; 10000037000159 ;AVENIDA BRASIL;3866;;CENTRO;84668-352;GASOLINA ADITIVADA;22/05/2024;6,313;;R$ / litro;ALESAT
NE;BA;FEIRA DE SANTANA;AUTO POSTO 038 LTDA;10.000.038/0001-66;RODOVIA BR 116;2325;;CENTRO;78522-423;ETANOL;22/05/2024;3,707;3,173;R$ / litro;IPIRANGA
NE;BA;FEIRA DE SANTANA;AUTO POSTO 038 LTDA; 10.000.038/0001-66;RODOVIA BR 116;2325;;CENTRO;78522-423;GASOLINA ADITIVADA;22/05/2024;6,552;;R$ / litro;IPIRANGA
NE;BA;FEIRA DE SANTANA;AUTO POSTO 039 LTDA; 10000039000173 ;AVENIDA PAULISTA;1631;;CENTRO;27154-787;ETANOL;22/05/2024;4,491;4,138;R$ / litro;IPIRANGA
NE;BA;FEIRA DE SANTANA;AUTO POSTO 039 LTDA; 10000039000173 ;AVENIDA PAULISTA;1631;;CENTRO;27154-787;GASOLINA;22/05/2024;5,829;;R$ / litro;IPIRANGA
NE;BA;FEIRA DE SANTANA;AUTO POSTO 039 LTDA;10.000.039/0001-73;AVENIDA PAULISTA;1631;;CENTRO;27154-787;DIESEL S10;22/05/2024;5,990;;R$ / litro;IPIRANGA
NE;BA;FEIRA DE SANTANA;AUTO POSTO 040 LTDA;10.000.040/0001-80;RUA QUINZE DE NOVEMBRO;2554;;CENTRO;83792-202;GASOLINA ADITIVADA;22/05/2024;6,574;5,602;R$ / litro;BRANCA
NE;BA;FEIRA DE SANTANA;AUTO POSTO 040 LTDA;10.000.040/0001-80;RUA QUINZE DE NOVEMBRO;2554;;CENTRO;83792-202;ETANOL;22/05/2024;4,030;;R$ / litro;BRANCA
NE;BA;FEIRA DE SANTANA;AUTO POSTO 040 LTDA;10.000.040/0001-80;RUA QUINZE DE NOVEMBRO;2554;;CENTRO;83792-202;GASOLINA;22/05/2024;5,359;;R$ / litro;BRANCA
N;AM;MANAUS;AUTO POSTO 041 LTDA; 10000041000187 ;AVENIDA PAULISTA;3618;;CENTRO;19016-350;GASOLINA ADITIVADA;22/05/2024;5,926;;R$ / litro;IPIRANGA
N;AM;MANAUS;AUTO POSTO 041 LTDA;10.000.041/0001-87;AVENIDA PAULISTA;3618;;CENTRO;19016-350;DIESEL S10;22/05/2024;6,307;5,763;R$ / litro;IPIRANGA
N;AM;MANAUS;AUTO POSTO 041 LTDA;10.000.041/0001-87;AVENIDA PAULISTA;3618;;CENTRO;19016-350;ETANOL;22/05/2024;3,603;3,207;R$ / litro;IPIRANGA
N;AM;MANAUS;AUTO POSTO 042 LTDA; 10.000.042/0001-94;AVENIDA PAULISTA;2515;;CENTRO;79329-108;GASOLINA;22/05/2024;5,698;;R$ / litro;ALESAT
N;AM;MANAUS  ;AUTO POSTO 042 LTDA; 10.000.042/0001-94;AVENIDA PAULISTA;2515;;CENTRO;79329-108;GASOLINA ADITIVADA;22/05/2024;6,267;5,346;R$ / litro;ALESAT
N;AM;MANAUS;AUTO POSTO 042 LTDA;10.000.042/0001-94;AVENIDA PAULISTA;2515;;CENTRO;79329-108;DIESEL S10;22/05/2024;5,954;5,502;R$ / litro;ALESAT
N;AM;MANAUS;AUTO POSTO 043 LTDA; 10000043000101 ;AVENIDA BRASIL;3654;;CENTRO;24029-860;ETANOL;22/05/2024;4,087;;R$ / litro;ALESAT
N;AM;manaus;AUTO POSTO 043 LTDA; 10.000.043/0001-01;AVENIDA BRASIL;3654;;CENTRO;24029-860;GNV;22/05/2024;4,845;;R$ / m³;ALESAT
N;AM;MANAUS;AUTO POSTO 044 LTDA;10.000.044/0001-08;RODOVIA BR 116;872;;CENTRO;54942-308;DIESEL S10;22/05/2024;6,754;;R$ / litro;IPIRANGA
N;AM;MANAUS;AUTO POSTO 044 LTDA;10.000.044/0001-08;RODOVIA BR 116;872;;CENTRO;54942-308;ETANOL;22/05/2024;4,367;3,673;R$ / litro;IPIRANGA
N;AM;MANAUS;AUTO POSTO 044 LTDA;10.000.044/0001-08;RODOVIA BR 116;872;;CENTRO;54942-308;GASOLINA;22/05/2024;5,967;5,145;R$ / litro;IPIRANGA
SE;SP;SAO PAULO;AUTO POSTO 001 LTDA;10.000.001/0001-07;AVENIDA BRASIL;112;;CENTRO;46048-350;GNV;05/06/2024;4,587;;R$ / m³;VIBRA
SE;SP;SAO PAULO;AUTO POSTO 002 LTDA;10.000.002/0001-14;RODOVIA BR 116;1738;;CENTRO;14165-130;GASOLINA ADITIVADA;05/06/2024;5,843;;R$ / litro;BRANCA
SE;SP;SAO PAULO;AUTO POSTO 002 LTDA; 10.000.002/0001-14;RODOVIA BR 116;1738;;CENTRO;14165-130;GASOLINA;05/06/2024;5,313;;R$ / litro;BRANCA
SE;SP;SAO PAULO;AUTO POSTO 003 LTDA;10.000.003/0001-21;RODOVIA BR 116;824;;CENTRO;81426-529;GNV;05/06/2024;4,715;;R$ / m³;VIBRA
SE;SP;SAO PAULO;AUTO POSTO 003 LTDA; 10.000.003/0001-21;RODOVIA BR 116;824;;CENTRO;81426-529;ETANOL;05/06/2024;3,868;3,397;R$ / litro;VIBRA
SE;SP;SAO PAULO;AUTO POSTO 003 LTDA; 10.000.003/0001-21;RODOVIA BR 116;824;;CENTRO;81426-529;GASOLINA;05/06/2024;6,308;;R$ / litro;VIBRA
SE;SP;SAO PAULO;AUTO POSTO 004 LTDA;10.000.004/0001-28;RUA DAS FLORES;2869;;CENTRO;65392-448;GASOLINA ADITIVADA;05/06/2024;6,451;;R$ / litro;IPIRANGA
SE;SP;SAO PAULO;AUTO POSTO 004 LTDA;10.000.004/0001-28;RUA DAS FLORES;2869;;CENTRO;65392-448;ETANOL;05/06/2024;3,785;;R$ / litro;IPIRANGA
SE;SP;GUARULHOS;AUTO POSTO 005 LTDA; 10.000.005/0001-35;AVENIDA BRASIL;389;;CENTRO;59797-199;GNV;05/06/2024;4,441;;R$ / m³;IPIRANGA
SE;SP;GUARULHOS;AUTO POSTO 005 LTDA; 10.000.005/0001-35;AVENIDA BRASIL;389;;CENTRO;59797-199;ETANOL;05/06/2024;4,336;;R$ / litro;IPIRANGA
SE;SP;GUARULHOS;AUTO POSTO 005 LTDA; 10000005000135 ;AVENIDA BRASIL;389;;CENTRO;59797-199;GASOLINA;05/06/2024;6,387;;R$ / litro;IPIRANGA
SE;SP;GUARULHOS;AUTO POSTO 006 LTDA;10.000.006/0001-42;RUA QUINZE DE NOVEMBRO;2206;;CENTRO;26361-487;ETANOL;05/06/2024;3,598;;R$ / litro;BRANCA
SE;SP;GUARULHOS;AUTO POSTO 006 LTDA; 10000006000142 ;RUA QUINZE DE NOVEMBRO;2206;;CENTRO;26361-487;GNV;05/06/2024;4,305;;R$ / m³;BRANCA
SE;SP;GUARULHOS;AUTO POSTO 006 LTDA;10.000.006/0001-42;RUA QUINZE DE NOVEMBRO;2206;;CENTRO;26361-487;DIESEL S10;05/06/2024;5,840;5,289;R$ / litro;BRANCA
SE;SP;GUARULHOS;AUTO POSTO 007 LTDA; 10000007000149 ;RUA DAS FLORES;2895;;CENTRO;19116-146;GASOLINA;05/06/2024;6,082;5,181;R$ / litro;VIBRA
SE;SP;GUARULHOS;AUTO POSTO 007 LTDA;10.000.007/0001-49;RUA DAS FLORES;2895;;CENTRO;19116-146;GASOLINA ADITIVADA;05/06/2024;6,202;5,341;R$ / litro;VIBRA
SE;SP;GUARULHOS;AUTO POSTO 007 LTDA;10.000.007/0001-49;RUA DAS FLORES;2895;;CENTRO;19116-146;GNV;05/06/2024;5,185;;R$ / m³;VIBRA
SE;SP;GUARULHOS;AUTO POSTO 008 LTDA;10.000.008/0001-56;RUA QUINZE DE NOVEMBRO;1148;;CENTRO;69429-750;ETANOL;05/06/2024;4,427;;R$ / litro;IPIRANGA
SE;SP;GUARULHOS;AUTO POSTO 008 LTDA;10.000.008/0001-56;RUA QUINZE DE NOVEMBRO;1148;;CENTRO;69429-750;GNV;05/06/2024;4,912;;R$ / m³;IPIRANGA
SE;SP;CAMPINAS;AUTO POSTO 009 LTDA;10.000.009/0001-63;RUA DAS FLORES;2755;;CENTRO;44993-818;GASOLINA ADITIVADA;05/06/2024;6,448;5,550;R$ / litro;BRANCA
SE;SP;CAMPINAS  ;AUTO POSTO 009 LTDA;10.000.009/0001-63;RUA DAS FLORES;2755;;CENTRO;44993-818;GNV;05/06/2024;4,708;;R$ / m³;BRANCA
SE;SP;CAMPINAS;AUTO POSTO 009 LTDA; 10000009000163 ;RUA DAS FLORES;2755;;CENTRO;44993-818;GASOLINA;05/06/2024;6,086;5,412;R$ / litro;BRANCA
SE;SP;CAMPINAS;AUTO POSTO 010 LTDA; 10000010000170 ;RUA QUINZE DE NOVEMBRO;1564;;CENTRO;45382-755;ETANOL;05/06/2024;4,236;3,908;R$ / litro;ALESAT
SE;SP;CAMPINAS;AUTO POSTO 010 LTDA; 10.000.010/0001-70;RUA QUINZE DE NOVEMBRO;1564;;CENTRO;45382-755;GASOLINA;05/06/2024;6,015;;R$ / litro;ALESAT
SE;SP;CAMPINAS  ;AUTO POSTO 011 LTDA;10.000.011/0001-77;RUA DAS FLORES;3376;;CENTRO;14207-924;GASOLINA;05/06/2024;5,514;5,062;R$ / litro;IPIRANGA
SE;SP;CAMPINAS;AUTO POSTO 011 LTDA;10.000.011/0001-77;RUA DAS FLORES;3376;;CENTRO;14207-924;DIESEL S10;05/06/2024;5,838;5,310;R$ / litro;IPIRANGA
SE;SP;CAMPINAS;AUTO POSTO 012 LTDA;10.000.012/0001-84;RODOVIA BR 116;3599;;CENTRO;51245-317;GASOLINA ADITIVADA;05/06/2024;5,554;;R$ / litro;RAIZEN
SE;SP;CAMPINAS;AUTO POSTO 012 LTDA; 10000012000184 ;RODOVIA BR 116;3599;;CENTRO;51245-317;GNV;05/06/2024;4,638;3,904;R$ / m³;RAIZEN
SE;RJ;RIO DE JANEIRO;AUTO POSTO 013 LTDA; 10000013000191 ;RUA DAS FLORES;1020;;CENTRO;83579-651;GNV;05/06/2024;4,622;3,888;R$ / m³;IPIRANGA
SE;RJ;RIO DE JANEIRO;AUTO POSTO 013 LTDA; 10.000.013/0001-91;RUA DAS FLORES;1020;;CENTRO;83579-651;DIESEL S10;05/06/2024;6,754;;R$ / litro;IPIRANGA
SE;RJ;RIO DE JANEIRO;AUTO POSTO 013 LTDA;10.000.013/0001-91;RUA DAS FLORES;1020;;CENTRO;83579-651;ETANOL;05/06/2024;4,483;3,946;R$ / litro;IPIRANGA
SE;RJ;RIO DE JANEIRO;AUTO POSTO 014 LTDA; 10.000.014/0001-98;RUA QUINZE DE NOVEMBRO;1492;;CENTRO;38746-241;GASOLINA;05/06/2024;6,150;;R$ / litro;ALESAT
SE;RJ;RIO DE JANEIRO  ;AUTO POSTO 014 LTDA; 10.000.014/0001-98;RUA QUINZE DE NOVEMBRO;1492;;CENTRO;38746-241;GNV;05/06/2024;4,754;4,304;R$ / m³;ALESAT
SE;RJ;RIO DE JANEIRO;AUTO POSTO 014 LTDA; 10000014000198 ;RUA QUINZE DE NOVEMBRO;1492;;CENTRO;38746-241;DIESEL S10;05/06/2024;6,468;;R$ / litro;ALESAT
SE;RJ;RIO DE JANEIRO;AUTO POSTO 015 LTDA;10.000.015/0001-05;RUA DAS FLORES;2580;;CENTRO;30969-911;GASOLINA;05/06/2024;5,820;;R$ / litro;RAIZEN
SE;RJ;RIO DE JANEIRO;AUTO POSTO 015 LTDA;10.000.015/0001-05;RUA DAS FLORES;2580;;CENTRO;30969-911;DIESEL S10;05/06/2024;6,200;5,538;R$ / litro;RAIZEN
SE;RJ;RIO DE JANEIRO;AUTO POSTO 015 LTDA;10.000.015/0001-05;RUA DAS FLORES;2580;;CENTRO;30969-911;GASOLINA ADITIVADA;05/06/2024;6,176;;R$ / litro;RAIZEN
SE;RJ;RIO DE JANEIRO;AUTO POSTO 016 LTDA;10.000.016/0001-12;RODOVIA BR 116;1927;;CENTRO;79352-357;ETANOL;05/06/2024;3,373;;R$ / litro;ALESAT
SE;MG;BELO HORIZONTE;AUTO POSTO 017 LTDA;10.000.017/0001-19;AVENIDA PAULISTA;466;;CENTRO;48469-545;GASOLINA;05/06/2024;5,718;4,844;R$ / litro;VIBRA
SE;MG;BELO HORIZONTE;AUTO POSTO 017 LTDA; 10.000.017/0001-19;AVENIDA PAULISTA;466;;CENTRO;48469-545;ETANOL;05/06/2024;4,415;;R$ / litro;VIBRA
SE;MG;BELO HORIZONTE;AUTO POSTO 017 LTDA; 10.000.017/0001-19;AVENIDA PAULISTA;466;;CENTRO;48469-545;DIESEL S10;05/06/2024;6,869;6,071;R$ / litro;VIBRA
SE;MG;belo horizonte;AUTO POSTO 018 LTDA;10.000.018/0001-26;RUA DAS FLORES;2089;;CENTRO;23947-991;GNV;05/06/2024;4,297;;R$ / m³;IPIRANGA
SE;MG;BELO HORIZONTE;AUTO POSTO 018 LTDA; 10.000.018/0001-26;RUA DAS FLORES;2089;;CENTRO;23947-991;GASOLINA ADITIVADA;05/06/2024;5,651;;R$ / litro;IPIRANGA
SE;MG;BELO HORIZONTE;AUTO POSTO 018 LTDA; 10.000.018/0001-26;RUA DAS FLORES;2089;;CENTRO;23947-991;GASOLINA;05/06/2024;5,495;5,082;R$ / litro;IPIRANGA
SE;MG;BELO HORIZONTE;AUTO POSTO 019 LTDA; 10000019000133 ;AVENIDA PAULISTA;3133;;CENTRO;31174-652;GNV;05/06/2024;4,253;;R$ / m³;ALESAT
SE;MG;BELO HORIZONTE;AUTO POSTO 019 LTDA; 10.000.019/0001-33;AVENIDA PAULISTA;3133;;CENTRO;31174-652;ETANOL;05/06/2024;3,546;3,241;R$ / litro;ALESAT
SE;MG;BELO HORIZONTE;AUTO POSTO 020 LTDA; 10000020000140 ;RUA QUINZE DE NOVEMBRO;89;;CENTRO;24662-471;GASOLINA;05/06/2024;6,217;5,466;R$ / litro;IPIRANGA
SE;MG;BELO HORIZONTE  ;AUTO POSTO 020 LTDA; 10.000.020/0001-40;RUA QUINZE DE NOVEMBRO;89;;CENTRO;24662-471;GASOLINA ADITIVADA;05/06/2024;6,464;;R$ / litro;IPIRANGA
SE;MG;UBERLANDIA  ;AUTO POSTO 021 LTDA; 10.000.021/0001-47;RODOVIA BR 116;3888;;CENTRO;20322-187;GASOLINA ADITIVADA;05/06/2024;6,001;;R$ / litro;RAIZEN
SE;MG;UBERLANDIA;AUTO POSTO 022 LTDA;10.000.022/0001-54;RUA DAS FLORES;2712;;CENTRO;72296-662;GNV;05/06/2024;4,478;;R$ / m³;VIBRA
SE;MG;UBERLANDIA;AUTO POSTO 022 LTDA; 10.000.022/0001-54;RUA DAS FLORES;2712;;CENTRO;72296-662;DIESEL S10;05/06/2024;6,776;;R$ / litro;VIBRA
SE;MG;UBERLANDIA  ;AUTO POSTO 022 LTDA;10.000.022/0001-54;RUA DAS FLORES;2712;;CENTRO;72296-662;GASOLINA;05/06/2024;5,477;4,824;R$ / litro;VIBRA
SE;MG;UBERLANDIA  ;AUTO POSTO 023 LTDA;10.000.023/0001-61;RODOVIA BR 116;3103;;CENTRO;36365-830;DIESEL S10;05/06/2024;5,901;;R$ / litro;IPIRANGA
SE;MG;UBERLANDIA;AUTO POSTO 023 LTDA; 10000023000161 ;RODOVIA BR 116;3103;;CENTRO;36365-830;GNV;05/06/2024;5,086;4,646;R$ / m³;IPIRANGA
SE;MG;uberlandia;AUTO POSTO 024 LTDA; 10.000.024/0001-68;RUA QUINZE DE NOVEMBRO;505;;CENTRO;42493-330;GASOLINA ADITIVADA;05/06/2024;5,609;;R$ / litro;BRANCA
SE;MG;UBERLANDIA  ;AUTO POSTO 024 LTDA;10.000.024/0001-68;RUA QUINZE DE NOVEMBRO;505;;CENTRO;42493-330;ETANOL;05/06/2024;3,206;;R$ / litro;BRANCA
S;RS;PORTO ALEGRE;AUTO POSTO 025 LTDA;10.000.025/0001-75;RUA DAS FLORES;39;;CENTRO;19305-824;GASOLINA;05/06/2024;6,265;;R$ / litro;BRANCA
S;RS;PORTO ALEGRE;AUTO POSTO 025 LTDA; 10.000.025/0001-75;RUA DAS FLORES;39;;CENTRO;19305-824;GNV;05/06/2024;4,427;;R$ / m³;BRANCA
S;RS;PORTO ALEGRE;AUTO POSTO 026 LTDA; 10000026000182 ;AVENIDA PAULISTA;300;;CENTRO;77391-343;DIESEL S10;05/06/2024;6,452;;R$ / litro;IPIRANGA
S;RS;PORTO ALEGRE;AUTO POSTO 026 LTDA;10.000.026/0001-82;AVENIDA PAULISTA;300;;CENTRO;77391-343;GASOLINA ADITIVADA;05/06/2024;6,205;5,476;R$ / litro;IPIRANGA
S;RS;PORTO ALEGRE;AUTO POSTO 026 LTDA;10.000.026/0001-82;AVENIDA PAULISTA;300;;CENTRO;77391-343;ETANOL;05/06/2024;4,447;;R$ / litro;IPIRANGA
S;RS;PORTO ALEGRE;AUTO POSTO 027 LTDA; 10000027000189 ;RUA DAS FLORES;2972;;CENTRO;84847-690;DIESEL S10;05/06/2024;6,022;5,350;R$ / litro;RAIZEN
S;RS;PORTO ALEGRE;AUTO POSTO 027 LTDA;10.000.027/0001-89;RUA DAS FLORES;2972;;CENTRO;84847-690;GNV;05/06/2024;4,236;3,617;R$ / m³;RAIZEN
S;RS;PORTO ALEGRE;AUTO POSTO 028 LTDA; 10000028000196 ;RUA DAS FLORES;396;;CENTRO;22704-774;DIESEL S10;05/06/2024;6,044;5,332;R$ / litro;RAIZEN
S;RS;PORTO ALEGRE;AUTO POSTO 028 LTDA; 10.000.028/0001-96;RUA DAS FLORES;396;;CENTRO;22704-774;GNV;05/06/2024;4,638;;R$ / m³;RAIZEN
S;RS;PORTO ALEGRE;AUTO POSTO 028 LTDA;10.000.028/0001-96;RUA DAS FLORES;396;;CENTRO;22704-774;GASOLINA ADITIVADA;05/06/2024;6,013;5,517;R$ / litro;RAIZEN
S;RS;CAXIAS DO SUL;AUTO POSTO 029 LTDA; 10000029000103 ;AVENIDA BRASIL;2768;;CENTRO;22899-162;ETANOL;05/06/2024;3,782;;R$ / litro;RAIZEN
S;RS;CAXIAS DO SUL;AUTO POSTO 029 LTDA; 10.000.029/0001-03;AVENIDA BRASIL;2768;;CENTRO;22899-162;GASOLINA;05/06/2024;6,280;;R$ / litro;RAIZEN
S;RS;CAXIAS DO SUL;AUTO POSTO 029 LTDA;10.000.029/0001-03;AVENIDA BRASIL;2768;;CENTRO;22899-162;DIESEL S10;05/06/2024;6,150;5,676;R$ / litro;RAIZEN
S;RS;CAXIAS DO SUL;AUTO POSTO 030 LTDA; 10.000.030/0001-10;RUA DAS FLORES;789;;CENTRO;80292-559;GASOLINA ADITIVADA;05/06/2024;5,996;5,062;R$ / litro;VIBRA
S;RS;CAXIAS DO SUL;AUTO POSTO 030 LTDA; 10000030000110 ;RUA DAS FLORES;789;;CENTRO;80292-559;ETANOL;05/06/2024;4,405;;R$ / litro;VIBRA
S;RS;CAXIAS DO SUL;AUTO POSTO 030 LTDA; 10.000.030/0001-10;RUA DAS FLORES;789;;CENTRO;80292-559;GNV;05/06/2024;4,552;3,986;R$ / m³;VIBRA
S;RS;CAXIAS DO SUL;AUTO POSTO 031 LTDA;10.000.031/0001-17;RUA DAS FLORES;3591;;CENTRO;19880-553;GASOLINA;05/06/2024;5,953;;R$ / litro;ALESAT
S;RS;CAXIAS DO SUL;AUTO POSTO 031 LTDA;10.000.031/0001-17;RUA DAS FLORES;3591;;CENTRO;19880-553;GNV;05/06/2024;4,243;;R$ / m³;ALESAT
S;RS;CAXIAS DO SUL  ;AUTO POSTO 032 LTDA;10.000.032/0001-24;AVENIDA BRASIL;3804;;CENTRO;40982-270;DIESEL S10;05/06/2024;6,309;;R$ / litro;RAIZEN
S;RS;CAXIAS DO SUL;AUTO POSTO 032 LTDA;10.000.032/0001-24;AVENIDA BRASIL;3804;;CENTRO;40982-270;GASOLINA ADITIVADA;05/06/2024;5,707;;R$ / litro;RAIZEN
S;RS;CAXIAS DO SUL;AUTO POSTO 032 LTDA; 10000032000124 ;AVENIDA BRASIL;3804;;CENTRO;40982-270;GNV;05/06/2024;4,254;;R$ / m³;RAIZEN
NE;BA;SALVADOR  ;AUTO POSTO 033 LTDA; 10.000.033/0001-31;AVENIDA BRASIL;684;;CENTRO;59672-102;DIESEL S10;05/06/2024;6,568;5,622;R$ / litro;RAIZEN
NE;BA;SALVADOR;AUTO POSTO 034 LTDA; 10.000.034/0001-38;RODOVIA BR 116;2721;;CENTRO;73788-258;GASOLINA ADITIVADA;05/06/2024;6,413;;R$ / litro;VIBRA
NE;BA;SALVADOR;AUTO POSTO 034 LTDA;10.000.034/0001-38;RODOVIA BR 116;2721;;CENTRO;73788-258;GASOLINA;05/06/2024;5,474;;R$ / litro;VIBRA
NE;BA;SALVADOR;AUTO POSTO 034 LTDA;10.000.034/0001-38;RODOVIA BR 116;2721;;CENTRO;73788-258;ETANOL;05/06/2024;3,615;3,317;R$ / litro;VIBRA
NE;BA;SALVADOR;AUTO POSTO 035 LTDA; 10.000.035/0001-45;RODOVIA BR 116;259;;CENTRO;51104-158;DIESEL S10;05/06/2024;6,863;;R$ / litro;BRANCA
NE;BA;SALVADOR;AUTO POSTO 035 LTDA; 10.000.035/0001-45;RODOVIA BR 116;259;;CENTRO;51104-158;GASOLINA ADITIVADA;05/06/2024;5,585;5,172;R$ / litro;BRANCA
NE;BA;SALVADOR;AUTO POSTO 035 LTDA;10.000.035/0001-45;RODOVIA BR 116;259;;CENTRO;51104-158;GASOLINA;05/06/2024;6,229;;R$ / litro;BRANCA
NE;BA;SALVADOR;AUTO POSTO 036 LTDA; 10.000.036/0001-52;RODOVIA BR 116;338;;CENTRO;34356-170;GASOLINA ADITIVADA;05/06/2024;6,258;;R$ / litro;ALESAT
NE;BA;SALVADOR;AUTO POSTO 036 LTDA;10.000.036/0001-52;RODOVIA BR 116;338;;CENTRO;34356-170;DIESEL S10;05/06/2024;5,811;5,382;R$ / litro;ALESAT
NE;BA;FEIRA DE SANTANA;AUTO POSTO 037 LTDA;10.000.037/0001-59;AVENIDA BRASIL;3866;;CENTRO;84668-352;GASOLINA;05/06/2024;5,524;;R$ / litro;ALESAT
NE;BA;FEIRA DE SANTANA;AUTO POSTO 037 LTDA;10.000.037/0001-59;AVENIDA BRASIL;3866;;CENTRO;84668-352;GNV;05/06/2024;5,138;;R$ / m³;ALESAT
NE;BA;FEIRA DE SANTANA;AUTO POSTO 037 LTDA; 10.000.037/0001-59;AVENIDA BRASIL;3866;;CENTRO;84668-352;GASOLINA ADITIVADA;05/06/2024;5,621;;R$ / litro;ALESAT
NE;BA;FEIRA DE SANTANA;AUTO POSTO 038 LTDA;10.000.038/0001-66;RODOVIA BR 116;2325;;CENTRO;78522-423;ETANOL;05/06/2024;4,488;4,018;R$ / litro;IPIRANGA
NE;BA;FEIRA DE SANTANA;AUTO POSTO 038 LTDA; 10.000.038/0001-66;RODOVIA BR 116;2325;;CENTRO;78522-423;GASOLINA ADITIVADA;05/06/2024;5,931;;R$ / litro;IPIRANGA
NE;BA;FEIRA DE SANTANA;AUTO POSTO 039 LTDA; 10.000.039/0001-73;AVENIDA PAULISTA;1631;;CENTRO;27154-787;ETANOL;05/06/2024;3,390;2,869;R$ / litro;IPIRANGA
NE;BA;FEIRA DE SANTANA;AUTO POSTO 039 LTDA;10.000.039/0001-73;AVENIDA PAULISTA;1631;;CENTRO;27154-787;DIESEL S10;05/06/2024;6,509;5,719;R$ / litro;IPIRANGA
NE;BA;FEIRA DE SANTANA;AUTO POSTO 040 LTDA;10.000.040/0001-80;RUA QUINZE DE NOVEMBRO;2554;;CENTRO;83792-202;GASOLINA ADITIVADA;05/06/2024;5,631;4,953;R$ / litro;BRANCA
NE;BA;FEIRA DE SANTANA;AUTO POSTO 040 LTDA;10.000.040/0001-80;RUA QUINZE DE NOVEMBRO;2554;;CENTRO;83792-202;ETANOL;05/06/2024;4,495;;R$ / litro;BRANCA
NE;BA;FEIRA DE SANTANA;AUTO POSTO 040 LTDA;10.000.040/0001-80;RUA QUINZE DE NOVEMBRO;2554;;CENTRO;83792-202;GASOLINA;05/06/2024;6,028;;R$ / litro;BRANCA
N;AM;MANAUS;AUTO POSTO 041 LTDA; 10.000.041/0001-87;AVENIDA PAULISTA;3618;;CENTRO;19016-350;GASOLINA ADITIVADA;05/06/2024;6,498;5,688;R$ / litro;IPIRANGA
N;AM;MANAUS;AUTO POSTO 041 LTDA;10.000.041/0001-87;AVENIDA PAULISTA;3618;;CENTRO;19016-350;DIESEL S10;05/06/2024;6,168;5,270;R$ / litro;IPIRANGA
N;AM;MANAUS  ;AUTO POSTO 041 LTDA; 10.000.041/0001-87;AVENIDA PAULISTA;3618;;CENTRO;19016-350;ETANOL;05/06/2024;3,439;3,055;R$ / litro;IPIRANGA
N;AM;MANAUS  ;AUTO POSTO 042 LTDA;10.000.042/0001-94;AVENIDA PAULISTA;2515;;CENTRO;79329-108;GASOLINA;05/06/2024;5,541;4,820;R$ / litro;ALESAT
N;AM;MANAUS;AUTO POSTO 043 LTDA; 10000043000101 ;AVENIDA BRASIL;3654;;CENTRO;24029-860;ETANOL;05/06/2024;4,291;3,699;R$ / litro;ALESAT
N;AM;MANAUS;AUTO POSTO 043 LTDA; 10000043000101 ;AVENIDA BRASIL;3654;;CENTRO;24029-860;GNV;05/06/2024;4,710;4,021;R$ / m³;ALESAT
N;AM;manaus;AUTO POSTO 044 LTDA;10.000.044/0001-08;RODOVIA BR 116;872;;CENTRO;54942-308;DIESEL S10;05/06/2024;6,110;;R$ / litro;IPIRANGA
N;AM;MANAUS;AUTO POSTO 044 LTDA; 10000044000108 ;RODOVIA BR 116;872;;CENTRO;54942-308;ETANOL;05/06/2024;3,634;;R$ / litro;IPIRANGA
N;AM;MANAUS;AUTO POSTO 044 LTDA; 10000044000108 ;RODOVIA BR 116;872;;CENTRO;54942-308;GASOLINA;05/06/2024;5,656;;R$ / litro;IPIRANGA
SE;MG;UBERLANDIA;AUTO POSTO 024 LTDA;10.000.024/0001-68;RUA QUINZE DE NOVEMBRO;505;;CENTRO;42493-330;GASOLINA ADITIVADA;14/02/2024;6,285;5,573;R$ / litro;BRANCA
S;RS;CAXIAS DO SUL;AUTO POSTO 030 LTDA; 10.000.030/0001-10;RUA DAS FLORES;789;;CENTRO;80292-559;GASOLINA ADITIVADA;17/01/2024;6,613;;R$ / litro;VIBRA
SE;SP;CAMPINAS;AUTO POSTO 012 LTDA;10.000.012/0001-84;RODOVIA BR 116;3599;;CENTRO;51245-317;GASOLINA ADITIVADA;14/02/2024;6,400;5,882;R$ / litro;RAIZEN
SE;MG;BELO HORIZONTE;AUTO POSTO 017 LTDA; 10.000.017/0001-19;AVENIDA PAULISTA;466;;CENTRO;48469-545;DIESEL S10;05/06/2024;6,869;6,071;R$ / litro;VIBRA
SE;MG;BELO HORIZONTE;AUTO POSTO 017 LTDA; 10.000.017/0001-19;AVENIDA PAULISTA;466;;CENTRO;48469-545;DIESEL S10;05/06/2024;6,869;6,071;R$ / litro;VIBRA
SE;SP;GUARULHOS;AUTO POSTO 008 LTDA; 10.000.008/0001-56;RUA QUINZE DE NOVEMBRO;1148;;CENTRO;69429-750;GNV;24/04/2024;5,035;4,481;R$ / m³;IPIRANGA
SE;SP;SAO PAULO;AUTO POSTO 003 LTDA; 10000003000121 ;RODOVIA BR 116;824;;CENTRO;81426-529;GASOLINA;27/03/2024;5,821;5,182;R$ / litro;VIBRA
SE;SP;CAMPINAS;AUTO POSTO 009 LTDA; 10000009000163 ;RUA DAS FLORES;2755;;CENTRO;44993-818;GASOLINA;14/02/2024;6,278;;R$ / litro;BRANCA
